country,IDN,IDN,IDN,IDN,IDN,IDN,IDN,IDN,IDN,IDN,IDN,IDN,IDN,IDN,IDN,IDN,IDN,IDN,IDN,IDN,IDN,IDN,IDN,IDN,IDN,IDN,IDN,IDN,IDN,IDN,IDN,IDN,IDN,IDN,IDN,IDN,IDN,IDN,IDN,IDN,IDN,IDN,IDN,IDN,IDN,IDN,IDN,IDN,IDN,IDN,IDN,IDN,IDN,IDN,IDN,IDN,IDN,IDN,IDN,IDN,IDN,IDN,IDN,IDN,IDN,IDN,IDN,IDN,IDN,IDN,IDN,IDN,IDN,IDN,IDN,IDN,IDN,IDN,IDN,IDN,IDN,IDN,IDN,IDN,IDN,IDN,IDN,IDN,IDN,IDN,IDN,IDN,IDN,IDN,IDN,IDN,IDN,IDN,IDN,IDN,IDN,IDN,IDN,IDN,IDN,IDN,IDN,IDN,IDN,IDN,IDN,IDN,IDN,IDN,IDN,IDN,IDN,IDN,IDN,IDN,IDN,IDN,IDN,IDN,IDN,IDN,IDN,IDN,IDN,IDN,IDN,IDN,IDN,IDN,IDN,IDN,IDN,IDN,IDN,IDN,IDN,IDN,IDN,IDN,IDN,IDN,IDN,IDN,IDN,IDN,IDN,IDN,IDN,IDN,IDN,IDN,IDN,IDN,IDN,IDN,IDN,IDN,IDN,IDN,IDN,IDN,IDN,IDN,IDN,IDN,IDN,IDN,IDN,IDN,IDN,IDN,IDN,IDN,IDN,IDN,IDN,IDN,IDN,IDN,IDN,IDN,IDN,IDN,IDN,IDN,IDN,IDN,IDN,IDN,IDN,IDN,IDN,IDN,IDN,IDN,IDN,IDN,IDN,IDN,IDN,IDN,IDN,IDN,IDN,IDN,IDN,IDN,IDN,IDN,IDN,IDN,IDN,IDN,IDN,IDN,IDN,IDN,IDN
subject,B6BLPI01,B6BLPI01,B6BLSE01,B6BLSE01,B6BLSI01,B6BLSI01,B6BLTD01,B6BLTD01,B6BLTT01,B6BLTT01,B6BLTT02,B6CACR00,B6CADB00,B6CATT00,B6CRPI01,B6CRPI01,B6CRSE01,B6CRSE01,B6CRSE02,B6CRSE03,B6CRSI01,B6CRSI01,B6CRTD01,B6CRTD01,B6CRTT01,B6CRTT01,B6DBPI01,B6DBPI01,B6DBSE01,B6DBSE01,B6DBSE02,B6DBSE03,B6DBSI01,B6DBSI01,B6DBTD01,B6DBTD01,B6DBTT01,B6DBTT01,B6EOTT01,B6FADI01,B6FADI02,B6FADI03,B6FAFD01,B6FAOI01,B6FAOI02,B6FAOI03,B6FAPI02,B6FAPI03,B6FAPI10,B6FARA01,B6FATC01,B6FATD01,B6FATT01,CCRETT01,CCUSMA02,CCUSSP02,CP010000,CP030000,CP040000,CP050000,CP060000,CP070000,CP080000,CP090000,CP100000,CP110000,CP120000,CPALTT01,CPALTT01,CPALTT01,CPALTT01,IR3OBD01,IR3TIB01,IRLTLT01,IRSTCB01,IRSTCI01,LCEAMN03,LFACTTFE,LFACTTFE,LFACTTMA,LFACTTMA,LFACTTTT,LFACTTTT,LFEAAGTT,LFEACNTT,LFEAICTT,LFEAINTT,LFEAMNTT,LFEASETT,LFEMTTFE,LFEMTTFE,LFEMTTMA,LFEMTTMA,LFEMTTTT,LFEMTTTT,LFEMTTTT,LFEMTTTT,LFESEETT,LFUNTTFE,LFUNTTFE,LFUNTTMA,LFUNTTMA,LFUNTTTT,LFUNTTTT,LRUNTTFE,LRUNTTMA,LRUNTTTT,LRUNTTTT,MABMM301,MABMM301,MABMM301,MABMM301,MABMM301,MANMM101,MANMM101,MANMM101,MANMM101,NAEXCP01,NAEXCP02,NAEXCP03,NAEXCP04,NAEXCP05,NAEXCP06,NAEXCP07,NAEXKP01,NAEXKP01,NAEXKP01,NAEXKP01,NAEXKP02,NAEXKP02,NAEXKP02,NAEXKP02,NAEXKP03,NAEXKP03,NAEXKP03,NAEXKP03,NAEXKP04,NAEXKP04,NAEXKP04,NAEXKP04,NAEXKP06,NAEXKP06,NAEXKP06,NAEXKP06,NAEXKP07,NAEXKP07,NAEXKP07,NAEXKP07,NAGICE01,NAGIGP01,P6DIDB01,P6DIDB02,P6DIDB03,P6DIEQ01,P6DIEQ02,P6DIEQ03,P6DITT01,P6DITT02,P6DITT03,P6FDTT01,P6FDTT02,P6FDTT03,P6OICD01,P6OICD02,P6OICD03,P6OILN01,P6OILN02,P6OILN03,P6OIOA01,P6OIOA02,P6OIOA03,P6OISD01,P6OISD02,P6OISD03,P6OITC01,P6OITC02,P6OITC03,P6OITT01,P6OITT02,P6OITT03,P6PIDB01,P6PIDB02,P6PIDB03,P6PIEQ01,P6PIEQ02,P6PIEQ03,P6PITT01,P6PITT02,P6PITT03,P6RATT01,P6RATT02,P6TTTT01,P6TTTT02,P6TTTT03,PRMNTO01,PRMNTO01,PRMNTO01,PRMNTO01,PWCWCP03,SPASTT01,SPASTT01,SPASTT01,XTEITT01,XTEITT01,XTEXVA01,XTEXVA01,XTEXVA01,XTEXVA01,XTEXVA01,XTEXVA01,XTEXVA01,XTIMVA01,XTIMVA01,XTIMVA01,XTIMVA01,XTIMVA01,XTIMVA01,XTIMVA01,XTNTVA01,XTNTVA01,XTNTVA01,XTNTVA01,XTNTVA01
measure,CXCU,CXCUSA,CXCU,CXCUSA,CXCU,CXCUSA,CXCU,CXCUSA,CXCU,CXCUSA,STSA,CXCU,CXCU,CXCU,CXCU,CXCUSA,CXCU,CXCUSA,STSA,STSA,CXCU,CXCUSA,CXCU,CXCUSA,CXCU,CXCUSA,CXCU,CXCUSA,CXCU,CXCUSA,STSA,STSA,CXCU,CXCUSA,CXCU,CXCUSA,CXCU,CXCUSA,CXCU,CXCU,CXCU,CXCU,CXCU,CXCU,CXCU,CXCU,CXCU,CXCU,CXCU,CXCU,CXCU,CXCU,CXCU,IXOB,ST,ST,IXNB,IXNB,IXNB,IXNB,IXNB,IXNB,IXNB,IXNB,IXNB,IXNB,IXNB,GP,GY,IXNB,IXOB,ST,ST,ST,ST,ST,ST,ST,STSA,ST,STSA,ST,STSA,ST,ST,ST,ST,ST,ST,ST,STSA,ST,STSA,GP,GPSA,ST,STSA,ST,ST,STSA,ST,STSA,ST,STSA,ST,ST,ST,STSA,GPSA,GYSA,IXOBSA,ST,STSA,GPSA,IXOBSA,ST,STSA,STSA,STSA,STSA,STSA,STSA,STSA,STSA,GPSA,GYSA,IXOBSA,STSA,GPSA,GYSA,IXOBSA,STSA,GPSA,GYSA,IXOBSA,STSA,GPSA,GYSA,IXOBSA,STSA,GPSA,GYSA,IXOBSA,STSA,GPSA,GYSA,IXOBSA,STSA,IXOBSA,IXOBSA,CXCU,CXCU,CXCU,CXCU,CXCU,CXCU,CXCU,CXCU,CXCU,CXCU,CXCU,CXCU,CXCU,CXCU,CXCU,CXCU,CXCU,CXCU,CXCU,CXCU,CXCU,CXCU,CXCU,CXCU,CXCU,CXCU,CXCU,CXCU,CXCU,CXCU,CXCU,CXCU,CXCU,CXCU,CXCU,CXCU,CXCU,CXCU,CXCU,CXCU,CXCU,CXCU,CXCU,CXCU,GPSA,GYSA,IXOB,IXOBSA,AL,GP,GY,IXOB,ST,STSA,CXML,CXMLSA,GPSA,GYSA,NCML,NCMLSA,STSA,CXML,CXMLSA,GPSA,GYSA,NCML,NCMLSA,STSA,CXML,CXMLSA,NCML,NCMLSA,STSA
unit,US Dollar,US Dollar,US Dollar,US Dollar,US Dollar,US Dollar,US Dollar,US Dollar,US Dollar,US Dollar,Percentage,US Dollar,US Dollar,US Dollar,US Dollar,US Dollar,US Dollar,US Dollar,Percentage,Percentage,US Dollar,US Dollar,US Dollar,US Dollar,US Dollar,US Dollar,US Dollar,US Dollar,US Dollar,US Dollar,Percentage,Percentage,US Dollar,US Dollar,US Dollar,US Dollar,US Dollar,US Dollar,US Dollar,US Dollar,US Dollar,US Dollar,US Dollar,US Dollar,US Dollar,US Dollar,US Dollar,US Dollar,US Dollar,US Dollar,US Dollar,US Dollar,US Dollar,Index,Rupiah,Rupiah,Index,Index,Index,Index,Index,Index,Index,Index,Index,Index,Index,Percentage,Percentage,Index,Index,Percentage,Percentage,Percentage,Percentage,Percentage,Rupiah,Persons,Persons,Persons,Persons,Persons,Persons,Persons,Persons,Persons,Persons,Persons,Persons,Persons,Persons,Persons,Persons,Percentage,Percentage,Persons,Persons,Persons,Persons,Persons,Persons,Persons,Persons,Persons,Percentage,Percentage,Percentage,Percentage,Percentage,Percentage,Index,Rupiah,Rupiah,Percentage,Index,Rupiah,Rupiah,Rupiah,Rupiah,Rupiah,Rupiah,Rupiah,Rupiah,Rupiah,Percentage,Percentage,Index,Rupiah,Percentage,Percentage,Index,Rupiah,Percentage,Percentage,Index,Rupiah,Percentage,Percentage,Index,Rupiah,Percentage,Percentage,Index,Rupiah,Percentage,Percentage,Index,Rupiah,Index,Index,US Dollar,US Dollar,US Dollar,US Dollar,US Dollar,US Dollar,US Dollar,US Dollar,US Dollar,US Dollar,US Dollar,US Dollar,US Dollar,US Dollar,US Dollar,US Dollar,US Dollar,US Dollar,US Dollar,US Dollar,US Dollar,US Dollar,US Dollar,US Dollar,US Dollar,US Dollar,US Dollar,US Dollar,US Dollar,US Dollar,US Dollar,US Dollar,US Dollar,US Dollar,US Dollar,US Dollar,US Dollar,US Dollar,US Dollar,US Dollar,US Dollar,US Dollar,US Dollar,US Dollar,Percentage,Percentage,Index,Index,Percentage,Percentage,Percentage,Index,Percentage,Percentage,US Dollar,US Dollar,Percentage,Percentage,Rupiah,Rupiah,Percentage,US Dollar,US Dollar,Percentage,Percentage,Rupiah,Rupiah,Percentage,US Dollar,US Dollar,Rupiah,Rupiah,Percentage
powercode,Millions,Millions,Millions,Millions,Millions,Millions,Millions,Millions,Millions,Millions,Units,Millions,Millions,Millions,Millions,Millions,Millions,Millions,Units,Units,Millions,Millions,Millions,Millions,Millions,Millions,Millions,Millions,Millions,Millions,Units,Units,Millions,Millions,Millions,Millions,Millions,Millions,Millions,Millions,Millions,Millions,Millions,Millions,Millions,Millions,Millions,Millions,Millions,Millions,Millions,Millions,Millions,Units,Units,Units,Units,Units,Units,Units,Units,Units,Units,Units,Units,Units,Units,Units,Units,Units,Units,Units,Units,Units,Units,Units,Thousands,Thousands,Thousands,Thousands,Thousands,Thousands,Thousands,Thousands,Thousands,Thousands,Thousands,Thousands,Thousands,Thousands,Thousands,Thousands,Thousands,Units,Units,Thousands,Thousands,Thousands,Thousands,Thousands,Thousands,Thousands,Thousands,Thousands,Units,Units,Units,Units,Units,Units,Units,Trillions,Trillions,Units,Units,Trillions,Trillions,Billions,Billions,Billions,Billions,Billions,Billions,Billions,Units,Units,Units,Trillions,Units,Units,Units,Trillions,Units,Units,Units,Trillions,Units,Units,Units,Trillions,Units,Units,Units,Trillions,Units,Units,Units,Trillions,Units,Units,Millions,Millions,Millions,Millions,Millions,Millions,Millions,Millions,Millions,Millions,Millions,Millions,Millions,Millions,Millions,Millions,Millions,Millions,Millions,Millions,Millions,Millions,Millions,Millions,Millions,Millions,Millions,Millions,Millions,Millions,Millions,Millions,Millions,Millions,Millions,Millions,Millions,Millions,Millions,Millions,Millions,Millions,Millions,Millions,Units,Units,Units,Units,Units,Units,Units,Units,Units,Units,Billions,Billions,Units,Units,Billions,Billions,Units,Billions,Billions,Units,Units,Billions,Billions,Units,Billions,Billions,Billions,Billions,Units
reference_period,,,,,,,,,,,,,,,,,,,,,,,,,,,,,,,,,,,,,,,,,,,,,,,,,,,,,,2015=100,,,2018=100,2018=100,2018=100,2018=100,2018=100,2018=100,2018=100,2018=100,2018=100,2018=100,2018=100,,,2012=100,2015=100,,,,,,,,,,,,,,,,,,,,,,,,,,,,,,,,,,,,,,,,2015=100,,,,2015=100,,,,,,,,,,,,2015=100,,,,2015=100,,,,2015=100,,,,2015=100,,,,2015=100,,,,2015=100,,2015=100,2015=100,,,,,,,,,,,,,,,,,,,,,,,,,,,,,,,,,,,,,,,,,,,,,,,2015=100,2015=100,,,,2015=100,,,,,,,,,,,,,,,,,,,,,
time,,,,,,,,,,,,,,,,,,,,,,,,,,,,,,,,,,,,,,,,,,,,,,,,,,,,,,,,,,,,,,,,,,,,,,,,,,,,,,,,,,,,,,,,,,,,,,,,,,,,,,,,,,,,,,,,,,,,,,,,,,,,,,,,,,,,,,,,,,,,,,,,,,,,,,,,,,,,,,,,,,,,,,,,,,,,,,,,,,,,,,,,,,,,,,,,,,,,,,,,,,,,,,,,,,,,,,,,,,,,,,,
1967,,,,,,,,,,,,,,,,,,,,,,,,,,,,,,,,,,,,,,,,,,,,,,,,,,,,,,,149.583333333333,235.0,,,,,,,,,,,,,,,,,,,,,,,,,,,,,,,,,,,,,,,,,,,,,,,,,,,,,,,,,,,,,,,,,,,,,,,,,,,,,,,,,,,,,,,,,,,,,,,,,,,,,,,,,,,,,,,,,,,,,,,,,,,,,,,,,,,,,,,,,,,,,,,,,,,,,,,,,,,,,,,,,,,,,,,
1968,,,,,,,,,,,,,,,,,,,,,,,,,,,,,,,,,,,,,,,,,,,,,,,,,,,,,,,296.291666666667,326.0,,,,,,,,,,,,,,0.81011769275,0.672734164186954,,,,,,,,,,,,,,,,,,,,,,,,,,,,,,,,,,,,,,,,,,,,,,,,,,,,,,,,,,,,,,,,,,,,,,,,,,,,,,,,,,,,,,,,,,,,,,,,,,,,,,,,,,,,,,,,,,,,,,,,,,,,,,,,,,,,,,,,,,,,,,,,,,,,,,,,
1969,,,,,,,,,,,,,,,,,,,,,,,,,,,,,,,,,,,,,,,,,,,,,,,,,,,,,,,326.0,326.0,,,,,,,,,,,,15.4798761594302,15.4798761594302,0.935522908333333,0.776872579685272,,,,,,,,,,,,,,,,,,,,,,,,,,,,,,,,,,,,,,,,,,,,,,,,,,,,,,,,,,,,,,,,,,,,,,,,,,,,,,,,,,,,,,,,,,,,,,,,,,,,,,,,,,,,,,,,,,,,,,,,,,,,,,,,,,,,,,,,,,,,,,,,,,,,,,,,
1970,,,,,,,,,,,,,,,,,,,,,,,,,,,,,,,,,,,,,,,,,,,,,,,,,,,,,,287.097266490302,362.833333333333,378.0,,,,,,,,,,,,12.3994638061108,12.3994638061108,1.05152273275,0.873200614022947,,,,,,,,,,,,,,,,,,,,,,,,,,,,,,,,,,,,,,,,,,,,,,,,,,,,,,,,,,,,,,,,,,,,,,,,,,,,,,,,,,,,,,,,,,,,,,,,,,,,,,,,,,,,,,,,,,,,,,,,,,,,,,,,,,,,,,,,,,,,,,,,,,,,,,,,
1971,,,,,,,,,,,,,,,,,,,,,,,,,,,,,,,,,,,,,,,,,,,,,,,,,,,,,,258.196141850685,391.875,415.0,,,,,,,,,,,,4.23375075784036,4.23375075784036,1.09604158441667,0.91016975163661,,,,,,,,,,,,,,,,,,,,,,,,,,,,,,,,,,,,,,,,,,,,,,,,,,,,,,,,,,,,,,,,,,,,,,,,,,,,,,,,,,,,,,,,,,,,,,,,,,,,,,,,,,,,,,,,,,,,,,,,,,,,,,,,,,,,,,,,,,,,,,,,,,,,,,,,
1972,,,,,,,,,,,,,,,,,,,,,,,,,,,,,,,,,,,,,,,,,,,,,,,,,,,,,,228.823104666099,415.0,415.0,,,,,,,,,,,,6.52173911704669,6.52173911704669,1.16752255716667,0.969528648360622,,,,,,,,,,,,,,,,,,,,,,,,,,,,,,,,,,,,,,,,,,,,,,,,,,,,,,,,,,,,,,,,,,,,,,,,,,,,,,,,,,,,,,,,,,,,,,,,,,,,,,,,,,,,,,,,,,,,,,,,,,,,,,,,,,,,,,,,,,,,,,,,,,,,,,,,
1973,,,,,,,,,,,,,,,,,,,,,,,,,,,,,,,,,,,,,,,,,,,,,,,,,,,,,,245.390437552226,415.0,415.0,,,,,,,,,,,,31.0418904493106,31.0418904493106,1.52994363033333,1.27048866925941,,,,,,,,,,,,,,,,,,,,,,,,,,,,,,,,,,,,,,,,,,,,,,,,,,,,,,,,,,,,,,,,,,,,,,,,,,,,,,,,,,,,,,,,,,,,,,,,,,,,,,,,,,,,,,,,,,,,,,,,,,,,,,,,,,,,,,,,,,,,,,,,,,,,,,,,
1974,,,,,,,,,,,,,,,,,,,,,,,,,,,,,,,,,,,,,,,,,,,,,,,,,,,,,,299.460862618187,415.0,415.0,,,,,,,,,,,,40.4918032850461,40.4918032850461,2.1494453955,1.78493244197473,,,,,,,,,,,,,,,,,,,,,,,,,,,,,,,,,,,,,,,,,,,,,,,,,,,,,,,,,,,,,,,,,,,,,,,,,,,,,,,,,,,,,,,,,,,,,,,,,,,,,,,,,,,,,,,,,,,,,,,,,,,,,,,,,,,,,,,,,,,,,,,,,,,,,,,,
1975,,,,,,,,,,,,,,,,,,,,,,,,,,,,,,,,,,,,,,,,,,,,,,,,,,,,,,324.118911971864,414.999999999,415.0,,,,,,,,,,,,19.1656942776552,19.1656942776552,2.56140152866667,2.12702713686629,,,,,,,,,,,,,,,,,,,,,,,,,,,,,,,,,,,,,,,,,,,,,,,,,,,,,,,,,,,,,,,,,,,,,,,,,,,,,,,,,,,,,,,,,,,,,,,,,,,,,,,,,,,,,,,,,,,,,,,,,,,,,,,,,,,,,,,,,,,,,,,,,,,,,,,,
1976,,,,,,,,,,,,,,,,,,,,,,,,,,,,,,,,,,,,,,,,,,,,,,,,,,,,,,370.079831285159,414.999999999,415.0,,,,,,,,,,,,19.8286413765715,19.8286413765715,3.069292652,2.54878771981786,,,,,,,,,,,49443.236,49443.236,,,,,,,,,,,,,48314.644,48314.644,,,,,,1128.592,1128.592,,,2.28,2.28,,,,,,,,,,,,,,,,,,,,,,,,,,,,,,,,,,,,,,,,,,,,,,,,,,,,,,,,,,,,,,,,,,,,,,,,,,,,,,,,,,,,,,,,,,,,,,,,,,,,,,,,,,,,,,,,,,,
1977,,,,,,,,,,,,,,,,,,,,,,,,,,,,,,,,,,,,,,,,,,,,,,,,,,,,,,366.158027684085,414.999999999,415.0,,,,,,,,,,,,11.052093963592,11.052093963592,3.40851375991667,2.83048213354463,,,,,,,,,,,48430.954,48430.954,,,,,,,,,,,-2.08716636719915,-2.08716636719915,47306.237,47306.237,,,,,,1124.717,1124.717,,,2.32,2.32,,,,,,,,,,,,,,,,,,,,,,,,,,,,,,,,,,,,,,,,,,,,,,,,,,,,,,,,,,,,,,,,,,,,,,,,,,,,,,,,,,,,,,,,,,,,,,,,,,,,,,,,,,,,,,,,,,,
1978,,,,,,,,,,,,,,,,,,,,,,,,,,,,,,,,,,,,,,,,,,,,,,,,,,,,,,315.046766472997,442.045416665917,625.0,,,,,,,,,,,,8.11258278466687,8.11258278466687,3.68503226041667,3.06010733983364,,,,,,,,,,,53097.095,53097.095,,,,,,,,,,,9.45778460459664,9.45778460459664,51780.359,51780.359,,,,,,1316.736,1316.736,,,2.48,2.48,,,,,,,,,,,,,,,,,,,,,,,,,,,,,,,,,,,,,,,,,,,,,,,,,,,,,,,,,,,,,,,,,,,,,,,,,,,,,,,,,,,,,,,,,,,,,,,,,,,,,,,,,,,,,,,,,,,
1979,,,,,,,,,,,,,,,,,,,,,,,,,,,,,,,,,,,,,,,,,,,,,,,,,,,,,,238.2600268252,623.055499999083,627.0,,,,,,,,,,,,16.2327718292222,16.2327718292222,4.28321513908333,3.55684758203812,,,,,,,,,,,,,,,,,,,,,,,,,,,,,,,,,,,,,,,,,,,,,,,,,,,,,,,,,,,,,,,,,,,,,,,,,,,,,,,,,,,,,,,,,,,,,,,,,,,,,,,,,,,,,,,,,,,,,,,,,,,,,,,,,,,,,,,,,,,,,,,,,,,,,,,,
1980,,,,,,,,,,,,,,,,,,,,,,,,,,,,,,,,,,,,,,,,,,,,,,,,,,,,,,256.345278578599,626.993999998583,626.75,,,,,,,,,,,,18.0354267277203,18.0354267277203,5.05571126708333,4.19834022151329,,,,,,,,,,,,,,,,,,,,,,,,,,,,,,,,,,,,,,,,,,,,,,,,,,,,,,,,,,,,,,,,,,,,,,,,,,,,,,,,,,,,,,,,,,,,,,,,,,,,,,,,,,,,,,,,,,,,,,,,,,,,,,,,,,,,,,,,,,,,,,,,,,,,,,,,
1981,,,,,,,,,,,,,,,,,,,,,,,,,,,,,,,,,,,,,,,,,,,,,,,,,,,,,,279.355853441468,631.756666664167,644.0,,,,,,,,,,,,12.2659059871067,12.2659059871067,5.67584005808333,4.713304686103,,,,,,,,,,,,,,,,,,,,,,,,,,,,,,,,,,,,,,,,,,,,,,,,,,,,,,,,,,,,,,,,,,,,,,,,,,,,,,,,,,,,,,,,,,,,,,,,,,,,,,,,,,,,,,,,,,,,,,,,,,,,,,,,,,,,,,,,,,,,,,,,,,,,,,,,
1982,,,,,,,,,,,,,,,,,,,,,,,,,,,,,,,,,,,,,,,,,,,,,,,,,,,,,,304.066026653406,661.42074999925,692.5,,,,,,,,,,,,9.44542642611105,9.44542642611105,6.21194735483333,5.1584964124673,,,,,,,,,,,59598.626,59598.626,,,,,,,,,,,,,57802.801,57802.801,,,,,,1795.825,1795.825,,,3.01,3.01,,,,,,,,,,,,,,,,,,,,,,,,,,,,,,,,,,,,,,,,,,,,,,,,,,,,,,,,,,,,,,,,,,,,,,,,,,,,,,,,,,,,,,,,,,,,,,,,,,,,,,,,,,,,,,,,,,,
1983,,,,,,,,,,,,,,,,,,,,,,,,,,,,,,,,,,,,,,,,,,,,,,,,,,,,,,248.412387635908,909.264833332,994.0,,,,,,,,,,,,11.7997375602303,11.7997375602303,6.94494084008333,5.76718545119234,,,,,,,,,,,,,,,,,,,,,,,,,,,,,,,,,,,,,,,,,,,,,,,,,,,,,,,,,,,,,,,,,,,,,,,,,,,,,,,,,,,,,,,,,,,,,,,,,,,,,,,,,,,,,,,,,,,,,,,,,,,,,,,,,,,,,,,,,,,,,,,,,,,,,,,,
1984,,,,,,,,,,,,,,,,,,,,,,,,,,,,,,,,,,,,,,,,,,,,,,,,,,,,,,240.302069118866,1025.9448333315,1074.0,,,,,,,,,,,,10.4550379185273,10.4550379185273,7.67103703833333,6.37014687694629,,,,,,,,,,,73331.579,73331.579,,,,,,,,,,,,,72216.939,72216.939,,,,,,1114.64,1114.64,,,1.52,1.52,,,,,,,,,,,,,,,,,,,,,,,,,,,,,,,,,,,,,,,,,,,,,,,,,,,,,,,,,,,,,,,,,,,,,,,,,,,,,,,,,,,,,,,,,,,,,,,,,,,,,,,,,,,,,,,,,,,
1985,,,,,,,,,,,,,,,,,,,,,,,,,,,,,,,,,,,,,,,,,,,,,,,,,,,,,,231.567473675496,1110.57999999967,1125.0,,,,,,,,,,,,4.72453817333425,4.72453817333425,8.0334581115,6.67110689784507,,,,,,,,,,,63825.613,63825.613,,,,,,,,,,,-13.5145620060136,-13.5145620060136,62457.136,62457.136,,,,,,1368.477,1368.477,,,2.14,2.14,,,,,,,,,,,,,,,,,,,,,,,,,,,,,,,,,,,,,,,,,,,,,,,,,,,,,,,,,,,,,,,,,,,,,,,,,,,,,,,,,,,,,,,,,,,,,,,,,,,,,,,,,,,,,,,,,,,
1986,,,,,,,,,,,,,,,,,,,,,,,,,,,,,,,,,,,,,,,,,,,,,,,,,,,,,,178.60967574766,1282.55999999975,1641.0,,,,,,,,,,,,5.82266625208048,5.82266625208048,8.50121956583334,7.05954318782611,,,,,,,,,,,67472.923,67472.923,,,,,,,,,,,5.12014351730761,5.12014351730761,65655.031,65655.031,,,,,,1817.892,1817.892,,,2.64,2.64,,,,,,,,,,,,,,,,,,,,,,,,,,,,,,,,,,,,,,,,,,,,,,,,,,,,,,,,,,,,,,,,,,,,,,,,,,,,,,,,,,,,,,,,,24.1694906225075,24.1694906225075,,,,,,,,,,,,,,,,,,,,,,,,,
1987,,,,,,,,,,,,,,,,,,,,,,,,,,,,,,,,,,,,,,,,,,,,,,,,,,,,,,130.497439461724,1643.84833333333,1650.0,,,,,,,,,,,,9.27865466605374,9.27865466605374,9.29001837175,7.71457382122542,,,,,,,,,,,69697.859,69697.859,,,,,,,,,,,3.38636806065936,3.38636806065936,67878.352,67878.352,,,,,,1819.507,1819.507,,,2.55,2.55,,,,,,,,,,,,,,,,,,,,,,,,,,,,,,,,,,,,,,,,,,,,,,,,,,,,,,,,,,,,,,,,,,,,,,,,,,,,,,,,,,,,,,,11.7908642664434,11.7908642664434,27.0192824556982,27.0192824556982,,,,,,,,,,,,,,,,,,,,,,,,,
1988,,,,,,,,,,,,,,,,,,,,,,,,,,,,,,,,,,,,,,,,,,,,,,,,,,,,,,125.857147032449,1685.70416666667,1731.0,,,,,,,,,,,,8.04535637973345,8.04535637973345,10.0374334575,8.33523877832062,,,,,,,,,,,71869.566,71869.566,,,,,,,,,,,2.87261835702788,2.87261835702788,69828.238,69828.238,,,,,,2041.328,2041.328,,,2.81,2.81,,,,,,,,,,,,,,,,,,,,,,,,,,,,,,,,,,,,,,,,,,,,,,,,,,,,,,,,,,,,,,,,,,,,,,,,,,,,,,,,,,,,,,,14.4252854432276,14.4252854432276,30.9168910746445,30.9168910746445,,,,,,,,,,,,,,,,,,,,,,,,,
1989,,,,,,,,,,,,,,,,,,,,,,,,,,,,,,,,,,,,,,,,,,,,,,,,,,,,,,126.79146696294,1770.05916666667,1797.0,,,,,,,,,,,,6.41554221564644,6.41554221564644,10.6813892383333,8.86998954091872,,,,,,,,,,,72783.51,72783.51,,,,,,,,,,,1.310826430992,1.310826430992,70743.565,70743.565,,,,,,2039.945,2039.945,,,2.87,2.87,,,,,,,,,,,,,,,,,,,,,,,,,,,,,,,,,,,,,,,,,,,,,,,,,,,,,,,,,,,,,,,,,,,,,,,,,,,,,,,,,,,,,,,12.0859939780942,12.0859939780942,34.65350466814,34.65350466814,,,,,,,,,,,,,,,,,,,,,,,,,
1990,,,,,,,,,,,,,,,,,,,,,,,,,,,,,,,,,,,,,,,,,,,,,,,,,,,,,,123.449171239586,1842.81333333333,1901.0,,,,,,,,,,,,7.8191957809131,7.8191957809131,11.516587975,9.56355138886966,,,,18.83,18.83,,,,,,77801.684,77801.684,,,,,,,,,,,7.2182324993093,7.2182324993093,75850.0,75850.0,,,,,,1951.684,1951.684,,,2.51,2.51,,,,71.0783333333333,71.0783333333333,,,23.819,23.819,253502.888080228,,,,,,,,,30.2856561661117,,,,26.230244459791,,,,33.1502438403375,,,,30.9212099065031,,,,23.0587874715064,,,,21.1423745181441,,,,,,,,,,,,,,,,,,,,,,,,,,,,,,,,,,,,,,,,,,,,,,,,13.7753380570479,13.7753380570479,39.4271420847912,39.4271420847912,,,,,120.193968108198,120.193968108198,25.675326,25.5705375894642,,,47397.99441361,47181.7658492145,18.5663656647762,21.877268,21.6803658694082,,,40413.1948311,40034.0421068618,15.7261687855578,3.798058,3.89017172005593,6984.79958251,7147.72374235268,2.84019687921842
1991,,,,,,,,,,,,,,,,,,,,,,,,,,,,,,,,,,,,,,,,,,,,,,,,,,,,,,120.899273979455,1950.3175,1992.0,,,,,,,,,,,,9.41906680481032,9.41906680481032,12.60134309,10.4643486830997,,,,18.47,18.47,,,,,,78413.675,78413.675,,,,,,,,,,,0.751483190507581,0.751483190507581,76420.0,76420.0,,,,,,1993.675,1993.675,,,2.46,2.46,,,2.04403579706231,89.3570833333333,89.3570833333333,,1.18150422623131,26.341,26.341,300511.708511707,,,,,,,8.92772558429459,8.92772558429459,32.9894764400252,,9.36673061189943,9.36673061189943,28.6871607971823,,9.26500352841734,9.26500352841734,36.2216151018237,,8.12111054414746,8.12111054414746,33.4323555445981,,22.3201578028981,22.3201578028981,28.2055452225815,,18.8232261293007,18.8232261293007,25.1220514827981,,,,,,,,,,,,,,,,,,,,,,,,,,,,,,,,,,,,,,,,,,,,,,,,10.9178424372384,10.9178424372384,43.7317353351148,43.7317353351148,,,,,113.259490842923,113.259490842923,29.142381,29.1431902653447,13.9717542635966,13.9717542635966,56856.8985998,56831.7161234943,18.931818862019,25.868842,25.9087851581738,19.5034498690449,19.5034498690449,50471.29944575,50533.0543954539,16.8306216377851,3.273539,3.2344051071709,6385.59915405,6298.66172804043,2.10119722423399
1992,,,,,,,,,,,,,,,,,,,,,,,,,,,,,,,,,,,,,,,,,,,,,,,,,,,,,,117.309774875273,2029.92083333333,2062.0,,,,,,,,,,,,7.52351096542253,7.52351096542253,13.5494065191667,11.2516351037327,,,,13.5,13.5,,,,,,80662.262,80662.262,,,,,,,,,,,2.74797173514787,2.74797173514787,78520.0,78520.0,,,,,,2142.262,2142.262,,,2.56,2.56,21.0243084186306,20.9932000610832,2.47378018722391,108.237,108.237,10.6981089258573,1.30790283531714,28.779,28.779,339494.536009693,,,,,,,6.52411798921207,6.52411798921207,35.1417488069957,,3.64882964927205,3.64882964927205,29.7339064258842,,6.61991973059003,6.61991973059003,38.6194569466877,,5.75496307650979,5.75496307650979,35.3563752617972,,13.0607045082125,13.0607045082125,31.8893881390332,,7.39202220573808,7.39202220573808,26.9790791069435,,,,,,,,,,,,,,,,,,,,,,,,,,,,,,,,,,,,,,,,,,,,,,,,11.0154763741067,11.0154763741067,48.5489943089412,48.5489943089412,,,,,124.860696166044,124.860696166044,33.967008,33.8499593580301,16.1504936481934,16.1504936481934,69019.31815741,68759.9383709828,20.2156289444719,27.279629,27.1468174234048,4.77842653629957,4.77842653629957,55392.80075936,55108.6042837102,16.2488204310823,6.687379,6.70314193462528,13626.51739805,13651.3340872726,3.96680851338962
1993,,,,,,,,,,,,,,,,,,,,,,,,,,,,,,,,,,,,,,,,,,,,,,,,,,,,,,121.649152825046,2087.10386666667,2110.0,,,,,,,,,,,,9.67189597182396,9.67189597182396,14.8598910225,12.339881546095,,,,8.82,8.82,,,,,,81401.987,81401.987,,,,,,,,,,,0.86602139582272,0.86602139582272,79200.0,79200.0,,,,,,2201.987,2201.987,,,2.78,2.78,19.3911521885332,19.4215562712612,2.95347466813828,129.331916666667,129.331916666667,17.7347323644918,1.53985590274823,36.805,36.805,396455.751177608,,,,,,,7.9554371385332,7.9554371385332,37.9374285427175,,20.0534321841183,20.0534321841183,35.6965751866881,,-0.961538461538483,-0.961538461538483,38.248116014508,,0.981768651681867,0.981768651681867,35.7034930704885,,-3.19615114544021,-3.19615114544021,30.8701550947536,,16.4329333054071,16.4329333054071,31.4125331830005,,8.4822175345179,,,,,,,,,,,,,,,,,,,,,,,,,,,,,,,,,,,,,,,,,,,,,,11.1525885306187,11.1525885306187,53.9634638799709,53.9634638799709,,,,,131.051274069878,131.051274069878,36.823,36.8301117243846,8.80400574438944,8.80400574438944,76869.79136712,76861.5095920456,19.4173531740767,28.3278,28.1928593999004,3.85327664816339,3.85327664816339,59157.44756788,58859.4361580407,14.8438328581198,8.4952,8.63725232448414,17712.34379924,18002.0734340048,4.57352031595696
1994,,,,,,,,,,,,,,,,,,,,,,,,,,,,,,,,,,,,,,,,,,,,,,,,,,,,,,120.970635425904,2160.753675,2200.0,,,,,,,,,,,,8.53200557177911,8.53200557177911,16.1277377525,13.3927209271587,,,,12.44,12.44,,,,,,85694.416,85694.416,,,,,,,,,,,3.58585858585859,3.58585858585859,82040.0,82040.0,,,,,,3654.416,3654.416,,,4.37,4.37,21.5339319626428,21.613747712119,3.58947389370906,157.075666666667,157.075666666667,26.181051562216,1.94300637063058,45.374,45.374,459503.573739507,,,,,,,7.53996880912155,7.53996880912155,40.7978988218212,,7.82743845305518,7.82743845305518,38.4907026392746,,2.3050271031398,2.3050271031398,39.1297454550828,,13.7557071698322,13.7557071698322,40.6147610266662,,9.94118840451589,9.94118840451589,33.9390153734893,,20.2952170751311,20.2952170751311,37.787774981288,,9.29990385765571,,,,,,,,,,,,,,,,,,,,,,,,,,,,,,,,,,,,,,,,,,,,,,8.9474254381213,8.9474254381213,58.7918045744589,58.7918045744589,,,,,125.56308069183,125.56308069183,40.0533,39.9800914582497,8.55272923806955,8.55272923806955,86638.65017582,86446.535420441,18.7937138229172,31.9886,32.0176785463737,13.5666237050323,13.5666237050323,69199.04834978,69236.0728777889,15.0476275477199,8.0647,7.96241291187594,17439.60182604,17210.4625426521,3.74608627519734
1995,,,,,,,,,,,,,,,,,,,,,,,,,,,,,,,,,,,,,,,,,,,,,,,,,,,,,,117.07454269715,2248.607975,2308.0,,,,,,,,,,,,9.42031802588779,9.42031802588779,17.6470219391667,14.6543578308167,,,,13.99,13.99,,,,,,,,,,,,,,,,,,-2.35251097025841,-2.35251097025841,80110.0,80110.0,,,,,,,,,,7.24,7.24,24.4943178313317,24.3619021494385,4.46869103770684,196.025166666667,196.025166666667,17.2972190052823,2.27909243784513,52.677,52.677,546415.864767258,,,,,,,8.22014606888267,8.22014606888267,44.1515456980099,,12.5843678401785,12.5843678401785,43.3345142436703,,1.34022718164678,1.34022718164678,39.654172939781,,13.9948675815761,13.9948675815761,46.2987430509218,,7.72127613732074,7.72127613732074,36.5595404687641,,20.939007964705,20.939007964705,45.7001601943048,,10.1345533682956,,,,,,,,,,,,,,,,,,,,,,,,,,,,,,,,,,,,,,,,,,,,,,9.52592207315395,9.52592207315395,64.3922660636228,64.3922660636228,,,,,112.225173243936,112.225173243936,45.4182,45.3805086782448,13.5077660480958,13.5077660480958,102245.70854651,102112.790091111,18.6749794273123,40.6541,40.5748430356721,26.7263739215333,26.7263739215333,91493.23786561,91288.7042489391,16.7010997371429,4.7641,4.80566564257268,10752.4706809,10824.0858421722,1.97387969016932
1996,,,,,,,,,,,,,,,,,,,,,,,,,,,,,,,,,,,,,,,,,,,,,,,,,,,,,,125.815229130075,2342.29629166667,2383.0,,,,,,,,,,,,7.97328028311938,7.97328028311938,19.05406846,15.822790854359,,,,12.8,12.8,,,,,,89988.634,89988.634,,,,,,,,,,,6.98040194732243,6.98040194732243,85702.0,85702.0,,,,,,4286.634,4286.634,,,4.89,4.89,28.1242606461572,28.1198852513887,5.72547735262298,251.31825,251.31825,19.0516391553966,2.71329690512132,64.089,64.089,640252.093977655,,,,,,,7.81799246416491,7.81799246416491,47.6033102134926,,9.72091661138277,9.72091661138277,47.5470262372452,,2.69297841857209,2.69297841857209,40.7220512591126,,14.5143896414512,14.5143896414512,53.0187230164269,,7.55991612747016,7.55991612747016,39.3234110647912,,6.86475859081365,6.86475859081365,48.8373658672589,,10.9599976297027,,,,,,,,,,,,,,,,,,,,,,,,,,,,,,,,,,,,,,,,,,,,,,0.593608581485011,0.593608581485011,64.7745040807891,64.7745040807891,,,,,116.4685070999,116.4685070999,49.8147,49.7413520842194,9.60950754627654,9.60950754627654,116737.970732,116539.812358265,18.226334617649,42.9286,42.8027731666665,5.49091497171215,5.49091497171215,100593.2399283,100274.329165883,15.7081170630643,6.8861,6.93857891755285,16144.7308037,16265.4831923812,2.51821755458472
1997,,,,,,,,,,,,,,,,,,,,,,,,,,,,,,,,,,,,,,,,,,,,,,,,,,,,,,119.326018175119,2909.38,4650.0,,,,,,,,,,,,6.22614189540214,6.22614189540214,20.2404017991667,16.8079402647641,,,,20.0,20.0,,,,,,91247.306,91247.306,,,,,,,,,,,1.57289211453642,1.57289211453642,87050.0,87050.0,,,,,,4197.306,4197.306,,,4.68,4.68,26.0861229077423,26.2243616753597,7.21903241188316,316.160083333333,316.160083333333,18.7732169662944,3.2226700200595,78.343,78.343,754614.047840166,,,,,,,4.69990415608783,4.69990415608783,49.8406201686519,,7.82047979854963,7.82047979854963,51.2654318189401,,0.0612346676598898,0.0612346676598898,40.7469872718654,,8.56800307074048,8.56800307074048,57.5613688325417,,7.79997401936448,7.79997401936448,42.3906269113728,,14.7159756710005,14.7159756710005,56.0242607466422,,11.8508672011174,,,,,,,,,,,,,,,,,,,,,,,,,,,,,,,,,,,,,,,,,,,,,,5.41578150817123,5.41578150817123,68.2825496948061,68.2825496948061,1.95276800398264,,,,128.857828420927,128.857828420927,53.4436,53.42366104022,7.40291287170058,7.40291287170058,156757.81673,155657.907506589,20.4224312002022,41.6798,41.3680137633727,-3.35202440670636,-3.35202440670636,120212.490379,118232.574197881,15.6046213449571,11.7638,12.0556472768473,36545.326351,37425.3333087081,4.81780985524512
1998,,,,,,,,,,,,,,,,,,,,,,,,,,,,,,,,,,,,,,,,,,,,,,,,,,,,,,57.4163119966001,10013.6225,8025.0,,,,,,,,,,,,58.4510532772811,58.4510532772811,32.0711298383333,26.6323583837349,39.0666666666667,39.0666666666667,,38.44,38.44,,,,,,92734.483,92734.483,,,,,,,,,,,0.714531878230902,0.714531878230902,87672.0,87672.0,,,,,,5062.483,5062.483,,,5.46,5.46,60.6402361947795,60.2695677488688,11.5966707174268,512.663583333333,512.663583333333,48.86316658859,4.79736864056171,101.197,101.197,1149004.66358524,,,,,,,-13.1267485739623,-13.1267485739623,43.2981672714095,,-6.16831717825125,-6.16831717825125,48.1032173815477,,-15.3715363650129,-15.3715363650129,34.4835493057234,,-33.0081481189905,-33.0081481189905,38.5614269489779,,11.183175013763,11.183175013763,47.131244908303,,-5.29013327267357,-5.29013327267357,53.0605026881147,,21.132696103819,,,,,,,,,,,,,,,,,,,,,,,,,,,,,,,,,,,,,,,,,,,,,,-18.2359410707112,-18.2359410707112,55.8305841708822,55.8305841708822,2.0116392913824,,,8.52237122032764,179.461022805141,179.461022805141,48.8476,48.8904315474321,-8.48543399033442,-8.48543399033442,494826.634809,494461.908241691,43.5334172654739,27.3369,27.4472812098448,-33.6509570731513,-33.6509570731513,273667.935317,274772.122981721,24.2023900328732,21.5107,21.4431503375873,221158.699492,219689.78525997,19.3310272326007
1999,,,,,,,,,,,,,,,,,,,,,,,,,,,,,,,,,,,,,,,,,,,,,,,,,,,,,,84.3958280792133,7855.15,7085.0,,,,,,,,,,,,20.4778290415892,20.4778290415892,38.6386009783333,32.0860872032995,25.7375,25.7375,,12.51,12.51,,,,,,94847.319,94847.319,,,,,,,,,,,1.30600419746327,1.30600419746327,88817.0,88817.0,,,,,,6030.319,6030.319,,,6.36,6.36,23.4319134454357,24.5981548250958,14.3139925624864,624.151333333333,624.151333333333,8.74596433929957,5.21694479108998,124.633,124.633,1322094.94320612,,,,,,,0.791152861456172,0.791152861456172,43.6407219607353,,4.63324932784713,4.63324932784713,50.3319593775511,,0.694799071116286,0.694799071116286,34.7231406859875,,-18.195453860757,-18.195453860757,31.5450003004272,,-31.8049814709236,-31.8049814709236,32.1411611982016,,-40.6752381218528,-40.6752381218528,31.4780168710719,,25.3522717520593,,,,,,,,,,,,,,,,,,,,,,,,,,,,,,,,,,,,,,,,,,,,,,1.91457314764849,1.91457314764849,56.8995015435932,56.8995015435932,2.01613863430776,29.7902924603885,29.7902924603885,11.0612105314232,202.062350025174,202.062350025174,48.6655,48.5022070874036,-0.794070430022436,-0.794070430022436,379607.14583,379156.948445461,28.6848685774787,24.0033,24.1072226745665,-12.1689959371289,-12.1689959371289,188170.16583,189441.923933223,14.3411647270996,24.6622,24.3949844128371,191436.98,189715.024512238,14.3437038503791
2000,,,,,,,,,,,,,,,,,,,,,,,,,,,,,,,,,,,,,,,,,,,,,,,,,,,,,,82.1258910116542,8421.775,9595.0,,,,,,,,,,,,3.68861770288354,3.68861770288354,40.0638312541667,33.2696202960431,12.5033333333333,12.5033333333333,,14.53,14.53,,,,,,95650.931,95650.931,,,,,,,,,,,1.14921692919148,1.14921692919148,89837.7,89837.7,,,,,,5813.231,5813.231,,,6.08,6.08,9.69064751352189,9.68520928912652,15.7011111268287,685.881083333333,685.881083333333,22.2579532503788,6.37812992378886,162.185,162.185,1520682.58851756,884078.07494939,103233.31457501,342520.188141076,,593887.394808808,451595.456828107,4.92004138630957,4.92004138630957,45.7878635424878,4112.90267242863,1.58304731646465,1.58304731646465,51.1287381098015,2546.43134940295,6.49100661501502,6.49100661501502,36.9770220448559,286.719085845578,16.7372529968174,16.7372529968174,36.8247668085565,1072.10005166988,26.4849189450446,26.4849189450446,40.6537216895414,814.890429481296,25.9339702392471,25.9339702392471,39.6415163983209,738.497249751373,26.1122454957779,28.8135678793507,,,,,,,,,,,,,,,,,,,,,,,,,,,,,,,,,,,,,,,,,,,,,3.58650122500592,3.58650122500592,58.9402028634764,58.9402028634764,1.94894242632535,-6.35500721498174,-6.35500721498174,10.358269804087,190.400649949002,190.400649949002,62.12395,62.149521149529,28.1375114281547,28.1375114281547,525421.624195,524384.14323001,34.3945099305544,33.5148,33.4921348872506,38.9298773208967,38.9298773208967,286092.47115,285271.109812686,18.5919431815902,28.60915,28.6573862622784,239329.153045,239113.033417323,15.8025667489642
2001,,,,,,,,,,,,,,,,,,,,,,,,,,,,,,,,,,,,,,,,,,,,,,,,,,,,,,78.9121901865832,10260.85,10400.0,,,,,,,,,,,,11.5001173771189,11.5001173771189,44.6712188741667,37.0956656810098,15.4816666666667,15.4816666666667,,17.62,17.62,523.525,,,,,98812.431,98812.431,,,,,,,,,,,1.07939094611728,1.07939094611728,90807.4,90807.4,,,,,,8005.031,8005.031,,,8.1,8.1,14.7980476521486,14.8259975236212,18.0245690332936,786.747333333333,786.747333333333,20.4951510210168,7.68533728398606,177.731,177.731,1801401.22511892,1072756.786529,128975.089465715,402107.242864855,,670123.604038466,540255.375779579,3.64346644721548,3.64346644721548,47.4561289875551,4262.7549013052,3.49413625120406,3.49413625120406,52.9152458828793,2635.40713029446,7.56369540767374,7.56369540767374,39.7738513631572,308.405644174604,6.49246849730968,6.49246849730968,39.2156031928097,1141.70580978419,0.644980256906917,0.644980256906917,40.9159301681368,820.146311866874,4.17986104532788,4.17986104532788,41.2984767000316,769.365408614548,30.6153427749781,32.9326735504229,-9342.0,-1625.0,7717.0,-7276.0,211.0,7487.0,-16616.0,-1413.0,15203.0,-79.0,0.0,79.0,9184.0,11986.0,2802.0,-121937.0,381.0,122318.0,123.0,981.0,858.0,0.0,0.0,0.0,0.0,0.0,0.0,-112630.0,13348.0,125978.0,-6935.0,1905.0,8840.0,-4458.0,17.0,4475.0,-11394.0,1921.0,13315.0,28016.0,28016.0,-112704.0,41871.0,154575.0,4.27079774335214,4.27079774335214,61.4574197172969,61.4574197172969,2.06742224137533,-20.5965229925612,-20.5965229925612,8.22482638225667,184.88948201783,184.88948201783,56.32314,56.4205740404108,-9.21800683763047,-9.21800683763047,577548.308076,578599.207217746,32.2185343749864,30.9621,31.1408413833966,-7.02043483274361,-7.02043483274361,318280.13811,320169.767736804,17.8645137444485,25.36104,25.2797326570143,259268.169966,258429.439480942,14.3540206305379
2002,,,,,,,,,,,,,,,,,,,,,,,,,,,,,,,,,,,,,,,,,,,,,,,,,,,,,,95.7868054428274,9311.19166666667,8940.0,,,,,,,,,,,,11.9001165082175,11.9001165082175,49.9871459658333,41.5100931165488,15.5025,15.5025,,12.93,12.93,657.525,,,,,100779.304,100779.304,,,,,,,,,,,0.9248144974969,0.9248144974969,91647.2,91647.2,,,,,,9132.104,9132.104,,,9.06,9.06,8.28554867726825,8.35838784489456,19.518003474415,849.401083333334,849.401083333334,9.85626778026974,8.44282470651263,191.939,191.939,1993445.33980751,1271189.26772612,150357.238161509,439467.580377831,,621026.060357677,512933.779112551,4.4994753908569,4.4994753908569,49.5914058328035,4454.55650906197,3.83582035690442,3.83582035690442,54.9449796563608,2736.49661348561,12.9934661942117,12.9934661942117,44.941853294165,348.478227291472,4.69443250291788,4.69443250291788,41.0565532153083,1195.3024184064,-1.21693045997006,-1.21693045997006,40.4180117509407,810.165701581445,-4.24945352960918,-4.24945352960918,39.5435171242273,736.671583102585,34.9382280112675,34.8744010069039,-4312.0,-341.0,3971.0,-3120.0,13.0,3133.0,-7431.0,-328.0,7103.0,0.0,0.0,0.0,9165.0,11384.0,2219.0,-121117.0,233.0,121350.0,-549.0,2226.0,2775.0,0.0,0.0,0.0,1254.0,1472.0,218.0,-111246.0,15315.0,126561.0,-5524.0,2357.0,7881.0,-6429.0,23.0,6452.0,-11953.0,2379.0,14332.0,32039.0,32039.0,-98592.0,49405.0,147997.0,3.2655083675655,3.2655083675655,63.4643169006551,63.4643169006551,2.12920766677083,11.9296553614749,11.9296553614749,9.20601982373956,184.022024992132,184.022024992132,57.1058,57.0372718298022,1.09303707004054,1.09303707004054,529881.58464,530028.180032565,26.6271388713694,31.2889,31.1407556062152,-0.000275449144997037,-0.000275449144997037,289889.86004,288676.837553938,14.4678157674837,25.8169,25.896516223587,239991.7246,241351.342478627,12.1593231038857
2003,,,,,,,,,,,,,,,,,,,,,,,,,,,,,,,,,,,,,,,,,,,,,,,,,,,,,,103.110785496435,8577.13333333334,8465.0,,,,,,,,,,,,6.75731613711667,6.75731613711667,53.3649354466667,44.3150613372455,10.59,10.59,,8.31,8.31,715.175,,,,,100724.201,100724.201,,,,,,,,,,,-0.940890720065643,-0.940890720065643,90784.9,90784.9,,,,,,9939.301,9939.301,,,9.67,9.67,6.27441317346304,6.26751358428546,20.7426436556107,903.95825,903.95825,12.1320915944499,9.46711593306558,223.799,223.799,2203357.47893234,1415763.86988677,186158.779138613,487666.521574032,,640012.739553206,497065.665284646,4.78036912167578,4.78036912167578,51.9620580842397,4667.50075292876,3.89289335558767,3.89289335558767,57.0839291186323,2843.02550832787,10.0336615500627,10.0336615500627,49.4511667480273,383.443353193557,0.600322642941164,0.600322642941164,41.303025000671,1202.47808947572,5.88637986931561,5.88637986931561,42.7971694582257,857.855132347434,1.56373365565369,1.56373365565369,40.161872410128,748.191164579197,37.4537787688646,36.7881090494256,-4011.0,-214.0,3797.0,-6525.0,6.0,6531.0,-10536.0,-208.0,10328.0,1.0,33.0,32.0,8631.0,9969.0,1338.0,-124595.0,524.0,125119.0,2408.0,4335.0,1927.0,0.0,0.0,0.0,2277.0,2545.0,268.0,-111278.0,17372.0,128650.0,-5632.0,2857.0,8489.0,-14777.0,31.0,14808.0,-20409.0,2888.0,23297.0,36296.0,36296.0,-105926.0,56382.0,162308.0,5.46234095904403,5.46234095904403,66.9309542770971,66.9309542770971,2.16601407781127,12.9409490816219,12.9409490816219,10.3973661615737,187.960515061643,187.960515061643,61.0345,61.0790560543664,7.08621589865803,7.08621589865803,523377.84135,524119.181573395,23.8042977312253,32.5507,32.8167934277998,5.38213601101599,5.38213601101599,279351.10827,281573.474681402,12.7799498270248,28.4838,28.2622626265666,244026.73308,242545.706891993,11.0243479042005
2004,-10796.73,-10753.7498670656,-7942.71,-7810.82176731,1138.83,1147.77350397803,19163.82,18911.368120093,1563.2,1494.56998969542,0.518270976930154,0.0,0.0,0.0,2054.81,2051.66779766438,13137.56,13149.63806629,15.8777984445244,16.7888913986886,2432.77,2427.900557185,66083.73,65831.278120093,83708.87,83460.4845412324,12851.54,12805.41766473,21080.28,20960.4598336,25.6090912279318,82.8082584923193,1293.93,1280.12705320697,46919.91,46919.91,82145.66,81965.914551537,-3106.59,1512.29,7371.02,5858.74,0.0,1043.74,-985.41,-2029.14,-353.0,4055.62,-4408.62,-674.14,5358.47,7885.22,-2526.73,98.4600993238017,8938.85,9290.0,,,,,,,,,,,,6.06405978397716,6.06405978397716,56.6010170358334,47.0023531500422,6.44333333333333,6.44333333333333,,7.43,7.43,843.7,,,,,103973.351,103973.351,40608.019,4540.102,16873.613,12333.511,,36240.368,,,,,3.23522964722107,3.23522964722107,93722.0,93722.0,,,,,,10251.351,10251.351,,,9.86,9.86,7.1716057280818,7.16636120249352,22.230224276172,968.824666666667,968.824666666667,14.0235058024096,10.7947374852599,245.946,245.946,2512087.0214576,1581694.24166276,217265.679215163,639871.31268232,,771325.616916056,674618.70562685,5.03087394501789,5.03087394501789,54.5762037256948,4902.31683219137,4.96716786881448,4.96716786881448,59.9193837040698,2984.24335787973,3.99039241673057,3.99039241673057,51.4244623559254,398.74424768185,14.6833010644373,14.6833010644373,47.3676725102393,1379.04156758733,13.528320492984,13.528320492984,48.5869077044599,973.908524016907,26.6532921278154,26.6532921278154,50.8663335875999,947.608741348995,39.8633570729928,39.9337598344259,-6380.0,-269.0,6111.0,-9580.0,167.0,9747.0,-15960.0,-102.0,15858.0,0.0,40.0,40.0,7206.0,8780.0,1574.0,-125155.0,201.0,125356.0,2178.0,6430.0,4252.0,0.0,0.0,0.0,1613.0,2041.0,428.0,-114158.0,17452.0,131610.0,-7387.0,2751.0,10138.0,-15543.0,51.0,15594.0,-22930.0,2802.0,25732.0,36320.0,36320.0,-116727.0,56513.0,173240.0,3.3250165113378,3.3250165113378,69.1564195580065,69.1564195580065,2.19712863027532,56.0015696013357,56.0015696013357,16.2200544092531,154.002615530183,154.002615530183,71.5846,71.3563637696168,16.8262386145957,16.8262386145957,642293.58275,639566.796914466,25.3844901064927,46.5245,46.35517553984,41.2544331664395,41.2544331664395,417180.20188,415649.325081379,16.4829092341325,25.0601,25.0011882297768,225113.38087,223917.471833088,8.90158087236013
2005,-12840.08,-12765.9500119144,-8865.39,-8599.32905063,4792.95,4784.55107148843,17190.06,17341.9619635083,277.56,761.233972452374,0.192317065211267,333.92,0.0,333.92,2370.96,2375.14432098562,13515.99,13455.34966847,12.9809298280665,14.1200535538342,5992.52,5990.14364436,81682.39,81834.2819635083,103561.86,103654.919597324,15211.03,15141.0943329,22381.38,22054.6787191,21.4320783116617,84.1217730407482,1199.58,1205.59257287157,64492.32,64492.32,103284.31,102893.685624872,-178.01,-5271.27,5493.02,10764.29,0.0,9449.83,8646.41,-803.45,1080.48,5269.77,-4189.26,-662.65,14557.26,15230.61,-673.35,96.9778524877692,9704.74166666667,9830.0,,,,,,,,,,,,10.4532009888696,10.4532009888696,62.5176351083333,51.9156035943144,8.07916666666666,8.07916666666666,,12.75,12.75,919.55,,,,,106352.3,106352.3,41561.987,4491.271,17341.206,12849.935,11803.0,35549.807,,,,,0.779966283263268,0.779966283263268,94453.0,94453.0,25885.0,,,,,11899.3,11899.3,,,10.75,10.75,12.6226175581227,12.5557410024493,25.0362604688662,1094.44316666667,1094.44316666667,14.5787820568335,12.3684787368432,271.14,271.14,3035611.12125348,1842448.36614237,255844.567156253,814275.631065596,,985611.034251173,885532.816421011,5.69257130383465,5.69257130383465,57.682993037706,5181.38471340375,3.95336562066469,3.95336562066469,62.2882160195407,3102.22140882712,6.63532110455087,6.63532110455087,54.8366405595299,425.202208901466,10.8871297262233,10.8871297262233,52.5246524647217,1529.17961202911,16.6013121254431,16.6013121254431,56.6529719045783,1135.59011790525,17.7689577634679,17.7689577634679,59.9047509186053,1115.98893836223,44.6691930832464,45.6569812686397,-5494.0,-1961.0,3533.0,-37454.0,200.0,37654.0,-42949.0,-1762.0,41187.0,-16.0,27.0,43.0,12282.0,14007.0,1725.0,-104143.0,124.0,104267.0,4502.0,7800.0,3298.0,0.0,0.0,0.0,2828.0,3184.0,356.0,-84532.0,25115.0,109647.0,-16322.0,2416.0,18738.0,-15760.0,94.0,15854.0,-32082.0,2510.0,34592.0,34724.0,34724.0,-124854.0,60614.0,185468.0,1.29189423370575,1.29189423370575,70.0498473545137,70.0498473545137,2.23815576999916,36.6883314339894,36.6883314339894,22.1709217296934,148.997247567092,148.997247567092,85.6599,85.597973689858,19.9584300094412,19.9584300094412,832756.92804,831354.456353706,27.4184457971051,57.7009,57.4418758970244,23.916855514129,23.916855514129,560394.86596,557715.478711452,18.4228997008064,27.959,28.1560977928336,272362.06208,273638.977642254,8.99554609629875
2006,-13715.39,-13701.4367650733,-11868.34,-12285.39776474,4863.07,4850.59456055535,31580.15,31156.504866637,10859.48,10020.264897379,2.51689930390192,350.32,0.0,350.32,2594.24,2588.94195852668,9897.48,9885.21780192,8.44861159918314,9.12872631442959,6078.79,6091.04765323,98251.0,97827.364866637,116821.51,116392.572280314,16309.62,16290.3787236,21765.81,22170.61556666,20.8951062259674,83.4758329228476,1215.73,1240.45309267465,66670.86,66670.86,105962.02,106372.307382935,624.87,-2188.46,4900.9,7089.34,0.0,3789.64,1586.03,-2203.61,1829.91,6107.1,-4277.2,6901.69,15218.53,10992.83,4225.67,111.8556282306,9159.31666666667,9020.0,,,,,,,,,,,,13.1086705774548,13.1086705774548,70.7128659475,58.7210490477904,11.4108333333333,11.4108333333333,,9.75,9.75,977.75,,,,,106335.0,106335.0,41229.716,4535.652,17422.712,12887.06,11734.0,36664.572,,,,,0.914740664669201,0.914740664669201,95317.0,95317.0,26398.0,,,,,11018.0,11018.0,,,10.37,10.37,15.5409621716364,15.614131816212,28.927136237525,1263.64441666667,1263.64441666667,17.0210601286808,14.4737249396444,347.013,347.013,3653762.28614918,2159284.18950863,327600.031902573,1000423.51862136,,1080712.53607372,912741.01226785,5.50095178520269,5.50095178520269,60.8561066729721,5466.41018829396,3.17329355834724,3.17329355834724,64.2648039660982,3200.6640009591,9.6104307056013,9.6104307056013,60.1066779017832,466.065972546628,2.59687090613607,2.59687090613607,53.8886498831271,1568.89043247645,9.40553007643903,9.40553007643903,61.9814842162599,1242.3983879899,8.58266952153808,8.58266952153808,65.0461777176497,1211.77058083878,50.7405641811547,52.0888739958489,-4710.0,-1935.0,2775.0,-48782.0,2977.0,51759.0,-53492.0,1042.0,54534.0,-3.0,19.0,22.0,9867.0,12102.0,2235.0,-94208.0,231.0,94439.0,8050.0,11431.0,3381.0,0.0,0.0,0.0,2761.0,3276.0,515.0,-73529.0,27040.0,100569.0,-21253.0,3390.0,24643.0,-31165.0,354.0,31519.0,-52418.0,3744.0,56162.0,42586.0,42586.0,-136856.0,74431.0,211288.0,-1.62670032253541,-1.62670032253541,68.9103462616623,68.9103462616623,2.22739798990108,30.8652043211013,30.8652043211013,29.0140220214347,165.917736106821,165.917736106821,100.7986,100.756811907023,17.7093423637442,17.7093423637442,922962.23228,922734.253650088,25.2569404796756,61.0655,60.901106961176,6.02214153025392,6.02214153025392,559223.28331,557805.197019447,15.2726919055638,39.7331,39.8557049458466,363738.94897,364929.05663064,9.98424857411175
2007,-15328.8,-15292.5229400215,-13144.49,-13265.842127339,5103.99,5095.66412467991,33860.32,34505.9254282575,10491.02,11043.224485577,2.33306934744214,547.08,0.0,547.08,3546.41,3522.53190777853,11754.38,11794.17641502,8.81434000724015,9.54988575235547,6800.5,6800.580730158,111302.69,111948.305428258,133403.98,134065.594481214,18875.2,18815.0548478,24898.87,25060.018542359,20.4128735836726,83.3049429039082,1696.51,1704.91660547809,77442.38,77442.38,122912.96,123022.369995637,-1368.43,-2253.32,4762.46,7015.78,0.0,4774.2,4485.65,-288.55,4415.28,9981.91,-5566.65,12715.43,26378.82,16709.14,9669.66,110.825028751778,9141.0,9419.0,,,,,,,,,,,,6.4065617387508,6.4065617387508,75.2431293616667,62.4830493086792,7.97583333333333,7.97583333333333,,8.0,8.0,1019.0,,,,,109037.0,109037.0,41907.617,4824.857,18274.937,13450.08,12231.0,38574.446,,,,,3.60900993526863,3.60900993526863,98757.0,98757.0,27456.0,,,,,10280.0,10280.0,,,9.43,9.43,15.7531891113525,15.7182023245848,33.4840827135209,1465.04808333333,1465.04808333333,23.3476422404523,17.8529984574197,450.055,450.055,4323057.00269693,2590436.23996118,374998.244514872,1223705.03673669,,1212795.86379768,1070289.63586474,6.3450222445488,6.3450222445488,64.7174401785385,5813.25513071949,5.00674093284408,5.00674093284408,67.4823762116808,3360.91295561792,3.89384381118122,3.89384381118122,62.4471380593684,484.213853574656,9.32390631904552,9.32390631904552,58.9131771148283,1715.17230664903,8.54298338601362,8.54298338601362,67.2765521152597,1348.53627586398,9.06425432338994,9.06425432338994,70.9421286936217,1321.60854810203,57.9697215863077,57.9533407707896,-6631.0,-614.0,6017.0,-70102.0,3808.0,73910.0,-76733.0,3194.0,79927.0,16.0,38.0,22.0,7402.0,10362.0,2960.0,-93229.0,283.0,93512.0,687.0,19083.0,18396.0,0.0,0.0,0.0,3594.0,4061.0,467.0,-81546.0,33789.0,115335.0,-27272.0,2733.0,30005.0,-40551.0,865.0,41416.0,-67823.0,3598.0,71421.0,56920.0,56920.0,-169165.0,97539.0,266704.0,5.50463292943689,5.50463292943689,72.7036078737708,72.7036078737708,2.40440967739295,52.7785233972464,52.7785233972464,44.3271944224998,154.428905245771,154.428905245771,114.10097,113.939022645229,13.083195556416,13.083195556416,1043362.478336,1041719.89307371,24.0928082264918,74.4734,74.3941501795043,22.1556616810429,22.1556616810429,681413.40275,680688.338533217,15.705116562158,39.62757,39.5448724657244,361949.075586,361031.55454049,8.38769166433382
2008,-15016.53,-15021.7652708887,-14801.72,-14748.30582855,5363.63,5339.68156931049,24580.2,24301.881134127,125.59,-128.508396001163,-0.00911850761626397,294.46,0.0,294.46,3643.51,3642.07153171132,13888.0,13578.17452986,8.72480114857587,9.38895163499345,7352.16,7341.43600611,132225.5,131947.181134127,157109.17,156508.863201808,18660.04,18663.8368026,28689.72,28326.48035841,18.2174168463088,86.8570101976626,1988.53,2001.75443679951,107645.3,107645.3,156983.59,156637.37159781,-238.43,-3418.73,6251.53,9670.26,0.0,7309.25,10754.95,3445.7,1294.38,3058.64,-1764.25,-1944.67,16356.19,16174.6,181.6,105.703852867954,9698.9625,10950.0,,,,,,,,,,,,10.2266666652671,10.2266666652671,82.93799339,68.8729824837723,8.4925,8.4925,,9.25,9.25,1096.475,42728.0,42728.0,69484.0,69484.0,111712.0,111712.0,42010.671,5086.322,18852.017,13765.695,12495.0,41438.312,38672.0,38672.0,64129.0,64129.0,3.58860637726946,3.58860637726946,102301.0,102301.0,28350.0,4056.0,4056.0,5355.0,5355.0,9411.0,9411.0,9.5,7.7,8.43,8.43,16.557672178228,16.56185519017,39.0282673611124,1704.82183333333,1704.82183333333,18.1139382884972,21.0868795806431,456.787,456.787,5414841.9,3095473.13654,474054.45109,1701813.1164,,1538313.5399,1517951.6951,6.01370250263283,6.01370250263283,68.6093544981952,6162.847,5.33615021871654,5.33615021871654,71.0833371774955,3540.25631965,10.4283097731649,10.4283097731649,68.9593190606752,534.70917419,11.8861269308431,11.8861269308431,65.9156721256892,1919.0398641,9.53346843069958,9.53346843069958,73.6903409724311,1477.098556,10.0025581922741,10.0025581922741,78.0381563990392,1453.8032122,65.7624379314825,68.4717287087854,-8665.0,-1228.0,7437.0,-60761.0,4030.0,64791.0,-69426.0,2802.0,72228.0,-51.0,170.0,221.0,10600.0,14547.0,3947.0,-102613.0,628.0,103241.0,1057.0,3504.0,2447.0,0.0,0.0,0.0,2074.0,2723.0,649.0,-88882.0,21402.0,110284.0,-26542.0,3823.0,30365.0,-14495.0,488.0,14983.0,-41037.0,4311.0,45348.0,51639.0,51639.0,-147757.0,80325.0,228082.0,3.07925119744907,3.07925119744907,74.9423345898125,74.9423345898125,2.54724572473794,-3.41859858153074,-3.41859858153074,42.8118255827398,106.672914453303,106.672914453303,137.0204,137.072833275495,20.3036765571509,20.3036765571509,1318889.84884,1318530.63434471,24.4165162934446,129.1973,127.900777879293,71.9231654245448,71.9231654245448,1242263.79404,1231608.75587908,22.7818010654803,7.8231,9.17205539620139,76626.0548,86921.878465626,1.63471522796423
2009,-15032.87,-15044.1457785161,-11182.93,-10768.2162759,4577.55,4585.32994855962,32266.74,31301.2276674787,10628.49,10074.1955616222,1.74500932789477,95.82,0.0,95.82,1959.05,1972.44241120389,12115.09,12288.11168315,9.2324097654375,9.92931314102967,7240.7,7228.34763945,113266.43,112300.927667479,134581.27,133789.829401283,16991.93,17016.58818972,23298.03,23056.32795905,18.6814894325654,83.9838641551162,2663.16,2643.01769089038,80999.7,80999.7,123952.82,123715.63383966,-2977.12,-2630.37,4811.08,7441.45,0.0,8207.61,12001.84,3794.23,144.05,10479.96,-10335.91,12505.87,29462.84,21715.64,7747.2,104.820020550721,10389.9375,9400.0,,,,,,,,,,,,4.38641587082166,4.38641587082166,86.575998695,71.8940379181487,9.27833333333333,9.27833333333333,,6.5,6.5,1154.05,,,,,113787.0,113787.0,42320.667,5048.756,19139.988,14091.232,12728.0,43217.345,39946.0,39946.0,64539.0,64539.0,2.32353544931135,2.32353544931135,104678.0,104678.0,29014.0,,,,,9109.0,9109.0,,,8.01,8.01,16.0055617314584,16.1133595203864,45.2749607863139,1975.64275,1975.64275,7.08861082002244,22.5816464082016,515.824,515.824,6011375.0,3435626.31794,564287.38125,1879080.1361,,1419336.8918,1270519.5187,4.70176851705064,4.70176851705064,71.835207527743,6452.6098,4.70915944375696,4.70915944375696,74.4307648631272,3706.97263446,11.1695908155071,11.1695908155071,76.6617928289126,594.434001,3.92487144790624,3.92487144790624,68.5027775206459,1994.3597118,-2.04556353922804,-2.04556353922804,72.1829582255662,1446.8835665,-9.27432725891179,-9.27432725891179,70.8006423877709,1318.9727446,69.7063138870579,72.6014534684415,-10943.0,-4947.0,5996.0,-93940.0,8860.0,102800.0,-104883.0,3913.0,108796.0,-2.0,76.0,78.0,17081.0,20047.0,2966.0,-103878.0,666.0,104544.0,-1252.0,3304.0,4556.0,0.0,0.0,0.0,4555.0,5107.0,552.0,-83495.0,29123.0,112618.0,-39007.0,3341.0,42348.0,-52442.0,851.0,53293.0,-91449.0,4192.0,95641.0,66105.0,66105.0,-213724.0,103409.0,317133.0,1.46938347500671,1.46938347500671,76.0435248700594,76.0435248700594,2.68480407888932,-5.84481136660506,-5.84481136660506,40.3095551348287,120.335199613147,120.335199613147,116.51,115.975756851572,-15.3911434671529,-15.3911434671529,1195380.940975,1192313.96569306,19.8115077134167,96.8292,96.7279971713423,-24.3726279267594,-24.3726279267594,993622.545785,995703.477452142,16.5590076228452,19.6808,19.2477596802298,201758.39519,196610.488240916,3.25250009057147
2010,-20698.16,-20687.6722129673,-9790.51,-9791.45850853,4630.3,4617.80450586035,31002.65,33241.0774843972,5144.29,7379.75126876021,0.978569756386334,49.84,0.0,49.84,1933.88,1935.37976336268,16670.5,16588.59195775,9.39731386960014,9.93390866586763,7571.24,7558.49188656,149965.85,150703.683264778,176141.47,176786.146872451,22632.03,22623.05197633,26461.0,26380.05046628,15.6495789788998,84.9679370519431,2940.96,2940.68738069965,118963.18,117462.605780381,170997.17,169406.395603691,-1327.16,-11106.33,4185.68,15292.01,94.39,-2262.2,1725.26,3987.46,2511.31,15713.29,-13201.99,30343.1,38859.74,34992.76,3866.97,116.396293739056,9090.43333333334,8991.0,,,,,,,,,,,,5.13420339971202,5.13420339971202,91.0209865633333,75.5852240571326,7.01666666666667,7.01666666666667,,6.5,6.5,1294.425,,,,,116265.0,116265.0,42160.374,5215.0,20100.029,14885.0,13435.0,45550.0,41091.0,41091.0,66716.0,66716.0,2.98916677811957,2.98916677811957,107807.0,107807.0,31623.0,,,,,8456.0,8456.0,,,7.25,7.25,12.0664728357422,12.0270170810806,50.7380516309874,2216.64056975,2216.64056975,13.0962821881575,25.5390025445517,605.4105278,605.4105278,6864133.1,3858821.7716,618177.992,2127840.682,129094.618,1667917.8254,1537719.7728,6.37762568565668,6.37762568565668,76.4165881743771,6864.1331,4.09631125755856,4.09631125755856,77.4796806633024,3858.8217718,3.9943864180138,3.9943864180138,79.7239610694766,618.177992,6.69292351877322,6.69292351877322,73.0876160283381,2127.840682,15.2765754078388,15.2765754078388,83.2100422705036,1667.9178256,16.5846511230479,16.5846511230479,82.5426819206594,1537.7197727,75.2117294090812,77.9303986433569,-13404.52,8934.18,22338.7,-140658.29,10359.27,151017.56,-154062.81,19293.45,173356.26,24.23,80.93,56.7,11934.24,17760.19,5825.95,-107249.69,893.05,108142.74,-4290.23,2531.06,6821.29,0.0,0.0,0.0,5695.68,6387.06,691.38,-93910.0,27571.36,121481.36,-51420.35,5881.49,57301.84,-87899.49,947.14,88846.63,-139319.84,6828.63,146148.47,96206.84,96206.84,-291061.58,149981.2,441042.79,4.29328975668992,4.29328975668992,79.3082937339317,79.3082937339317,2.7538023849507,54.4591401993551,54.4591401993551,62.2617922794414,116.619775131074,116.619775131074,157.779,157.466174707806,35.7750783289421,35.7750783289421,1432652.42466,1430392.33872246,20.8174886702238,135.6633,135.798670832887,40.3923112274674,40.3923112274674,1231759.70156,1233402.90260419,17.9542499323493,22.1157,21.6675038749188,200892.7231,196989.436118271,2.8632387378745
2011,-26547.16,-26633.3963831917,-9803.28,-9793.521347852,4210.51,4220.91822270092,33825.01,33523.2814912709,1685.08,1317.28198292808,0.160629980785417,32.89,0.0,32.89,2581.12,2582.73167196828,21888.16,21843.847339775,9.80470085795805,10.2768200116756,7635.62,7628.37396505,191108.71,190693.165030211,223213.61,222748.118007004,29128.28,29216.12805516,31691.43,31637.368687627,14.2809721920954,85.2499097130633,3425.11,3407.45574234908,157283.71,157169.88353894,221528.53,221430.836024076,-3464.68,-11528.4,9036.54,20564.93,-69.35,1800.78,6754.47,4953.7,1189.44,4995.82,-3806.38,11856.61,28767.71,30514.45,-1746.74,115.38679992199,8770.43333333334,9068.0,,,,,,,,,,,,5.3560480270205,5.3560480270205,95.8961143183333,79.6336049589636,6.93,6.93,,6.0,6.0,1338.05,,,,,118385.0,118385.0,40905.0,5965.0,21740.0,15775.0,14120.0,47830.0,,,,,2.474792916972,2.474792916972,110475.0,110475.0,36140.0,,,,,7910.0,7910.0,,,6.7,6.7,15.945837275361,15.9486595156118,58.8286587807533,2571.21277325,2571.21277325,135.534041059488,60.1530447394681,1486.69802,1486.69802,7831726.0,4340605.424,709450.776,2451914.0177,131328.58607,2061886.1569,1868074.9824,6.16978420771008,6.16978420771008,81.1313267636306,7287.6353,5.06001921951735,5.06001921951735,81.4001673960861,4054.0788951,5.51842728817173,5.51842728817173,84.123469892346,652.291695,8.85961170376759,8.85961170376759,79.5628950119894,2316.3591041,14.7699192321648,14.7699192321648,95.5000983069072,1914.2679413,15.0288827199133,15.0288827199133,94.9479247803864,1768.8218739,80.5274019396166,83.7486378119859,-17900.86,9814.44,27715.3,-160699.26,10183.3,170882.56,-178600.13,19997.73,198597.86,14.26,101.36,87.1,11138.87,18255.47,7116.6,-117207.71,1374.65,118582.36,-3552.54,2828.63,6381.17,0.0,0.0,0.0,4576.36,6144.28,1567.92,-105045.01,28603.03,133648.04,-56770.27,6759.14,63529.41,-87993.93,1258.93,89252.86,-144764.19,8018.07,152782.26,110122.83,110122.83,-318272.24,166843.02,485115.26,4.09503412528439,4.09503412528439,82.555995426517,82.555995426517,2.83789143214095,21.9805331701671,21.9805331701671,75.9472661837646,115.008689753967,115.008689753967,203.4966,203.444451817664,29.1988277451814,29.1988277451814,1782874.96312,1782658.55198685,22.7734010054585,177.4357,177.189970371886,30.4799003444852,30.4799003444852,1555454.25987,1553815.70072665,19.8197451549313,26.0609,26.254481445778,227420.70325,228842.851260195,2.95365585052713
2012,-26627.83,-26730.8963134558,-10564.2,-10763.44329747,4094.38,4124.05080033778,8679.51,8909.69145345513,-24418.12,-24460.5973571329,-2.66359123536645,50.56,0.0,50.56,2649.63,2670.34087504417,23660.24,23700.40070475,10.6801222352025,11.2223047004446,8066.74,8060.97623545,187346.48,187558.208211893,221723.09,221989.926027137,29277.46,29401.2371885,34224.43,34463.84400222,13.9924069966831,86.4654103645299,3972.37,3936.92543511222,178666.96,178648.516758438,246141.22,246450.52338427,-275.37,-13716.23,7484.56,21200.78,-12.99,-1922.42,5353.0,7275.41,5467.03,14673.45,-9206.42,215.11,18506.71,43149.64,-24642.95,110.320826307793,9386.62916666667,9670.0,,,,,,,,,,,,4.27951196024855,4.27951196024855,100.0,83.0415346075596,5.94666666666667,5.94666666666667,5.79583333333333,5.75,5.75,1610.45,,,,,,,,,23121.0,,,48641.0,,,,,1.20479746548993,1.20479746548993,111806.0,111806.0,39214.0,,,,,7429.5,7429.5,,,6.2,6.2,18.5672695333068,18.5862189912737,69.7515344194052,3046.42830858333,3046.42830858333,23.7121134106956,74.4166029280773,1747.735155,1747.735155,8615704.5,4858330.846,796848.276,2819026.4677,202638.40138,2118979.0,2152937.0,6.03005065305615,6.03005065305615,86.0235868629741,7727.0834,5.51610678248738,5.51610678248738,85.8902875507778,4277.706216,4.52670229075965,4.52670229075965,87.9314889310294,681.8189981,9.12508280455614,9.12508280455614,86.8230750635356,2527.7287904,1.60874875118509,1.60874875118509,97.0364549458002,1945.0637029,7.99841121299919,7.99841121299919,102.542250242531,1910.299521,85.4204208204521,86.892460132935,-18164.0,12649.75,30813.75,-181069.56,15335.41,196404.97,-199233.57,27985.15,227218.72,-37.47,57.31,94.78,10536.16,18776.45,8240.29,-120330.67,1032.3,121362.97,-8223.5,2829.12,11052.62,0.0,0.0,0.0,8191.04,10317.49,2126.45,-109826.97,32955.36,142782.33,-65720.87,11761.72,77482.59,-99186.44,1724.38,100910.82,-164907.32,13486.09,178393.41,112781.22,112781.22,-361224.09,187265.14,548489.23,4.1164650596815,4.1164650596815,85.9543841329218,85.9543841329218,3.05157326487369,10.1278620954901,10.1278620954901,83.6391005681511,99.3877472032509,99.3877472032509,190.0318,190.369189533596,-6.42694463636048,-6.42694463636048,1783133.789985,1785220.12802249,20.7319599576007,191.691,191.781242646806,8.23481839536178,8.23481839536178,1799882.07038,1800319.89891873,20.8919543719802,-1.6592,-1.4120531132105,-16748.280395,-15099.7708962441,-0.159994414379516
2013,-27050.35,-27165.5179042104,-12070.48,-11975.26388101,4178.15,4204.33844334505,5833.24,5341.98394532137,-29109.46,-29594.459396554,-3.20442717604282,45.29,0.0,45.29,2601.77,2600.15606101962,22944.08,22973.83463749,10.6489759361196,11.2264207568551,8508.3,8507.305855516,182089.22,181695.995968664,216143.37,215777.29252269,29652.13,29765.67396523,35014.56,34949.0985185,14.250256960605,86.0966005174267,4330.15,4302.96741217096,176256.0,176354.012023343,245252.84,245371.751919244,-186.15,-12170.05,11111.69,23281.74,334.36,782.72,3427.38,2644.65,1272.77,12145.37,-10872.61,-7324.73,8821.47,38071.76,-29250.31,105.285970789221,10461.24,12189.0,,,,,,,,,,,,6.41249999999998,6.41249999999998,106.4125,88.3665730142693,6.2625,6.2625,6.9875,7.5,7.5,1850.325,,,,,,,,,,,,,,,,,,,,,,,,,,,,,,6.03,6.03,13.8494864650053,13.8733348845701,79.4117637379542,3465.72934841667,3465.72934841667,13.0145210171506,84.1015673564014,1888.584088,1888.584088,9546134.0,5425016.628,908574.3013,3051496.1517,178090.50132,2283776.6587,2359212.1109,5.55726368891012,5.55726368891012,90.8041444196082,8156.4978,5.4779052877342,5.4779052877342,90.5952761541719,4512.034911,6.74564307069285,6.74564307069285,93.8630333210624,727.8120741,5.01027826565044,5.01027826565044,91.1731527230132,2654.3750366,4.16695751296773,4.16695751296773,101.079922795482,2026.113681,1.86189666641286,1.86189666641286,104.451480981461,1945.8673241,90.4303470234728,91.2075312670228,-21716.82,13273.52,34990.34,-189732.03,26464.4,216196.43,-211448.84,39737.92,251186.76,32.02,168.07,136.05,11861.13,21555.47,9694.34,-126331.72,252.86,126584.58,-6640.31,3468.98,10109.29,0.0,0.0,0.0,8924.12,10961.1,2036.98,-112186.79,36238.4,148425.19,-71958.06,12324.96,84283.02,-75257.7,2433.9,77691.6,-147215.75,14758.86,161974.61,99386.7,99386.7,-371432.67,190289.95,561722.62,6.0059205720657,6.0059205720657,91.1167361721533,91.1167361721533,3.02352518610829,11.8555840491142,11.8555840491142,93.5550044339314,98.0440017271153,98.0440017271153,182.5519,182.659005995808,-4.05012153315237,-4.05012153315237,1913332.467579,1911038.97925034,19.9965742081091,186.6287,186.222952028078,-2.89824517873474,-2.89824517873474,1950076.755199,1945027.63192413,20.359660377422,-4.0768,-3.56394603226972,-36744.28762,-33988.6526737868,-0.36308616931284
2014,-29702.61,-29794.6398438281,-10009.7,-10091.170811635,5219.87,5166.57261398559,6982.57,6856.70022093794,-27509.86,-27862.5378205396,-3.11853660814434,26.56,0.0,26.56,2129.61,2108.24808957188,23530.92,23420.919038565,11.145675522585,11.789882864025,9373.54,9370.74218037,175292.79,175296.838924312,210326.86,210196.748232819,31832.22,31902.8879334,33540.62,33512.0898502,14.0990864227434,84.8123010085412,4153.68,4204.16956638441,168310.23,168440.138703374,237836.75,238059.286053359,-2184.2,-14733.2,10387.54,25120.73,155.55,-4271.79,3426.84,7698.63,-2586.74,23479.9,-26066.63,15248.6,26631.79,56299.26,-29667.47,98.5422775122281,11865.2112962963,12440.0,,,,,,,,,,,,6.39492540819922,6.39492540819922,113.2175,94.0175494443137,8.75666666666666,8.75666666666666,8.13166666666667,7.75,7.75,,,,,,,,,,,,,,,,,,,,,,,,,,,,,,,5.82,5.82,11.4939507324064,11.4832666343965,88.5393127377296,3863.27491658333,3863.27491658333,8.82219642590152,91.521172825845,2049.202478,2049.202478,10569705.3,6039436.235,996197.4429,3436923.7434,220230.64118,2501424.8282,2580508.039,5.00666842575497,5.00666842575497,95.3504068475416,8564.8666,5.28372536344501,5.28372536344501,95.3820817384129,4750.438444,1.16390495588785,1.16390495588785,94.9555098176329,736.2831149,4.44909739097266,4.44909739097266,95.2295350820803,2772.4707671,1.07463960212013,1.07463960212013,102.166167675634,2047.887101,2.11970235016292,2.11970235016292,106.665541478605,1987.1139195,95.6198989320845,96.1721163960455,-26805.46,12508.95,39314.41,-165285.12,25003.32,190288.44,-192090.58,37512.27,229602.85,29.86,151.89,122.03,11713.25,23788.35,12075.1,-129880.14,204.92,130085.06,-3127.34,4340.06,7467.4,0.0,0.0,0.0,10141.23,11875.93,1734.7,-111153.0,40209.27,151362.27,-93665.82,8985.5,102651.32,-98955.14,3186.62,102141.76,-192620.96,12172.12,204793.08,111861.6,111861.6,-383973.07,201907.15,585880.22,4.76187022180958,4.76187022180958,95.4555968990199,95.4555968990199,3.04529248722369,6.89093256205225,6.89093256205225,100.001816697899,99.0878841923513,99.0878841923513,176.29269039,176.410131363782,-3.42106024171055,-3.42106024171055,2091556.59859991,2092703.65628222,19.8200483382295,178.1788,177.469575026595,-4.70048235523776,-4.70048235523776,2113458.07372067,2104511.28278484,19.9270849430235,-1.88610961,-1.05944366281332,-21901.4751207554,-11807.6265026233,-0.107036604793993
2015,-28379.13,-28482.9351165758,-8696.67,-8701.05113158,5508.49,5516.28334462149,14048.58,14110.0878407174,-17518.74,-17557.6150628169,-2.03766453579034,16.64,0.0,16.64,2821.69,2790.95483232419,22220.88,22246.22998767,12.0668740920651,12.9979339677909,10361.59,10364.66895575,149124.48,149286.465829878,184528.64,184688.319605622,31200.83,31273.8899489,30917.56,30947.28111925,15.3142709277615,82.1027511232531,4853.09,4848.3856111285,135075.91,135176.37798916,202047.39,202245.934668439,-439.05,-10704.49,9074.65,19779.13,-19.96,10064.02,11812.14,1748.12,1268.43,17451.11,-16182.68,-1098.05,21037.21,38978.36,-17941.16,100.0,13389.4129365079,13795.0,,,,,,,,,,,,6.36312113115612,6.36312113115612,120.421666666667,100.0,8.33666666666666,8.33666666666666,8.22166666666666,7.5,7.5,,,,,,,,,,,,,,,,,,,,,,,,,,,,,,,6.0,6.0,12.9441791537496,13.0161606773431,100.0,4357.69092025,4357.69092025,9.26433404682139,100.0,2264.459436,2264.459436,11526332.8,6621880.257,1123749.8771,3782011.8561,144178.9317,2438992.6826,2394879.3001,4.87632230022123,4.87632230022123,100.0,8982.5171,4.84149452121603,4.84149452121603,100.0,4980.430661,5.31247759298574,5.31247759298574,100.0,775.3979904,5.00943842034712,5.00943842034712,100.0,2911.3559829,-2.12023972800052,-2.12023972800052,100.0,2004.4669851,-6.24901105474843,-6.24901105474843,100.0,1862.938951,100.0,100.0,-27117.73,13291.26,40408.99,-165940.97,27698.96,193639.93,-193058.7,40990.22,234048.92,91.08,181.79,90.71,18378.43,31199.74,12821.31,-130907.91,1236.22,132144.13,-1351.33,5452.9,6804.23,0.0,0.0,0.0,11997.49,14108.32,2110.83,-101883.32,51997.18,153880.5,-106952.62,9488.16,116440.78,-80961.45,3847.41,84808.86,-187914.07,13335.57,201249.64,105931.02,105931.02,-376833.99,212435.78,589269.77,4.76075080834446,4.76075080834446,100.0,100.0,2.99253175273221,-0.00181666489526932,-0.00181666489526932,100.0,105.535477984759,105.535477984759,150.3933,150.623961881835,-14.6171703873244,-14.6171703873244,2011811.90541295,2012864.72059562,17.4855828184459,142.6945,142.867135917051,-19.4976739558644,-19.4976739558644,1909239.48213943,1909699.87632402,16.5841700189016,7.6988,7.75682596478344,102572.423273524,103164.8442716,0.90141279954432
2016,-29647.02,-29669.1871720421,-7083.67,-7045.86510374,4460.45,4470.25044885263,15317.99,15402.3217530318,-16952.26,-16842.4800738978,-1.82164891782536,40.72,0.0,40.72,4048.46,4023.45966205786,23323.54,23292.56109136,12.8418250200281,13.9039469737807,9831.66,9829.13101006,144469.79,144429.117661514,181673.45,181574.269424992,33695.48,33692.6468341,30407.21,30338.4261951,15.2931234764119,80.3049376948124,5371.21,5358.88056120737,129151.8,129026.795908482,198625.7,198416.74949889,-305.24,-16135.91,-11594.2,4541.71,9.04,5816.82,-1499.08,-7315.88,-2218.06,16777.52,-18995.59,12088.86,-3213.44,14003.35,-17216.78,104.891402070792,13308.3268020542,13436.0,,,,,,,,,,,,3.5258051568793,3.5258051568793,124.6675,103.525805156879,7.16583333333333,7.16583333333333,7.63833333333333,4.75,4.75,,,,,,,,,,,,,,,,,,,,,,,,,,,,,,,,,7.76910643388147,7.77084729983391,107.769106433881,4698.47665666667,4698.47665666667,11.7651345900008,111.765134590001,2570.782031,2570.782031,12401728.5,7171522.837,1181613.1394,4040201.8113,158867.11033,2367365.1911,2273528.0203,5.03306918280178,5.03306918280178,105.033069182802,9434.6134,5.04453524405768,5.04453524405768,105.044535244058,5231.670241,-0.141019026814337,-0.141019026814337,99.8589809731857,774.3045317,4.47312848256638,4.47312848256638,104.473128482566,3041.5846766,-1.66050861138726,-1.66050861138726,98.3394913886128,1971.1826382,-2.4051130862849,-2.4051130862849,97.5948869137151,1818.1331625,103.099509399181,102.438924086882,-15316.97,26922.24,42239.21,-175408.2,43355.75,218763.95,-190725.17,70277.99,261003.16,-19.6,114.4,134.0,54064.57,66415.22,12350.65,-122508.35,3417.17,125925.52,4552.75,9299.99,4747.24,0.0,0.0,0.0,18157.77,21274.88,3117.11,-45733.28,100407.25,146140.53,-122490.83,9135.21,131626.04,-91174.16,4236.86,95411.02,-213664.98,13372.07,227037.05,116361.53,116361.53,-333781.51,300533.23,634314.74,4.01369401283482,4.01369401283482,104.013694012835,104.013694012835,2.99682207894872,2.36109434485714,2.36109434485714,102.361094344857,106.493777121591,106.493777121591,144.48971874327,144.43163204491,-4.11111868228659,-4.11111868228659,1922211.70364346,1922194.55917807,15.4991322571825,135.6528,135.603807282718,-5.08397441280698,-5.08397441280698,1805058.89083294,1804657.50641963,14.5551403344353,8.8369187432695,8.82782476219214,117152.812810519,117537.052758443,0.943991922747169
2017,-32130.57,-32018.8139567774,-7379.16,-7485.23119727,4500.18,4452.91444293767,18813.93,18857.0224062261,-16195.64,-16194.1083048835,-1.5887144466219,46.19,0.0,46.19,5574.93,5558.77845572264,25327.66,25359.31297003,12.0995115651321,13.0671235380816,9966.7,9953.58455631,168882.52,168684.746201508,209751.81,209556.422183571,37705.49,37577.5924125,32706.82,32844.5441673,14.5498549531149,80.8893098860296,5466.52,5500.67011337233,150068.58,149827.723795282,225947.41,225750.530488455,-950.37,-18502.04,2008.28,20510.31,127.76,10747.44,13487.26,2739.82,3355.78,24414.79,-21059.01,11586.04,30565.12,47664.92,-17099.81,106.530676328786,13380.8338788891,13548.0,,,,,,,,,,,,3.80879806953161,3.80879806953161,129.415833333333,107.468894025162,6.51833333333333,6.51833333333333,6.87833333333333,4.25,4.25,,,,,,,,,,,,,,,,,,,,,,,,,,,,,,,,,9.97331994174037,9.97565746934569,118.517264216887,5163.295282,5163.295282,12.1254253579512,125.317132560925,2857.012079,2857.012079,13589825.7,7783650.535,1239469.7225,4370574.767,210636.30951,2742060.5036,2606282.9515,5.06978590134918,5.06978590134918,110.358020915986,9912.9281,4.9816356917439,4.9816356917439,110.277471304002,5492.292993,2.12472827246402,2.12472827246402,101.980712974517,790.756399,6.15397401690078,6.15397401690078,110.902377664027,3228.7630073,8.89729217887955,8.89729217887955,107.089043264682,2146.5645169,8.06794624978408,8.06794624978408,105.468789932451,1964.8191688,106.589691879088,106.836297369567,-18613.83,27003.47,45617.3,-146949.91,49648.35,196598.26,-165563.75,76651.81,242215.56,33.12,100.3,67.18,62072.31,74608.77,12536.46,-121171.95,5864.36,127036.31,6252.75,11123.35,4870.6,0.0,0.0,0.0,17944.76,22539.03,4594.27,-34902.13,114135.5,149037.63,-146482.97,11330.7,157813.67,-106645.17,5931.75,112576.92,-253128.14,17262.45,270390.59,130196.37,130196.37,-323364.52,338346.44,661710.96,4.7363070275766,4.7363070275766,108.940101912007,108.940101912007,2.96336115200033,14.2657358942617,14.2657358942617,116.963657722571,108.077873300283,108.077873300283,168.828175936018,168.765454884398,16.8479871721734,16.8479871721734,2259786.23186576,2258714.15723025,16.6168702050835,156.9855,156.775671840936,15.6130310663602,15.6130310663602,2101779.52235662,2098552.11615878,15.4272390132861,11.8426759360183,11.9897830434613,158006.709509136,160162.041071476,1.1896311917974
2018,-30815.15,-30730.2944078122,-6485.08,-6473.1499348,6895.41,6899.40869375659,-228.3,-987.916385105522,-30633.12,-31291.9520339611,-3.01091201435415,97.15,0.0,97.15,9301.83,9254.1326183078,31206.86,31088.9973364,13.3755613924162,14.7363220286083,12220.31,12205.5370322,180724.98,179898.237625916,233453.98,232446.904612823,40116.99,39984.42702612,37691.92,37562.1472712,14.2539732143494,82.8005083625922,5324.88,5306.12833844341,180953.28,180886.154011021,264087.07,263738.856646784,-1717.36,-12510.61,6399.22,18909.83,-33.6,-3265.89,8233.41,11499.31,5171.3,14483.21,-9311.91,-7131.29,12639.04,44892.35,-32253.3,100.036938272059,14236.9387734818,14481.0,,,,,,,,,,,,3.19834641562409,3.19834641562409,133.555,110.906121545126,6.12916666666667,6.12916666666667,7.4575,6.0,6.0,,,,,,,,,,,,,,,,,,,,,,,,,,,,,,,,,6.96161442484674,6.97691282830439,126.767979178544,5518.33663308333,5518.33663308333,10.0537838299265,137.916246170463,3042.897569,3042.897569,14838756.0,8455107.682,1338638.5756,4791211.299,338633.580216,3116546.306,3275145.2985,5.17429153955026,5.17429153955026,116.068266655457,10425.8519,5.13689124669026,5.13689124669026,115.942305074489,5774.426111,4.82072530152234,4.82072530152234,106.896923007553,828.8765928,6.67584594201134,6.67584594201134,118.306049542905,3444.3102515,6.51414737824599,6.51414737824599,114.064981368897,2286.3948931,12.136016142678,12.136016142678,118.268499304141,2203.2699403,110.127527619393,110.915652892739,-16320.78,27449.1,43769.88,-136634.05,53743.13,190377.18,-152954.84,81192.22,234147.06,179.62,301.76,122.14,64601.73,77262.92,12661.19,-129508.52,9607.04,139115.56,7891.7,12513.55,4621.85,0.0,0.0,0.0,16977.55,23070.03,6092.48,-40037.53,122453.54,162491.07,-154254.85,14914.41,169169.26,-90637.91,7179.72,97817.63,-244892.76,22094.13,266986.89,120654.27,120654.27,-317051.24,346695.93,663747.17,4.04406857808461,4.04406857808461,113.345714342364,113.345714342364,,6.03880975077462,6.03880975077462,124.026870489984,96.2464561606749,96.2464561606749,180.0125,179.932334387352,6.61680407913087,6.61680407913087,2565009.64866907,2561433.64348318,17.2598560581782,188.7111,186.744335179272,19.1156338138625,19.1156338138625,2691368.36764969,2660760.26286668,17.9175877782988,-8.6986,-6.81200079192014,-126358.718980624,-99326.6193834958,-0.65773172012056
2019,-33774.65769,-33700.6861330534,-7641.058389,-7253.883902,7628.922415,7669.42915515023,3507.733912,3727.2456839331,-30279.059753,-29557.8951959701,-2.63899900186209,39.061578885,0.0,39.061578885,7372.499359,7291.31150324658,31641.319125,31715.2166604,14.3971960301691,15.8304661374198,12676.528844,12654.26051489,168455.36602,168622.308164081,220145.713348,220283.096842618,41147.157053,40991.9976363,39282.377522,38969.1005624,15.5980843263145,81.5887614291789,5047.60643,4984.83135973977,164947.63211,164895.062480148,250424.773115,249840.992038588,-1647.654185128,-20531.070567,4462.4811825,24993.551748,-186.398605016,6144.171014,12202.8618271,6058.6908142,-409.614381428,21580.67419,-21990.288571,4675.93436974,20745.264392896,52632.9167522,-31887.652359276,104.656152836213,14147.6713605454,13901.005,,,,,,,,,,,,3.03058664969485,3.03058664969485,137.6025,114.267227658367,6.68833333333333,6.68833333333333,7.4653,5.0,5.0,,,,,,,,,,,,,,,,,,,,,,,,,,,,,,,,,,,,5891.39943041667,5891.39943041667,,,3256.902109,3256.902109,15832657.2,9171931.87,1394615.064,5121371.346,226922.79828,2943532.8644,3013944.1649,5.01928768046282,5.01928768046282,121.894066864621,10949.1554,5.16069921532676,5.16069921532676,121.9257387027,6072.426874,3.26784474737069,3.26784474737069,110.390148491156,855.962993,4.45238270371299,4.45238270371299,123.573487630199,3597.6641254,-0.477023226955006,-0.477023226955006,113.520864913945,2275.4882584,-7.12694051363581,-7.12694051363581,109.839573712365,2046.2442023,113.601509295153,112.688626848754,-13204.78,29348.91,42553.69,-141415.97,60062.7,201478.67,-154620.76,89411.61,244032.37,-12.72,194.48,207.2,69660.73,83114.12,13453.39,-132558.35,11991.45,144549.8,9995.08,14389.65,4394.57,0.0,0.0,0.0,17543.79,25307.08,7763.29,-35358.75,134802.3,170161.05,-176804.78,14043.1,190847.88,-100305.75,7685.03,107990.78,-277110.53,21728.14,298838.67,129183.28,129183.28,-337919.48,375319.81,713239.29,4.01078650728861,4.01078650728861,117.891768959797,117.891768959797,,3.47833226850646,3.47833226850646,128.340937147856,98.543966016358,98.543966016358,167.683,167.54798317371,-6.88278249476917,-6.88278249476917,2372316.962297,2370449.4606201,14.9757489738847,170.7274,170.596992558069,-8.64676436139382,-8.64676436139382,2415173.40487046,2413606.17010324,15.2478547953702,-3.0444,-3.04900938435923,-42856.4425734532,-43156.7094831306,-0.272105821485506
2020,-28910.574949,-28830.084895829,-9755.481534,-10155.40894395,5931.510893,5914.10253030467,28301.27585,28718.4327708795,-4433.2697395,-4352.95853859483,-0.405199664996522,36.912807999,0.0,36.912807999,5221.935078,5183.76808147096,15015.985674,15085.55628675,7.63992203265424,8.3168271984179,10623.738307,10608.88886136,163401.80573,163720.012762889,194263.464789,194598.22599247,34132.510027,34013.8529773,24771.467208,25240.9652307,12.5670934950614,80.5506019495724,4692.227414,4694.78633105533,135100.52987,135001.579992009,198696.734519,198951.184531064,-891.45966362,-14142.4739591,5032.6037898,19175.077747,-17.72734201,9644.5791059,11908.3353378,2263.7562318,1198.56413546,4567.453584,-3368.88945,2596.695049,20718.47097005,26006.2875628,-5287.81659621,102.936939093573,14582.2034678177,14105.005,106.505811083333,104.982150666667,102.792824666667,105.387375083333,106.618446333333,102.564701666667,100.15572025,103.660955166667,106.678891333333,106.55195925,110.149980166667,1.92096776298276,1.92096776298276,140.245799666058,116.462264265338,5.50416666666667,5.50416666666667,6.90489558333333,3.75,3.75,,,,,,,,,,,,,,,,,,,,,,,,,,,,,,,,,,,,6521.449651,6521.449651,,,3742.960113,3742.960113,15443353.2,9101369.14,1491171.6587,4897049.688,97857.67268,2676513.5319,2415495.9728,-2.06551182934166,-2.06551182934166,119.376330494266,10722.9993,-2.66609987010606,-2.66609987010606,118.675076741521,5910.529909,2.12422409014124,2.12422409014124,112.735082618548,874.1455651,-4.96106674160849,-4.96106674160849,117.442924433932,3419.181607,-8.41781579372706,-8.41781579372706,103.964887618044,2083.9418484,-17.6049570180864,-17.6049570180864,90.5023639714536,1686.00379,115.81528619802,112.236011361687,-10857.53,31539.88,42397.41,-140862.87,66654.48,207517.35,-151720.4,98194.36,249914.76,-41.01,271.63,312.64,76157.48,89099.18,12941.7,-135737.87,14562.82,150300.69,11111.7,16332.99,5221.29,0.0,0.0,0.0,21179.38,27177.87,5998.49,-27289.3,147172.86,174462.16,-185886.85,14188.91,200075.76,-50933.7,8756.71,59690.41,-236820.55,22945.62,259766.17,135896.66,135896.66,-279974.6,404481.13,684455.73,-10.1147652297269,-10.1147652297269,105.967293304342,105.967293304342,,-16.856374561642,-16.856374561642,106.707308066292,116.407287813312,116.407287813312,163.3063,163.153665481337,-2.62272192665947,-2.62272192665947,2377378.11281785,2373854.5742317,15.3563730142199,141.5687,142.003344136102,-16.7609334685275,-16.7609334685275,2061937.14476383,2068032.18798028,13.3801805673154,21.7376,21.150321345235,315440.96805402,305822.386251421,1.97619244690448
2021,-31960.622625,-31951.3774098653,-14598.514101,-14763.396197758,6263.835101,6220.06019498535,43806.016678,44240.7638436723,3510.71505,3746.05043103432,0.292914561029296,80.150654361,0.0,80.150654361,6738.683435,6714.47871313469,13951.271377,13915.638372632,5.27437843889139,5.65182094901002,10803.527088,10786.268341366,232835.28172,232875.895207502,264328.76362,264292.280634635,38699.306063,38665.856123,28549.785477,28679.03457039,11.0070540539975,83.3740740420588,4539.691988,4566.20814638065,189029.26503,188635.13136383,260818.048558,260546.230203601,-2622.3001018,-17286.354128,3926.7262025,21213.080329,-332.70819935,10212.383416,9486.403719,-725.979699,1777.5474007,6863.116195,-5085.568794,13460.8133118,28318.78243465,27350.216825,968.56560645,101.09271331196,14308.1439011897,14269.005,109.39,106.185833333333,103.1775,107.2925,108.831666666667,103.268333333333,100.0675,104.516666666667,108.458333333333,109.289166666667,112.885833333333,1.56013603766381,1.56013603766381,142.433824927958,118.279234020421,3.66583333333333,3.66583333333333,6.36295066666667,3.5,3.5,,,,,,,,,,,,,,,,,,,,,,,,,,,,,,,,,,,,7182.31556058333,7182.31556058333,,,4413.9,4413.9,16976690.8,9443935.812,1569495.8658,5227853.941,111142.9593,3634390.8668,3189857.0724,3.70305535690934,3.70305535690934,123.796902095516,11120.0779,2.00639984613603,2.00639984613603,121.056173298665,6029.118772,4.23871935971686,4.23871935971686,117.513606390693,911.1981424,3.80316724720847,3.80316724720847,121.909475270167,3549.218802,17.9510970657467,17.9510970657467,122.627725508653,2458.0322724,24.8655354624084,24.8655354624084,113.006261379093,2105.2376603,117.810706962557,118.9740120156,-8471.9,33199.83,41671.73,-154610.6,71393.36,226003.96,-163082.5,104593.19,267675.69,100.61,238.04,137.43,77984.1,91921.04,13936.94,-121976.5,16788.52,138765.02,6372.7,17323.56,10950.86,0.0,0.0,0.0,22835.25,30586.58,7751.33,-14784.45,156619.69,171404.14,-186125.99,14770.51,200896.5,-58421.31,9890.31,68311.62,-244547.3,24660.82,269208.12,144905.38,144905.38,-277408.27,431017.11,708425.38,7.52209262356359,7.52209262356359,113.938251257377,113.938251257377,,18.7722356977397,18.7722356977397,126.738655443209,118.362680978509,118.362680978509,231.5224,230.787394747621,41.4540053799897,41.4540053799897,3314101.06612213,3303010.47345479,19.4147404697146,196.1899,195.382334564415,37.5899530768457,37.5899530768457,2808475.22949547,2796134.63667677,16.4352623405644,35.3325,35.4050601832064,505625.836626658,506875.836778019,2.97947812915027
2022,-35597.055113,-35596.1795766409,-20306.551151,-20165.43971433,6357.052972,6356.46273949935,62672.20169,62288.7352565299,13125.6483991,12883.5787050583,0.976774516855289,451.443025385,0.0,451.443025385,7306.283547,7296.02027385908,23085.863973,23000.64711217,6.85921107460938,7.2611747536039,11200.907448,11194.15828165,292538.14042,292326.810023641,334131.195388,333817.63569132,42903.338658,42892.1998505,43392.415128,43166.0868265,13.4467377423662,85.1100713640432,4843.854477,4837.69554215065,229865.93871,230038.074767111,321005.546973,320934.056986262,-701.54873569,-14441.190042,6611.915902,21053.105944,-48.360101222,14889.021707,13712.4932809,-1176.528426,5047.1770174,-3429.4330092,8476.6100263,3999.4611,29322.687199078,16447.1445088,12875.542690078,102.9270666071,14849.8539362105,15731.0,115.959166666667,107.888333333333,105.761666666667,112.093333333333,111.374166666667,111.639166666667,99.7833333333333,106.906666666667,110.758333333333,113.4825,118.0675,4.20945600503659,4.20945600503659,148.429514124592,123.258146339605,3.21,3.21,6.9726535,5.5,5.5,,,,,,,,,,,,,,,,,,,,,,,,,,,,,,,,,,,,7940.46666666667,7940.46666666667,,,4834.6,4834.6,19588445.6,10389313.933,1500692.7259,5697279.175,129369.68994,4797690.122,4094152.814,5.30859500543606,5.30859500543606,130.368778257043,11710.3978,4.94185739686734,4.94185739686734,127.03859675319,6327.069224,-4.51108774121661,-4.51108774121661,112.212464498541,870.0931947,3.87000507893736,3.87000507893736,126.627378154828,3686.5737499,16.2847385851922,16.2847385851922,142.597330040704,2858.3164023,14.7499930936895,14.7499930936895,129.674677127946,2415.7600698,123.500824876929,130.357260315419,-4615.5,37688.79,42304.29,-154363.31,73425.43,227788.74,-158978.81,111114.22,270093.03,76.96,420.12,343.16,79507.5,93866.65,14359.15,-114367.42,20757.16,135124.58,9908.17,20905.49,10997.32,0.0,0.0,0.0,27398.71,34685.33,7286.62,2446.95,170214.62,167767.67,-167849.2,18923.01,186772.21,-65153.39,11937.36,77090.75,-233002.6,30860.36,263862.96,137233.27,137233.27,-252224.21,449842.6,702066.81,1.32801391458103,1.32801391458103,115.451367088106,115.451367088106,,11.913262464844,11.913262464844,141.837364110573,122.853431960341,122.853431960341,291.9791,291.676400961418,26.3831593923847,26.3831593923847,4338161.14643418,4330927.3616906,22.0973565519981,237.4472,237.004546804657,21.3029557319162,21.3029557319162,3526685.25820355,3519994.93883208,17.9662542706322,54.5319,54.6718541567616,811475.888230633,810932.422858526,4.13110228136588
