country,BEL,BEL,BEL,BEL,BEL,BEL,BEL,BEL,BEL
subject,BSCICP03,CSCICP03,LOLITOAA,LOLITONO,LOLITOTR_GYSA,LOLITOTR_STSA,LORSGPNO,LORSGPRT,LORSGPTD
measure,,,,,,,,,
unit,Index,Index,Index,Index,Percentage,Index,Index,Index,Index
powercode,Units,Units,Units,Units,Units,Units,Units,Units,Units
reference_period,,,,,,,,,
time,,,,,,,,,
1960-02,,,,,,,99.87695,99.82871,22.6747
1960-03,,,,,,,99.87776,99.82942,22.76717
1960-04,,,,,,,99.87835,99.82994,22.86002
1960-05,,,,,,,99.87844,99.83002,22.95325
1960-06,,,,,,,99.87775,99.82941,23.04686
1960-07,,,,,,,99.87593,99.82781,23.14084
1960-08,,,,,,,99.87262,99.8249,23.23521
1960-09,,,,,,,99.86744,99.82034,23.32995
1960-10,,,,,,,99.85996,99.81375,23.42507
1960-11,,,,,,,99.84988,99.80487,23.52057
1960-12,,,,,,,99.83719,99.7937,23.61644
1961-01,,,,,,,99.82243,99.78071,23.71269
1961-02,,,,,,,99.80683,99.76697,23.80931
1961-03,,,,,,,99.79241,99.75427,23.90629
1961-04,,,,,,,99.7821,99.74519,24.00365
1961-05,,,,,,,99.77928,99.74271,24.10136
1961-06,,,,,,,99.78693,99.74944,24.19944
1961-07,,,,,,,99.8061,99.76632,24.29787
1961-08,,,,,,,99.83692,99.79346,24.39665
1961-09,,,,,,,99.87852,99.83009,24.49577
1961-10,,,,,,,99.92801,99.87366,24.59522
1961-11,,,,,,,99.98195,99.92117,24.69501
1961-12,,,,,,,100.037,99.96963,24.79512
1962-01,,,,,,,100.09,100.0164,24.89555
1962-02,,,,,,,100.138,100.0586,24.99628
1962-03,,,,,,,100.1771,100.093,25.09731
1962-04,,,,,,,100.2031,100.1159,25.19864
1962-05,,,,,,,100.2111,100.123,25.30025
1962-06,,,,,,,100.1967,100.1103,25.40214
1962-07,,,,,,,100.1582,100.0764,25.5043
1962-08,,,,,,,100.0951,100.0208,25.60672
1962-09,,,,,,,100.0082,99.9443,25.7094
1962-10,,,,,,,99.90176,99.85056,25.81232
1962-11,,,,,,,99.78119,99.74438,25.91549
1962-12,,,,,,,99.6525,99.63107,26.01889
1963-01,,,,,,,99.52262,99.51669,26.12251
1963-02,,,,,,,99.40011,99.40882,26.22635
1963-03,,,,,,,99.29597,99.31712,26.33039
1963-04,,,,,,,99.22396,99.25371,26.43463
1963-05,,,,,,,99.19932,99.23201,26.53905
1963-06,,,,,,,99.23538,99.26377,26.64363
1963-07,,,,,,,99.33665,99.35294,26.74836
1963-08,,,,,,,99.50344,99.49981,26.85322
1963-09,,,,,,,99.73166,99.70077,26.95819
1963-10,,,,,,,100.0077,99.94388,27.06325
1963-11,,,,,,,100.3156,100.215,27.16837
1963-12,,,,,,,100.6401,100.5007,27.27353
1964-01,,,,,,,100.9679,100.7893,27.37872
1964-02,,,,,,,101.2864,101.0698,27.4839
1964-03,,,,,,,101.5829,101.3309,27.58905
1964-04,,,,,,,101.8434,101.5603,27.69416
1964-05,,,,,,,102.0534,101.7452,27.79921
1964-06,,,,,,,102.2008,101.875,27.90418
1964-07,,,,,,,102.2822,101.9467,28.00907
1964-08,,,,,,,102.2983,101.9609,28.11386
1964-09,,,,,,,102.2541,101.922,28.21857
1964-10,,,,,,,102.1633,101.842,28.32318
1964-11,,,,,,,102.041,101.7343,28.42771
1964-12,,,,,,,101.9005,101.6106,28.53217
1965-01,,,,,,,101.7517,101.4795,28.63657
1965-02,,,,,,,101.6011,101.347,28.74093
1965-03,,,,,,,101.4526,101.2161,28.84527
1965-04,,,,,,,101.3079,101.0888,28.94961
1965-05,,,,,,,101.1678,100.9654,29.054
1965-06,,,,,,,101.0321,100.8459,29.15844
1965-07,,,,,,,100.9001,100.7296,29.26298
1965-08,,,,,,,100.7707,100.6157,29.36766
1965-09,,,,,,,100.6429,100.5032,29.4725
1965-10,,,,,,,100.5157,100.3912,29.57756
1965-11,,,,,,,100.3882,100.2789,29.68286
1965-12,,,101.2241,101.1611,,30.15311,100.26,100.166,29.78846
1966-01,,,100.9258,100.878,,30.17118,100.1317,100.053,29.8944
1966-02,,,100.5636,100.5341,,30.1698,100.0045,99.94102,30.00072
1966-03,,,100.2017,100.1906,,30.1682,99.88075,99.83205,30.10747
1966-04,,,99.8537,99.86027,,30.17049,99.76373,99.729,30.21469
1966-05,,,99.56364,99.58494,,30.19012,99.6572,99.6352,30.32244
1966-06,,,99.31824,99.35199,,30.22329,99.56445,99.55353,30.43075
1966-07,,,99.07862,99.12454,,30.25829,99.48643,99.48483,30.53968
1966-08,,,98.83797,98.89611,,30.29311,99.42294,99.42892,30.64926
1966-09,,,98.59264,98.66323,,30.32665,99.3726,99.3846,30.75955
1966-10,,,98.37754,98.45905,,30.36973,99.33166,99.34854,30.87059
1966-11,,,98.20795,98.29807,,30.4272,99.29585,99.317,30.98242
1966-12,,,98.07085,98.16794,1.134569,30.49522,99.26142,99.28669,31.09509
1967-01,,,97.95535,98.0583,1.323621,30.57053,99.22562,99.25517,31.20863
1967-02,,,97.86101,97.96874,1.601917,30.6531,99.18657,99.22078,31.3231
1967-03,,,97.78065,97.89246,1.897982,30.74078,99.14302,99.18243,31.43851
1967-04,,,97.74907,97.86249,2.23449,30.84465,99.0942,99.13945,31.55493
1967-05,,,97.75661,97.86964,2.556184,30.96184,99.03955,99.09132,31.67237
1967-06,,,97.8033,97.91396,2.876094,31.09254,98.97854,99.0376,31.79089
1967-07,,,97.91981,98.02456,3.266581,31.2467,98.91077,98.97792,31.9105
1967-08,,,98.08374,98.18017,3.711523,31.41745,98.83582,98.91193,32.03125
1967-09,,,98.28541,98.3716,4.20491,31.60186,98.75334,98.83929,32.15316
1967-10,,,98.49109,98.56683,4.674088,31.78923,98.66346,98.76015,32.27626
1967-11,,,98.68992,98.75557,5.090487,31.9761,98.5668,98.67503,32.40057
1967-12,,,98.88473,98.94049,5.47018,32.16336,98.4649,98.58531,32.52612
1968-01,,,99.09415,99.13928,5.844222,32.35714,98.36074,98.49358,32.65292
1968-02,,,99.32153,99.35511,6.216315,32.55859,98.25925,98.40421,32.781
1968-03,,,99.56448,99.58574,6.591406,32.76703,98.1678,98.32368,32.91036
1968-04,,,99.84454,99.85158,6.954219,32.98965,98.09612,98.26056,33.04102
1968-05,,,100.1178,100.111,7.267679,33.21205,98.05525,98.22458,33.17297
1968-06,,,100.3764,100.3564,7.522893,33.43159,98.05484,98.22421,33.30622
1968-07,,,100.6243,100.5918,7.689911,33.64954,98.09788,98.26212,33.44077
1968-08,,,100.8443,100.8006,7.774855,33.86011,98.18418,98.33811,33.57661
1968-09,,,101.0453,100.9914,7.797829,34.06612,98.3103,98.44916,33.71371
1968-10,,,101.2521,101.1876,7.822424,34.27592,98.46595,98.58623,33.85207
1968-11,,,101.4772,101.4013,7.873636,34.49377,98.63951,98.73906,33.99166
1968-12,,,101.7442,101.6547,7.973101,34.72778,98.82084,98.89873,34.13246
1969-01,,,102.0407,101.9362,8.086977,34.97385,99.00251,99.05871,34.27442
1969-02,,,102.3397,102.2201,8.182821,35.2228,99.17988,99.21489,34.41753
1969-03,,,102.6055,102.4723,8.225353,35.46223,99.35068,99.3653,34.56174
1969-04,,,102.7992,102.6562,8.150626,35.67852,99.5146,99.50964,34.70701
1969-05,,,102.8969,102.7489,7.981774,35.86296,99.67243,99.64862,34.8533
1969-06,,,102.8735,102.7268,7.701488,36.00632,99.82542,99.78333,35.00057
1969-07,,,102.7349,102.5952,7.312173,36.11006,99.97462,99.91472,35.14877
1969-08,,,102.4879,102.3607,6.839646,36.17602,100.1209,100.0435,35.29785
1969-09,,,102.1283,102.0194,6.27044,36.20222,100.2649,100.1703,35.44777
1969-10,,,101.6462,101.5617,5.56823,36.18449,100.4065,100.295,35.59847
1969-11,,,101.0753,101.0199,4.756133,36.13435,100.5453,100.4172,35.74991
1969-12,,,100.5059,100.4794,3.904346,36.08367,100.6801,100.5359,35.90203
1970-01,,,100.0039,100.0028,3.094723,36.05619,100.8088,100.6493,36.0548
1970-02,,,99.60262,99.62194,2.388988,36.06427,100.9277,100.7539,36.20815
1970-03,,,99.30137,99.33598,1.821012,36.10801,101.0308,100.8447,36.36204
1970-04,,,99.07761,99.12358,1.404458,36.17961,101.1102,100.9146,36.51643
1970-05,,,98.9233,98.9771,1.152901,36.27642,101.1564,100.9554,36.67126
1970-06,,,98.85835,98.91546,1.110203,36.40607,101.1611,100.9595,36.8265
1970-07,,,98.88521,98.94095,1.273224,36.56982,101.1212,100.9244,36.98209
1970-08,,,98.97903,99.03,1.611088,36.75885,101.0366,100.8498,37.13802
1970-09,,,99.09815,99.14307,2.087346,36.95788,100.9097,100.7381,37.29422
1970-10,,,99.19589,99.23586,2.667016,37.14953,100.7495,100.597,37.45068
1970-11,,,99.21243,99.25156,3.256775,37.31116,100.5663,100.4358,37.60735
1970-12,,,99.11283,99.15701,3.728809,37.42916,100.3701,100.263,37.7642
1971-01,,,98.91668,98.97083,4.033141,37.51039,100.1696,100.0864,37.9212
1971-02,,,98.6676,98.73439,4.177808,37.57096,99.9726,99.91294,38.07832
1971-03,,,98.40015,98.48051,4.197975,37.62381,99.78696,99.74947,38.23552
1971-04,,,98.16185,98.25432,4.166593,37.68706,99.62077,99.60312,38.39278
1971-05,,,97.98028,98.08195,4.121205,37.77145,99.48215,99.48106,38.55005
1971-06,,,97.84344,97.95207,4.028164,37.87256,99.37777,99.38915,38.70731
1971-07,,,97.75062,97.86396,3.884291,37.9903,99.30937,99.32892,38.86451
1971-08,,,97.7423,97.85606,3.75903,38.14062,99.27634,99.29983,39.02161
1971-09,,,97.85469,97.96275,3.7345,38.33807,99.27579,99.29935,39.17858
1971-10,,,98.09176,98.18777,3.863328,38.58474,99.30015,99.32079,39.33535
1971-11,,,98.4193,98.49869,4.171632,38.86765,99.34109,99.35685,39.49189
1971-12,,,98.77659,98.83784,4.632554,39.16309,99.39182,99.40152,39.64815
1972-01,,,99.10744,99.1519,5.167633,39.44879,99.44805,99.45103,39.80407
1972-02,,,99.41123,99.44026,5.731411,39.72431,99.50825,99.50404,39.95958
1972-03,,,99.66677,99.68283,6.26506,39.98097,99.57336,99.56137,40.11464
1972-04,,,99.90382,99.90784,6.748714,40.23045,99.6464,99.62569,40.26918
1972-05,,,100.1645,100.1553,7.196381,40.48962,99.73162,99.70074,40.42315
1972-06,,,100.4475,100.4239,7.618917,40.75805,99.83308,99.79008,40.57646
1972-07,,,100.7481,100.7093,8.011212,41.03378,99.95248,99.89522,40.72907
1972-08,,,101.0575,101.003,8.318151,41.31322,100.0903,100.0166,40.88089
1972-09,,,101.3601,101.2902,8.48205,41.58993,100.2457,100.1534,41.03186
1972-10,,,101.649,101.5645,8.491138,41.86102,100.415,100.3025,41.18192
1972-11,,,101.8769,101.7807,8.333579,42.10671,100.5941,100.4602,41.33098
1972-12,,,102.0356,101.9314,8.069373,42.32331,100.779,100.623,41.47898
1973-01,,103.0752,102.1278,102.0189,7.763936,42.51157,100.9664,100.7881,41.62585
1973-02,,102.9104,102.1692,102.0582,7.434518,42.67762,101.1542,100.9534,41.77151
1973-03,,102.7657,102.1968,102.0844,7.142836,42.83674,101.3402,101.1172,41.91592
1973-04,,102.6491,102.2321,102.1179,6.878646,42.99776,101.5232,101.2783,42.05899
1973-05,,102.7015,102.2706,102.1544,6.592385,43.15886,101.702,101.4358,42.20066
1973-06,,102.9196,102.3106,102.1924,6.283836,43.31921,101.8761,101.5891,42.34089
1973-07,,103.1036,102.337,102.2175,5.94286,43.47236,102.0461,101.7388,42.47961
1973-08,,103.2291,102.2865,102.1696,5.514001,43.59123,102.2132,101.8859,42.61678
1973-09,,103.2635,102.1311,102.022,4.985619,43.66344,102.379,102.032,42.75236
1973-10,,103.0404,101.8924,101.7955,4.387995,43.69788,102.5459,102.1789,42.8863
1973-11,,102.4219,101.6138,101.531,3.814339,43.7128,102.7149,102.3277,43.01858
1973-12,,101.5218,101.3748,101.3042,3.352993,43.7424,102.8847,102.4772,43.14917
1974-01,,100.9303,101.199,101.1372,3.02358,43.79694,103.0501,102.6228,43.27806
1974-02,,100.6466,101.0439,100.99,2.76654,43.85831,103.1997,102.7547,43.40523
1974-03,,100.4734,100.8443,100.8006,2.477963,43.89822,103.3153,102.8564,43.53069
1974-04,,100.3004,100.5521,100.5232,2.087731,43.89544,103.3713,102.9058,43.65444
1974-05,,100.0814,100.1238,100.1166,1.556643,43.83068,103.3382,102.8765,43.7765
1974-06,,99.80967,99.5291,99.55215,0.8563968,43.6902,103.1897,102.7458,43.89691
1974-07,,99.5407,98.73986,98.80298,-0.02605993,43.46103,102.9175,102.5062,44.01569
1974-08,,99.27017,97.81994,97.92976,-0.9645178,43.17078,102.5235,102.1592,44.13291
1974-09,,99.00624,96.88142,97.03889,-1.820193,42.86869,102.0208,101.7165,44.24861
1974-10,,98.8432,96.02358,96.2246,-2.515143,42.59882,101.4286,101.1951,44.36287
1974-11,,98.83186,95.35023,95.58544,-2.985528,42.40775,100.7747,100.6192,44.47576
1974-12,,98.94581,94.9175,95.17468,-3.249004,42.32121,100.0875,100.0142,44.58736
1975-01,,99.09279,94.73462,95.00108,-3.316882,42.34425,99.39555,99.40481,44.69775
1975-02,,99.19748,94.79021,95.05386,-3.159366,42.47267,98.72785,98.81685,44.80702
1975-03,,99.25132,95.05627,95.3064,-2.741498,42.69475,98.11685,98.27882,44.91524
1975-04,,99.20782,95.47962,95.70826,-2.068844,42.98732,97.59921,97.823,45.0225
1975-05,,99.12553,95.99147,96.19412,-1.16543,43.31987,97.21352,97.48338,45.12888
1975-06,,99.01471,96.59023,96.76248,0.004214081,43.69204,96.99193,97.28825,45.23443
1975-07,,98.91962,97.32504,97.45999,1.53099,44.12642,96.94273,97.24493,45.33922
1975-08,,98.8326,98.20187,98.2923,3.371246,44.62617,97.06155,97.34956,45.4433
1975-09,,98.78913,99.13106,99.17431,5.323822,45.15094,97.32986,97.58582,45.54671
1975-10,,98.95487,100.0179,100.0161,7.180579,45.65766,97.72163,97.93081,45.64948
1975-11,,99.47234,100.7691,100.7292,8.714869,46.10352,98.20144,98.35331,45.75164
1975-12,,100.2951,101.3145,101.2469,9.769856,46.45593,98.73386,98.82214,45.85319
1976-01,,100.8673,101.6232,101.54,10.28672,46.70008,99.28678,99.30903,45.95414
1976-02,,101.0716,101.715,101.6271,10.29293,46.84435,99.83066,99.78795,46.05452
1976-03,,101.0509,101.6264,101.543,9.861225,46.90498,100.3364,100.2333,46.15431
1976-04,,101.0037,101.4102,101.3377,9.115379,46.90577,100.7738,100.6185,46.25352
1976-05,,101.0083,101.1317,101.0734,8.210648,46.87671,101.1125,100.9167,46.35216
1976-06,,101.0702,100.8356,100.7923,7.201119,46.83835,101.3278,101.1062,46.45023
1976-07,,101.1168,100.5573,100.5281,6.075123,46.80715,101.4132,101.1815,46.54775
1976-08,,101.133,100.2691,100.2546,4.804525,46.77025,101.3726,101.1458,46.64472
1976-09,,101.1143,99.97295,99.97346,3.494053,46.72853,101.2198,101.0112,46.74118
1976-10,,101.0505,99.69292,99.70765,2.268292,46.69331,100.9768,100.7972,46.83714
1976-11,,100.9447,99.47082,99.49683,1.259663,46.68427,100.6712,100.5281,46.93263
1976-12,,100.8765,99.31256,99.3466,0.5348499,46.7044,100.3294,100.2271,47.02769
1977-01,,100.9117,99.19308,99.23318,0.08998594,46.74211,99.97373,99.91393,47.12234
1977-02,,100.9736,99.10735,99.15181,-0.1050289,46.79515,99.62304,99.60513,47.21663
1977-03,,101.004,99.04587,99.09344,-0.09762855,46.85918,99.29413,99.31549,47.31059
1977-04,,100.9021,99.0145,99.06367,0.06674441,46.93708,99.0032,99.05932,47.40425
1977-05,,100.6901,99.01353,99.06275,0.3250521,47.02909,98.76595,98.8504,47.49764
1977-06,,100.4189,99.00755,99.05708,0.5980626,47.11848,98.59502,98.69988,47.59079
1977-07,,100.1834,99.02567,99.07428,0.8801541,47.21913,98.49397,98.6109,47.68372
1977-08,,99.99958,99.11253,99.15672,1.244821,47.35246,98.4621,98.58285,47.77646
1977-09,,99.84341,99.28718,99.32251,1.710429,47.52779,98.49456,98.61142,47.86901
1977-10,,99.83491,99.52143,99.54487,2.224216,47.73187,98.57719,98.68419,47.9614
1977-11,,100.0005,99.73624,99.74878,2.661691,47.92686,98.69389,98.78695,48.05361
1977-12,,100.2816,99.87482,99.88032,2.956846,48.08538,98.8301,98.90688,48.14565
1978-01,,100.3691,99.90609,99.91,3.102347,48.19221,98.974,99.0336,48.23751
1978-02,,100.2094,99.85393,99.86049,3.127324,48.25859,99.11617,99.15879,48.32919
1978-03,,99.91656,99.8021,99.81129,3.127782,48.32484,99.24868,99.27547,48.42066
1978-04,,99.73588,99.8126,99.82125,3.161532,48.42101,99.36426,99.37725,48.51192
1978-05,,99.74577,99.8924,99.897,3.235371,48.55065,99.45599,99.45802,48.60295
1978-06,,99.84196,100.0429,100.0398,3.38747,48.7146,99.51817,99.51278,48.69372
1978-07,,99.92433,100.2347,100.222,3.557031,48.89873,99.54888,99.53983,48.78421
1978-08,,99.99747,100.4207,100.3985,3.648284,49.08001,99.54786,99.53893,48.8744
1978-09,,100.0883,100.5596,100.5303,3.598841,49.23824,99.51654,99.51134,48.96426
1978-10,,100.173,100.6504,100.6165,3.437789,49.37279,99.46049,99.46199,49.05376
1978-11,,100.283,100.7094,100.6725,3.264629,49.4915,99.3866,99.39693,49.14287
1978-12,,100.42,100.7568,100.7176,3.158529,49.60417,99.30205,99.32246,49.23156
1979-01,,100.4462,100.8421,100.7985,3.201546,49.7351,99.21467,99.24552,49.3198
1979-02,,100.341,101.0061,100.9541,3.41083,49.90461,99.13418,99.17464,49.40754
1979-03,,100.1746,101.2386,101.1749,3.689542,50.1078,99.07362,99.12132,49.49474
1979-04,,100.0165,101.5102,101.4326,3.942748,50.33013,99.05044,99.10091,49.58137
1979-05,,99.90524,101.7988,101.7066,4.140295,50.56079,99.08622,99.13242,49.66737
1979-06,,99.8093,102.0343,101.9302,4.208627,50.76482,99.20381,99.23596,49.7527
1979-07,,99.73878,102.2088,102.0958,4.170663,50.93813,99.4204,99.42669,49.8373
1979-08,,99.64434,102.2889,102.1718,4.041831,51.06374,99.75105,99.71784,49.92111
1979-09,,99.48775,102.262,102.1463,3.852572,51.13518,100.205,100.1176,50.00407
1979-10,,99.33639,102.1075,101.9996,3.582729,51.14169,100.7739,100.6185,50.08612
1979-11,,99.12617,101.87,101.7742,3.260822,51.10533,101.4277,101.1942,50.16719
1979-12,,98.813,101.5952,101.5133,2.912261,51.04877,102.1024,101.7884,50.24723
1980-01,,98.58292,101.3251,101.257,2.529299,50.99305,102.7084,102.322,50.32617
1980-02,,98.37818,101.0132,100.9609,2.023914,50.91463,103.1446,102.7061,50.40396
1980-03,,98.12729,100.5939,100.5629,1.342183,50.78034,103.3451,102.8826,50.48055
1980-04,,97.9498,100.076,100.0713,0.5249315,50.59433,103.3045,102.8469,50.55592
1980-05,,97.81678,99.53657,99.55923,-0.3271099,50.3954,103.0668,102.6376,50.63004
1980-06,,97.72839,99.02885,99.07729,-1.091927,50.2105,102.6968,102.3118,50.7029
1980-07,,97.65002,98.57301,98.64459,-1.743588,50.04998,102.265,101.9316,50.77452
1980-08,,97.60076,98.20157,98.29202,-2.21927,49.9305,101.8343,101.5523,50.84491
1980-09,,97.53494,97.92975,98.034,-2.493702,49.86002,101.4522,101.2158,50.91407
1980-10,,97.39142,97.77218,97.88443,-2.533012,49.84626,101.1429,100.9435,50.98205
1980-11,,97.15936,97.70201,97.81782,-2.405957,49.87576,100.9187,100.7461,51.04885
1980-12,,96.82502,97.7084,97.82389,-2.165737,49.94319,100.7857,100.6289,51.11453
1981-01,,96.60375,97.79625,97.90727,-1.846931,50.05125,100.7432,100.5915,51.17911
1981-02,,96.48726,97.95969,98.06241,-1.409267,50.19711,100.7841,100.6275,51.24262
1981-03,,96.46484,98.19531,98.28608,-0.7899111,50.37922,100.8875,100.7186,51.30512
1981-04,,96.44306,98.46524,98.5423,-0.03172453,50.57828,101.0064,100.8232,51.36663
1981-05,,96.46506,98.75836,98.82053,0.7803501,50.78866,101.0896,100.8965,51.4272
1981-06,,96.53542,99.0572,99.10421,1.575305,51.00147,101.1033,100.9086,51.48689
1981-07,,96.59826,99.3235,99.35699,2.291813,51.19703,101.0551,100.8662,51.54573
1981-08,,96.66359,99.53771,99.56032,2.873482,51.36524,100.9715,100.7925,51.6038
1981-09,,96.74454,99.68462,99.69977,3.285591,51.49822,100.88,100.712,51.66115
1981-10,,96.79198,99.75657,99.76807,3.502154,51.59195,100.7946,100.6368,51.71785
1981-11,,96.81035,99.78496,99.79501,3.582633,51.66262,100.7201,100.5712,51.77396
1981-12,,96.81029,99.80024,99.80952,3.56971,51.72602,100.6566,100.5152,51.82955
1982-01,,96.79019,99.8393,99.8466,3.496569,51.80132,100.6034,100.4684,51.8847
1982-02,,96.73631,99.90016,99.90437,3.367754,51.88763,100.5584,100.4288,51.93948
1982-03,,96.64281,99.9529,99.95443,3.156571,51.96948,100.5171,100.3924,51.99397
1982-04,,96.5657,99.94369,99.94569,2.848363,52.01893,100.4701,100.351,52.04824
1982-05,,96.51952,99.81925,99.82757,2.401206,52.0082,100.4057,100.2943,52.10238
1982-06,,96.55447,99.6224,99.64071,1.878466,51.95951,100.3116,100.2114,52.15646
1982-07,,96.60576,99.42438,99.45274,1.392674,51.91003,100.1784,100.0941,52.21057
1982-08,,96.65552,99.23183,99.26998,0.9696772,51.86332,100.001,99.93796,52.2648
1982-09,,96.68143,99.0649,99.11151,0.6442245,51.82998,99.783,99.74598,52.31923
1982-10,,96.60701,98.9647,99.0164,0.4647196,51.83171,99.54346,99.53505,52.37394
1982-11,,96.4725,98.94547,98.99815,0.4133071,51.87615,99.30704,99.32687,52.42903
1982-12,,96.31248,98.98051,99.03141,0.4320419,51.9495,99.09542,99.14053,52.48457
1983-01,,96.29032,99.03197,99.08026,0.4454043,52.03205,98.91858,98.98479,52.54066
1983-02,,96.46475,99.11255,99.15675,0.4682392,52.13058,98.78204,98.86457,52.59736
1983-03,,96.81194,99.24606,99.28348,0.5547379,52.25777,98.69151,98.78485,52.65476
1983-04,,97.05107,99.37152,99.40257,0.6972453,52.38163,98.65441,98.75218,52.71292
1983-05,,97.08432,99.47049,99.49651,0.9311475,52.49248,98.67894,98.77377,52.77191
1983-06,,96.95448,99.56921,99.59022,1.240736,52.60419,98.76912,98.85319,52.83179
1983-07,,96.81171,99.67746,99.69298,1.564227,52.72203,98.91531,98.98192,52.89262
1983-08,,96.64987,99.81199,99.82068,1.911904,52.8549,99.10089,99.14534,52.95446
1983-09,,96.4492,99.98165,99.98172,2.272086,53.00761,99.30473,99.32484,53.01733
1983-10,,96.33819,100.1861,100.1758,2.601504,53.18011,99.50066,99.49736,53.0813
1983-11,,96.40072,100.3825,100.3622,2.840481,53.34968,99.66325,99.64053,53.14641
1983-12,,96.59025,100.5438,100.5154,2.988639,53.50208,99.77414,99.73817,53.21268
1984-01,,96.66731,100.6259,100.5933,3.039703,53.61367,99.83041,99.78773,53.28017
1984-02,,96.60032,100.5964,100.5653,2.947424,53.6671,99.83761,99.79407,53.34892
1984-03,,96.48848,100.4577,100.4336,2.689912,53.66346,99.80628,99.76648,53.41895
1984-04,,96.43206,100.2952,100.2794,2.418035,53.64824,99.75188,99.71858,53.49031
1984-05,,96.44738,100.1958,100.185,2.239312,53.66795,99.69049,99.66452,53.56305
1984-06,,96.52328,100.1841,100.1739,2.151447,53.73595,99.63593,99.61647,53.63719
1984-07,,96.60577,100.2178,100.2059,2.101128,53.82978,99.59727,99.58243,53.71277
1984-08,,96.71893,100.2685,100.254,2.042079,53.93423,99.57935,99.56665,53.78983
1984-09,,96.88242,100.2833,100.268,1.911789,54.021,99.58183,99.56883,53.8684
1984-10,,96.99834,100.2438,100.2306,1.692207,54.08003,99.5966,99.58184,53.94851
1984-11,,97.08125,100.1622,100.1531,1.439789,54.1178,99.61317,99.59643,54.03019
1984-12,,97.14232,100.0261,100.024,1.169184,54.12762,99.62289,99.605,54.11347
1985-01,99.39956,97.10636,99.87788,99.88322,0.9671382,54.13219,99.62288,99.60499,54.19837
1985-02,99.08935,97.14436,99.78414,99.79424,0.9328852,54.16775,99.61434,99.59747,54.28493
1985-03,98.82972,97.19778,99.73936,99.75174,1.058412,54.23144,99.60139,99.58607,54.37316
1985-04,98.741,97.27512,99.73901,99.7514,1.253923,54.32094,99.59029,99.57629,54.46309
1985-05,98.72712,97.33939,99.77369,99.78432,1.422308,54.43127,99.58701,99.57339,54.55473
1985-06,98.91,97.38831,99.82428,99.83234,1.518816,54.5521,99.5945,99.57999,54.64812
1985-07,99.11586,97.46866,99.88409,99.88912,1.579129,54.67982,99.60914,99.59288,54.74327
1985-08,99.27444,97.58808,99.94302,99.94505,1.62182,54.80895,99.6246,99.6065,54.8402
1985-09,99.4497,97.96918,100.0131,100.0116,1.712552,54.94614,99.63496,99.61562,54.93892
1985-10,99.46285,98.53662,100.0764,100.0716,1.851763,55.08147,99.6374,99.61777,55.03944
1985-11,99.39028,98.85079,100.1102,100.1037,2.004395,55.20254,99.63094,99.61208,55.14178
1985-12,99.29564,98.89825,100.1055,100.0993,2.173769,55.30423,99.61535,99.59836,55.24595
1986-01,99.32063,98.87589,100.0695,100.0651,2.324363,55.39042,99.59051,99.57648,55.35196
1986-02,99.36127,98.76968,100.007,100.0058,2.392534,55.46373,99.55701,99.54697,55.45982
1986-03,99.38851,98.79018,99.92534,99.92827,2.390868,55.52804,99.51716,99.51189,55.56953
1986-04,99.29845,98.88841,99.85902,99.86531,2.359424,55.6026,99.47636,99.47596,55.68111
1986-05,99.2489,99.0306,99.80286,99.812,2.302496,55.68455,99.43539,99.43989,55.79454
1986-06,99.20377,99.19825,99.74254,99.75475,2.225034,55.7659,99.38264,99.39344,55.90985
1986-07,99.18266,99.44281,99.67468,99.69035,2.130445,55.84475,99.28603,99.30836,56.02701
1986-08,99.23326,99.71799,99.59697,99.61657,2.02667,55.91975,99.11337,99.15633,56.14603
1986-09,99.19776,99.69422,99.51525,99.539,1.907349,55.99415,98.8555,98.92925,56.26691
1986-10,99.13524,99.48712,99.43661,99.46436,1.798184,56.07193,98.554,98.66376,56.38962
1986-11,99.12066,99.36637,99.3629,99.39439,1.723795,56.15411,98.27071,98.41431,56.51416
1986-12,99.08909,99.47089,99.30701,99.34134,1.706537,56.24801,98.06039,98.2291,56.64052
1987-01,99.05042,99.69341,99.29152,99.32663,1.762142,56.36647,97.94254,98.12533,56.76867
1987-02,99.06635,99.93016,99.32501,99.35842,1.89453,56.51451,97.91779,98.10353,56.89857
1987-03,99.10712,100.1142,99.3991,99.42875,2.088022,56.68748,97.97722,98.15587,57.03017
1987-04,99.12655,100.2936,99.50481,99.52909,2.298029,56.88037,98.10448,98.26794,57.16343
1987-05,99.18501,100.4274,99.63709,99.65466,2.524585,57.09035,98.28255,98.42474,57.29829
1987-06,99.10254,100.4822,99.78967,99.79949,2.775841,57.31387,98.49529,98.61206,57.43467
1987-07,99.09161,100.4553,99.95469,99.95613,3.047141,57.54642,98.72511,98.81444,57.5725
1987-08,99.09383,100.3792,100.0745,100.0699,3.281401,57.7547,98.95596,99.01772,57.7117
1987-09,99.13644,100.27,100.1406,100.1326,3.463482,57.9335,99.17472,99.21035,57.85217
1987-10,99.34835,100.1637,100.1693,100.1598,3.602613,58.09199,99.37233,99.38436,57.99382
1987-11,99.51726,100.206,100.1828,100.1726,3.719579,58.24281,99.54324,99.53485,58.13655
1987-12,99.67821,100.3253,100.1963,100.1855,3.816427,58.39468,99.68597,99.66055,58.28026
1988-01,99.7809,100.4074,100.2149,100.2031,3.874503,58.55039,99.8056,99.76588,58.42485
1988-02,99.98362,100.4712,100.2352,100.2224,3.881225,58.70796,99.91012,99.85792,58.57021
1988-03,100.2958,100.5273,100.275,100.2601,3.86361,58.87766,100.0085,99.94454,58.71622
1988-04,100.6663,100.5343,100.3316,100.3139,3.828397,59.05797,100.1095,100.0335,58.86279
1988-05,100.8351,100.598,100.4076,100.386,3.783387,59.2503,100.2198,100.1306,59.00978
1988-06,100.9635,100.7093,100.5025,100.4761,3.734697,59.45437,100.3414,100.2377,59.15711
1988-07,101.0099,100.7584,100.5982,100.5669,3.671738,59.65937,100.4684,100.3495,59.30464
1988-08,101.0568,100.8177,100.6869,100.6511,3.646315,59.86062,100.5916,100.458,59.45226
1988-09,101.1004,100.9742,100.7666,100.7268,3.664996,60.05676,100.7021,100.5553,59.59986
1988-10,101.0947,101.0932,100.8245,100.7818,3.697518,60.23995,100.7953,100.6374,59.74733
1988-11,101.108,101.1738,100.8796,100.834,3.740456,60.42136,100.8694,100.7026,59.89455
1988-12,101.2194,101.1508,100.9439,100.8951,3.790514,60.60814,100.925,100.7516,60.04141
1989-01,101.3053,101.0896,101.0037,100.9519,3.828341,60.7919,100.9666,100.7882,60.18781
1989-02,101.3834,101.17,101.0788,101.0232,3.877761,60.98452,100.9988,100.8166,60.33364
1989-03,101.5077,101.2555,101.1932,101.1318,3.945117,61.20045,101.0242,100.839,60.4788
1989-04,101.6911,101.2851,101.3392,101.2703,4.024971,61.43504,101.0422,100.8548,60.62319
1989-05,101.9082,101.3055,101.5048,101.4275,4.102632,61.68112,101.0529,100.8643,60.7667
1989-06,102.0389,101.4618,101.6758,101.5899,4.163862,61.92997,101.0636,100.8736,60.90926
1989-07,101.9068,101.6226,101.832,101.7381,4.206906,62.16919,101.0935,100.9,61.05077
1989-08,101.6024,101.6566,101.9362,101.8371,4.201959,62.37593,101.1649,100.9629,61.19113
1989-09,101.3795,101.6849,101.9687,101.8679,4.130972,62.53769,101.2914,101.0743,61.33027
1989-10,101.2857,101.7127,101.9452,101.8456,4.023662,62.6638,101.4645,101.2267,61.46812
1989-11,101.4407,101.7783,101.8996,101.8023,3.895063,62.77481,101.6611,101.3998,61.60458
1989-12,101.5473,101.8265,101.8464,101.7518,3.747731,62.87957,101.8477,101.5641,61.73959
1990-01,101.592,101.8398,101.7986,101.7064,3.609088,62.98594,101.9837,101.6838,61.87309
1990-02,101.5922,101.8695,101.7438,101.6544,3.446315,63.08624,102.0324,101.7268,62.005
1990-03,101.5521,101.7853,101.6375,101.5535,3.189946,63.15272,101.9771,101.6781,62.13528
1990-04,101.4258,101.6795,101.4863,101.41,2.855512,63.18932,101.8422,101.5592,62.2639
1990-05,101.2669,101.7338,101.3115,101.2441,2.477215,63.2091,101.6699,101.4075,62.39081
1990-06,101.2268,101.8341,101.1228,101.065,2.079734,63.21795,101.5028,101.2604,62.516
1990-07,101.1502,101.8105,100.8947,100.8484,1.657837,63.19985,101.3699,101.1434,62.63943
1990-08,101.0517,101.4754,100.637,100.6038,1.258436,63.1609,101.2853,101.0688,62.76111
1990-09,100.7558,100.9616,100.3663,100.3468,0.9172657,63.11132,101.2456,101.0339,62.88101
1990-10,100.4501,100.5854,100.1052,100.099,0.6409025,63.06541,101.2236,101.0145,62.99914
1990-11,100.0535,100.3368,99.85295,99.85956,0.3948601,63.02268,101.1886,100.9837,63.11549
1990-12,99.63099,100.0394,99.59119,99.61108,0.1463277,62.97158,101.1259,100.9285,63.23007
1991-01,99.24445,99.85497,99.39143,99.42146,-0.04531017,62.9574,101.0564,100.8673,63.34288
1991-02,98.88411,100.0099,99.31857,99.35231,-0.1025093,63.02156,101.0152,100.831,63.45396
1991-03,98.72773,100.4287,99.4123,99.44128,0.05863613,63.18975,101.0291,100.8432,63.56331
1991-04,98.82779,100.6776,99.62344,99.6417,0.3827874,63.43121,101.094,100.9004,63.67096
1991-05,98.90408,100.7459,99.89317,99.89773,0.790578,63.70881,101.1917,100.9865,63.77695
1991-06,98.84399,100.7382,100.1665,100.1572,1.217557,63.98766,101.3027,101.0842,63.88129
1991-07,98.86262,100.8455,100.402,100.3808,1.647822,64.24127,101.4173,101.1851,63.98404
1991-08,98.90809,100.9198,100.5727,100.5427,2.04452,64.45223,101.5329,101.2869,64.08523
1991-09,98.86112,100.9572,100.6802,100.6448,2.392838,64.62148,101.651,101.3909,64.18491
1991-10,98.79887,100.9645,100.7407,100.7023,2.685934,64.75931,101.7741,101.4993,64.28315
1991-11,98.64163,101.0207,100.7842,100.7435,2.954748,64.88484,101.8985,101.6089,64.38
1991-12,98.52442,101.0328,100.8128,100.7707,3.220548,64.9996,102.0067,101.7041,64.47553
1992-01,98.6085,100.936,100.8146,100.7724,3.396609,65.09581,102.0594,101.7505,64.56983
1992-02,98.72565,100.6615,100.7556,100.7164,3.379781,65.15156,102.015,101.7114,64.66298
1992-03,98.63972,100.3517,100.6126,100.5807,3.104985,65.15178,101.8515,101.5674,64.75507
1992-04,98.42069,100.1424,100.4141,100.3923,2.654161,65.11477,101.5966,101.343,64.84621
1992-05,98.22124,100.0598,100.1672,100.1579,2.097545,65.04514,101.2937,101.0763,64.93654
1992-06,98.13206,99.97378,99.90956,99.91329,1.531046,64.96735,100.9743,100.795,65.02615
1992-07,97.99921,99.97543,99.68811,99.70309,1.04424,64.9121,100.6348,100.496,65.11519
1992-08,97.76799,99.93208,99.46578,99.49205,0.6256157,64.85546,100.2569,100.1633,65.20379
1992-09,97.47029,99.80039,99.20767,99.24704,0.2371778,64.77474,99.82947,99.7869,65.29207
1992-10,97.07375,99.63035,98.89857,98.95363,-0.1532425,64.66007,99.37229,99.38432,65.38019
1992-11,96.59756,99.50016,98.54695,98.61987,-0.566938,64.51698,98.92197,98.98779,65.46827
1992-12,96.19979,99.37143,98.19788,98.28851,-0.9608567,64.37505,98.51985,98.63369,65.55646
1993-01,95.94403,99.14068,97.88686,97.99328,-1.287478,64.25772,98.20004,98.35207,65.64489
1993-02,95.90614,98.92547,97.62819,97.74774,-1.499503,64.17461,97.9873,98.16475,65.73369
1993-03,95.92065,98.78352,97.46575,97.59355,-1.530173,64.15485,97.88921,98.07837,65.82296
1993-04,95.85515,98.61307,97.39819,97.52942,-1.408085,64.1979,97.88037,98.07058,65.91283
1993-05,95.88678,98.49158,97.41198,97.54252,-1.152936,64.2952,97.92547,98.1103,66.00339
1993-06,95.93113,98.37395,97.51575,97.64102,-0.7920629,64.45276,97.99564,98.17208,66.09471
1993-07,96.04712,98.21394,97.7002,97.81609,-0.381088,64.66473,98.0808,98.24707,66.1869
1993-08,96.17439,98.16063,97.92374,98.02829,0.07464956,64.90387,98.18208,98.33626,66.28001
1993-09,96.45391,98.14761,98.18819,98.27932,0.612604,65.17155,98.30296,98.4427,66.37413
1993-10,96.80965,98.08414,98.49911,98.57446,1.255164,65.47166,98.43915,98.56262,66.46928
1993-11,97.37847,98.04524,98.87392,98.93024,2.01339,65.81596,98.58395,98.69012,66.56554
1993-12,98.04533,98.1777,99.32853,99.36176,2.85866,66.21532,98.73229,98.82076,66.66294
1994-01,98.78397,98.52261,99.81618,99.82465,3.705499,66.63879,98.88412,98.95446,66.76151
1994-02,99.37207,98.8631,100.2507,100.2371,4.447685,67.02889,99.04079,99.09241,66.86128
1994-03,99.59864,99.20604,100.6017,100.5703,5.004028,67.36517,99.20111,99.23358,66.96229
1994-04,99.76732,99.53989,100.863,100.8183,5.366848,67.6433,99.35683,99.3707,67.06454
1994-05,99.96051,99.84598,101.0556,101.0012,5.571033,67.87711,99.49984,99.49664,67.16806
1994-06,100.1799,100.0401,101.1946,101.1331,5.622334,68.07652,99.62952,99.61083,67.27286
1994-07,100.4445,100.2176,101.312,101.2445,5.5644,68.26293,99.76081,99.72644,67.37894
1994-08,100.7709,100.518,101.4473,101.373,5.48379,68.46307,99.90984,99.85767,67.48634
1994-09,101.0913,100.869,101.6156,101.5328,5.394331,68.68713,100.0793,100.0069,67.59503
1994-10,101.3449,101.0401,101.7744,101.6834,5.246119,68.90638,100.242,100.1502,67.70505
1994-11,101.6488,101.0003,101.8858,101.7892,4.982533,69.09527,100.3614,100.2553,67.81638
1994-12,101.9903,100.8845,101.9201,101.8218,4.557894,69.23334,100.4118,100.2997,67.92903
1995-01,102.1768,100.8366,101.8267,101.7331,3.97245,69.28598,100.4017,100.2908,68.04303
1995-02,102.0229,100.7713,101.6306,101.547,3.343179,69.26978,100.3552,100.2498,68.15837
1995-03,101.5086,100.7168,101.3718,101.3013,2.741001,69.21165,100.2975,100.1991,68.27508
1995-04,100.8609,100.7033,101.054,100.9996,2.174217,69.11401,100.243,100.151,68.39317
1995-05,100.1948,100.6403,100.6842,100.6486,1.626904,68.98141,100.1963,100.1099,68.51264
1995-06,99.70626,100.5466,100.3089,100.2924,1.129685,68.84556,100.1543,100.0729,68.63353
1995-07,99.35612,100.2984,99.94155,99.94366,0.6632161,68.71567,100.1059,100.0303,68.75585
1995-08,99.17642,99.91969,99.61633,99.63494,0.2224145,68.61533,100.0377,99.97027,68.87961
1995-09,98.92943,99.53556,99.33201,99.36507,-0.2085374,68.54389,99.93854,99.88294,69.00483
1995-10,98.59657,99.10121,99.08398,99.12963,-0.5922562,68.49828,99.80639,99.76658,69.13153
1995-11,98.24335,98.68784,98.87188,98.92829,-0.8927826,68.47839,99.64609,99.62542,69.25974
1995-12,97.93392,98.52332,98.70144,98.76651,-1.076014,68.48838,99.46944,99.46988,69.38944
1996-01,97.68396,98.50051,98.60229,98.67239,-1.063695,68.54899,99.29718,99.31818,69.52068
1996-02,97.51549,98.45968,98.60579,98.67571,-0.8480384,68.68235,99.15093,99.1894,69.65347
1996-03,97.50669,98.42788,98.67349,98.73998,-0.5050953,68.86207,99.04491,99.09605,69.7878
1996-04,97.56021,98.46297,98.77604,98.83732,-0.06677755,69.06786,98.97562,99.03503,69.92371
1996-05,97.66662,98.40991,98.91342,98.96773,0.4616869,69.29989,98.93284,98.99735,70.06116
1996-06,97.85086,98.37734,99.05152,99.09882,1.000447,69.53432,98.90768,98.9752,70.20016
1996-07,98.10229,98.43637,99.19457,99.2346,1.540393,69.77415,98.89859,98.96719,70.3407
1996-08,98.44504,98.63351,99.34069,99.37331,2.044337,70.01807,98.90952,98.97682,70.48277
1996-09,98.83219,98.83326,99.49392,99.51875,2.516658,70.26891,98.94678,99.00964,70.62633
1996-10,99.16682,99.01287,99.633,99.65077,2.93929,70.51164,99.01435,99.06913,70.77137
1996-11,99.46057,99.20042,99.73354,99.74622,3.286435,70.7289,99.11594,99.15859,70.91785
1996-12,99.66279,99.23608,99.78107,99.79134,3.536056,70.91017,99.25479,99.28085,71.06575
1997-01,99.78518,99.09634,99.80033,99.80961,3.68177,71.07281,99.43069,99.43575,71.215
1997-02,99.91782,98.93691,99.84632,99.85326,3.747018,71.25589,99.6402,99.62023,71.36556
1997-03,100.0887,98.76028,99.93127,99.9339,3.784626,71.46824,99.87386,99.82598,71.5174
1997-04,100.2764,98.71287,100.0692,100.0648,3.839891,71.71999,100.1108,100.0346,71.67043
1997-05,100.6216,98.78932,100.25,100.2365,3.902338,72.0042,100.3264,100.2245,71.82462
1997-06,100.9479,98.91938,100.4471,100.4235,3.979868,72.3017,100.4997,100.3771,71.9799
1997-07,101.199,99.04877,100.6466,100.6129,4.053831,72.60268,100.6217,100.4846,72.13624
1997-08,101.422,99.20597,100.837,100.7936,4.114007,72.89861,100.6899,100.5446,72.29355
1997-09,101.7703,99.33347,101.0132,100.9609,4.151165,73.18588,100.7052,100.558,72.45181
1997-10,102.0813,99.54379,101.1606,101.1008,4.172386,73.45366,100.6734,100.53,72.61095
1997-11,102.1639,99.67713,101.2258,101.1627,4.148331,73.66296,100.6013,100.4665,72.77095
1997-12,101.9431,99.89791,101.2101,101.1478,4.095501,73.81429,100.4962,100.374,72.93175
1998-01,101.5224,100.3252,101.1394,101.0807,4.014655,73.92613,100.368,100.2611,73.09332
1998-02,101.1501,100.7727,101.0345,100.9811,3.869948,74.01346,100.2258,100.1359,73.25561
1998-03,101.0398,100.9904,100.9188,100.8713,3.672795,74.09312,100.0763,100.0043,73.41859
1998-04,101.0696,101.083,100.8001,100.7586,3.417373,74.17094,99.92258,99.8689,73.58221
1998-05,101.1103,101.0757,100.6541,100.6201,3.089615,74.22885,99.76593,99.73095,73.74646
1998-06,101.0145,100.9396,100.4692,100.4445,2.705881,74.25809,99.60786,99.59176,73.91129
1998-07,100.757,100.7371,100.2464,100.2331,2.281604,74.25919,99.4521,99.4546,74.07664
1998-08,100.1312,100.5413,99.97607,99.97643,1.819126,74.22473,99.30566,99.32565,74.24249
1998-09,99.33321,100.4217,99.6723,99.68808,1.337795,74.16496,99.17987,99.21488,74.40879
1998-10,98.62434,100.4243,99.42258,99.45104,0.9410279,74.14488,99.09052,99.1362,74.57549
1998-11,98.21893,100.6118,99.27756,99.31338,0.7325192,74.20256,99.05489,99.10483,74.74252
1998-12,98.15663,100.943,99.25143,99.28857,0.7245156,74.34909,99.08618,99.13238,74.90985
1999-01,98.34396,101.2038,99.32354,99.35703,0.8703065,74.56952,99.18404,99.21855,75.07738
1999-02,98.59837,101.1874,99.43095,99.45898,1.085517,74.81689,99.34234,99.35795,75.24506
1999-03,98.91577,101.0629,99.57663,99.59727,1.35021,75.09354,99.5521,99.54266,75.41281
1999-04,99.37976,100.8806,99.74845,99.76036,1.64415,75.39042,99.7999,99.76086,75.58054
1999-05,99.69876,100.5979,99.93843,99.9407,1.983954,75.70152,100.0716,100.0001,75.74816
1999-06,99.83348,100.2615,100.148,100.1396,2.383354,76.02793,100.3533,100.2481,75.91559
1999-07,99.95081,100.2315,100.3934,100.3726,2.85876,76.38208,100.6303,100.4921,76.08274
1999-08,100.1799,100.4149,100.6814,100.646,3.427927,76.7691,100.8887,100.7197,76.24952
1999-09,100.6224,100.7492,101.0025,100.9507,4.0679,77.18192,101.1165,100.9202,76.41585
1999-10,101.1045,101.1364,101.3512,101.2817,4.682089,77.61641,101.3063,101.0873,76.58163
1999-11,101.3904,101.5614,101.7062,101.6187,5.193457,78.05624,101.4538,101.2173,76.74681
1999-12,101.5907,101.8625,102.0262,101.9224,5.542172,78.46964,101.5588,101.3097,76.9113
2000-01,101.7675,102.0736,102.2615,102.1459,5.697486,78.81811,101.6285,101.3711,77.07504
2000-02,102.0437,102.0446,102.3871,102.265,5.70034,79.0817,101.6723,101.4097,77.23796
2000-03,102.2987,101.978,102.4249,102.301,5.57093,79.27694,101.6988,101.4329,77.40003
2000-04,102.4195,101.9066,102.3769,102.2553,5.324701,79.40473,101.7142,101.4465,77.5612
2000-05,102.428,101.9969,102.2734,102.1571,5.002275,79.48832,101.7234,101.4546,77.72144
2000-06,102.2876,102.1868,102.1495,102.0395,4.638811,79.55473,101.731,101.4613,77.88071
2000-07,102.0034,102.3321,102.0342,101.9301,4.24762,79.6265,101.7437,101.4725,78.03901
2000-08,101.8175,102.4295,101.9499,101.85,3.84521,79.72103,101.7652,101.4915,78.19632
2000-09,101.6926,102.4514,101.8766,101.7804,3.421878,79.82299,101.7916,101.5147,78.35264
2000-10,101.4616,102.6036,101.7755,101.6845,2.944538,79.90186,101.8055,101.5269,78.50797
2000-11,101.2799,102.7513,101.6203,101.5371,2.409338,79.93687,101.785,101.5089,78.66235
2000-12,101.2381,102.681,101.3828,101.3118,1.830033,79.90567,101.7129,101.4454,78.81577
2001-01,101.0886,102.405,101.0564,101.0019,1.24893,79.80249,101.5886,101.3359,78.96829
2001-02,100.7428,102.0547,100.6798,100.6444,0.72845,79.65778,101.419,101.1866,79.11995
2001-03,100.2012,101.8616,100.2961,100.2802,0.288302,79.5055,101.2129,101.0051,79.2708
2001-04,99.60922,101.7791,99.95431,99.95576,-0.02533712,79.38461,100.9783,100.7985,79.4209
2001-05,99.17979,101.7742,99.67735,99.69287,-0.2198283,79.31358,100.7229,100.5736,79.57032
2001-06,98.91211,101.8116,99.45792,99.48459,-0.3365388,79.28699,100.4551,100.3378,79.71912
2001-07,98.621,101.7206,99.25921,99.29596,-0.4404923,79.27575,100.1877,100.1024,79.8674
2001-08,98.31367,101.3747,99.06167,99.10844,-0.5727726,79.26441,99.93652,99.88116,80.01522
2001-09,97.95329,100.8808,98.88225,98.93813,-0.6969606,79.26665,99.71906,99.68968,80.16267
2001-10,97.71171,100.3539,98.7718,98.8333,-0.7238687,79.32347,99.55255,99.54305,80.30983
2001-11,97.78416,100.1953,98.79433,98.85468,-0.5631155,79.48674,99.45174,99.45428,80.45678
2001-12,98.01229,100.458,98.95296,99.00526,-0.1827538,79.75964,99.42345,99.42937,80.60359
2002-01,98.30285,100.8678,99.23002,99.26826,0.4086183,80.12858,99.45637,99.45836,80.75034
2002-02,98.65427,101.2292,99.57175,99.59264,1.120894,80.55065,99.53143,99.52445,80.89709
2002-03,99.15721,101.4296,99.8979,99.90221,1.830899,80.96117,99.6278,99.60932,81.04391
2002-04,99.57028,101.5296,100.1475,100.1392,2.426198,81.31064,99.72576,99.69557,81.19088
2002-05,99.87228,101.5243,100.2764,100.2615,2.835879,81.56282,99.80817,99.76814,81.33804
2002-06,99.92188,101.4195,100.2714,100.2567,3.051693,81.70659,99.86183,99.8154,81.48546
2002-07,99.7923,101.2963,100.1608,100.1518,3.139345,81.76449,99.87996,99.83136,81.63319
2002-08,99.68534,101.1603,99.97816,99.97841,3.152784,81.76345,99.85806,99.81207,81.78131
2002-09,99.60618,101.104,99.74947,99.76133,3.100869,81.72461,99.79245,99.7543,81.92986
2002-10,99.52493,101.069,99.47837,99.504,2.933938,81.65077,99.68154,99.65664,82.07892
2002-11,99.49213,100.9021,99.1803,99.22105,2.601389,81.5545,99.52589,99.51958,82.22852
2002-12,99.3562,100.5285,98.86214,98.91904,2.108518,81.44138,99.3315,99.3484,82.37874
2003-01,99.19646,100.0786,98.55403,98.62659,1.5072,81.33627,99.11619,99.15881,82.52962
2003-02,98.98606,99.8097,98.27733,98.36393,0.8767766,81.2569,98.90154,98.9698,82.68123
2003-03,98.58802,99.76833,98.03527,98.13416,0.3025844,81.20614,98.70643,98.79798,82.8336
2003-04,98.20209,100.079,97.8819,97.98859,-0.1003717,81.22903,98.54049,98.65186,82.98676
2003-05,97.90778,100.415,97.86208,97.96976,-0.2446353,81.36329,98.40919,98.53625,83.14077
2003-06,97.81387,100.5728,97.98442,98.08589,-0.1099588,81.61674,98.31661,98.45472,83.29563
2003-07,98.06157,100.5893,98.2601,98.34757,0.2872948,81.9994,98.26565,98.40985,83.45137
2003-08,98.53645,100.682,98.64376,98.71176,0.8691071,82.47406,98.26077,98.40556,83.60799
2003-09,99.00275,100.9175,99.07928,99.12516,1.553529,82.99422,98.30755,98.44675,83.76547
2003-10,99.39258,101.0799,99.51029,99.53429,2.280522,83.51283,98.40891,98.53599,83.92382
2003-11,99.7216,101.2028,99.90206,99.90617,2.999405,84.00065,98.56523,98.67365,84.083
2003-12,99.93571,101.2487,100.2326,100.2199,3.680565,84.43889,98.77052,98.85442,84.24297
2004-01,100.055,101.3413,100.486,100.4605,4.275634,84.81392,99.00427,99.06026,84.40369
2004-02,100.2142,101.4828,100.6982,100.6619,4.797902,85.15553,99.24149,99.26915,84.56512
2004-03,100.4529,101.5009,100.8608,100.8162,5.234015,85.45648,99.46046,99.46197,84.72718
2004-04,100.7556,101.4777,100.9622,100.9125,5.512335,85.70664,99.65024,99.62908,84.88982
2004-05,100.9778,101.4763,100.9985,100.947,5.578609,85.90223,99.80548,99.76578,85.05296
2004-06,101.2153,101.5241,100.9998,100.9482,5.454484,86.06851,99.92314,99.86938,85.21653
2004-07,101.5283,101.4768,100.9745,100.9242,5.138003,86.21252,100.0016,99.93851,85.38046
2004-08,101.5761,101.4824,100.9117,100.8645,4.668785,86.3246,100.0404,99.97265,85.54469
2004-09,101.5415,101.4179,100.8007,100.7592,4.098079,86.39539,100.0421,99.97415,85.70913
2004-10,101.4458,101.3171,100.6386,100.6053,3.483623,86.4221,100.0178,99.95274,85.87372
2004-11,101.2382,101.179,100.4063,100.3848,2.842021,86.38796,99.98078,99.92014,86.03836
2004-12,100.9827,101.1082,100.1292,100.1218,2.221155,86.31441,99.94232,99.88628,86.203
2005-01,100.7923,101.138,99.82204,99.83022,1.650603,86.21386,99.90841,99.85641,86.36755
2005-02,100.5031,101.2226,99.52383,99.54715,1.132484,86.1199,99.88122,99.83247,86.53194
2005-03,100.1549,101.1481,99.27067,99.30684,0.7106451,86.06377,99.86023,99.81399,86.69608
2005-04,99.71716,100.8219,99.0728,99.11901,0.4058858,86.05451,99.84298,99.7988,86.85988
2005-05,99.38213,100.4652,98.95734,99.00942,0.2487599,86.11591,99.82732,99.78501,87.02327
2005-06,99.23889,100.2703,98.94614,98.99878,0.2310012,86.26733,99.81357,99.7729,87.18616
2005-07,99.24438,100.1863,99.03402,99.08221,0.3388916,86.50469,99.80643,99.76661,87.34846
2005-08,99.43947,100.193,99.21859,99.2574,0.5811487,86.82627,99.81152,99.7711,87.51009
2005-09,99.77972,100.267,99.47957,99.50513,0.948289,87.21467,99.8315,99.78869,87.67094
2005-10,100.195,100.5319,99.79533,99.80487,1.422154,87.65116,99.86127,99.81491,87.83092
2005-11,100.4857,100.7319,100.1474,100.1391,2.004548,88.11965,99.89248,99.84238,87.98994
2005-12,100.6896,100.8919,100.5184,100.4912,2.653633,88.60487,99.91715,99.86411,88.1479
2006-01,100.8825,100.9996,100.8967,100.8503,3.343595,89.0965,99.93149,99.87673,88.30469
2006-02,101.1919,101.0221,101.2477,101.1835,3.999122,89.56394,99.93615,99.88084,88.46022
2006-03,101.5503,101.0348,101.5303,101.4517,4.539232,89.97041,99.93737,99.88192,88.61438
2006-04,101.8584,101.0216,101.7396,101.6504,4.946584,90.31127,99.94894,99.89211,88.76707
2006-05,102.0814,101.0194,101.8575,101.7623,5.171973,90.56981,99.98753,99.92609,88.91818
2006-06,102.2684,101.1318,101.9007,101.8034,5.208463,90.76054,100.0675,99.99652,89.06761
2006-07,102.4389,101.2752,101.8846,101.7881,5.077114,90.89664,100.194,100.1079,89.21526
2006-08,102.4683,101.342,101.8311,101.7372,4.803818,90.99725,100.3671,100.2604,89.36099
2006-09,102.4082,101.4898,101.7746,101.6837,4.447014,91.09312,100.5836,100.451,89.50473
2006-10,102.3123,101.6422,101.7191,101.631,4.034494,91.18744,100.8343,100.6717,89.64635
2006-11,102.1683,101.6161,101.657,101.572,3.578999,91.27345,101.1067,100.9116,89.78574
2006-12,102.049,101.4812,101.591,101.5093,3.102046,91.35343,101.3847,101.1564,89.92281
2007-01,101.8557,101.389,101.5479,101.4684,2.643106,91.45142,101.6468,101.3871,90.05746
2007-02,101.7472,101.3932,101.5419,101.4628,2.251235,91.58024,101.8725,101.5859,90.18959
2007-03,101.7868,101.4434,101.5799,101.4988,1.973624,91.74609,102.0501,101.7424,90.31915
2007-04,102.0694,101.538,101.6629,101.5776,1.814619,91.95007,102.1872,101.8631,90.44603
2007-05,102.3906,101.5957,101.7636,101.6732,1.764037,92.1675,102.2984,101.961,90.57021
2007-06,102.5103,101.5575,101.8296,101.7359,1.752289,92.35092,102.3967,102.0475,90.69163
2007-07,102.3037,101.4273,101.8174,101.7243,1.720632,92.46063,102.4864,102.1265,90.81026
2007-08,101.9516,101.2121,101.7206,101.6323,1.641022,92.49053,102.5667,102.1972,90.9261
2007-09,101.6187,100.9728,101.5706,101.49,1.510368,92.46896,102.6353,102.2576,91.03913
2007-10,101.297,100.627,101.3915,101.32,1.349149,92.41769,102.6935,102.3089,91.14938
2007-11,101.0659,100.1874,101.2212,101.1584,1.202816,92.3713,102.742,102.3516,91.25685
2007-12,100.9586,99.93129,101.0841,101.0282,1.093157,92.35207,102.7783,102.3835,91.36162
2008-01,101.0117,99.7378,100.969,100.9189,0.9825842,92.35,102.794,102.3973,91.46372
2008-02,101.1179,99.65883,100.8533,100.8091,0.8346046,92.34457,102.7752,102.3808,91.56326
2008-03,101.1543,99.56161,100.7132,100.6761,0.6189955,92.31399,102.7039,102.318,91.6603
2008-04,101.1134,99.34543,100.5235,100.496,0.3101721,92.23528,102.5621,102.1932,91.75497
2008-05,101.1571,99.05852,100.2824,100.2672,-0.06585096,92.1068,102.3303,101.989,91.8474
2008-06,101.0936,98.79939,99.95736,99.95866,-0.4898681,91.89853,101.9906,101.6899,91.93773
2008-07,100.8255,98.76756,99.53898,99.56152,-0.9288155,91.60184,101.5371,101.2906,92.02611
2008-08,100.3578,98.95206,99.01816,99.06715,-1.386325,91.20831,100.9757,100.7962,92.11271
2008-09,99.53952,99.08453,98.37164,98.45345,-1.916911,90.69641,100.332,100.2295,92.19772
2008-10,98.51231,98.96636,97.63368,97.75296,-2.51037,90.09767,99.6512,99.62992,92.28134
2008-11,97.4377,98.82814,96.87989,97.03744,-3.128035,89.4819,98.99223,99.04965,92.36375
2008-12,96.61465,98.7001,96.22868,96.41929,-3.674341,88.95874,98.41001,98.53696,92.44514
2009-01,96.20792,98.72743,95.78465,95.9978,-4.033114,88.62542,97.93618,98.11973,92.52571
2009-02,95.90698,98.70793,95.57732,95.80099,-4.152492,88.50997,97.58845,97.81352,92.60562
2009-03,95.78741,98.81251,95.62603,95.84724,-3.989608,88.63103,97.37191,97.62285,92.68504
2009-04,96.01156,99.07332,95.91261,96.11926,-3.537489,88.97247,97.28936,97.55016,92.76411
2009-05,96.36602,99.41696,96.39167,96.57401,-2.837933,89.49287,97.33324,97.5888,92.84295
2009-06,96.81969,99.77758,96.99328,97.14507,-1.926849,90.12778,97.48608,97.72338,92.92168
2009-07,97.26026,100.068,97.64423,97.76297,-0.8649703,90.80952,97.71157,97.92194,93.00039
2009-08,97.6591,100.3702,98.2948,98.38051,0.3109991,91.49197,97.97002,98.14953,93.07915
2009-09,98.03083,100.5662,98.93433,98.98757,1.619546,92.16528,98.22864,98.37726,93.15804
2009-10,98.54388,100.6456,99.55725,99.57887,3.026284,92.82428,98.4696,98.58944,93.23709
2009-11,99.1124,100.687,100.1196,100.1127,4.409936,93.42799,98.68623,98.7802,93.31635
2009-12,99.51988,100.5621,100.5857,100.5551,5.602751,93.94288,98.88044,98.95121,93.39584
2010-01,99.79659,100.4256,100.9637,100.9139,6.489077,94.37639,99.06174,99.11086,93.47559
2010-02,99.97582,100.3478,101.2604,101.1955,7.032892,94.73478,99.24041,99.2682,93.55563
2010-03,100.1992,100.3928,101.4936,101.4169,7.224838,95.03447,99.42143,99.4276,93.63594
2010-04,100.3011,100.4397,101.6372,101.5533,7.05662,95.25092,99.59861,99.58361,93.71655
2010-05,100.2034,100.3743,101.6798,101.5937,6.570557,95.37305,99.76112,99.72671,93.79743
2010-06,100.1232,100.4549,101.6831,101.5968,5.914857,95.45871,99.90029,99.84927,93.87861
2010-07,100.2885,100.6504,101.7136,101.6257,5.242445,95.57015,100.0175,99.9525,93.96005
2010-08,100.5633,100.8147,101.796,101.7039,4.632925,95.73072,100.1185,100.0415,94.04177
2010-09,100.7738,100.8853,101.933,101.834,4.099004,95.94314,100.2092,100.1213,94.12376
2010-10,101.0699,100.9547,102.139,102.0295,3.659356,96.22105,100.2926,100.1947,94.20599
2010-11,101.5332,101.0035,102.38,102.2583,3.322987,96.53259,100.3689,100.2619,94.28849
2010-12,102.0265,100.9291,102.6053,102.4722,3.073133,96.82986,100.4361,100.3211,94.37123
2011-01,102.3485,100.7528,102.743,102.6029,2.827688,97.04506,100.4912,100.3696,94.45421
2011-02,102.3959,100.6546,102.7529,102.6122,2.538821,97.13992,100.5309,100.4046,94.53744
2011-03,102.3141,100.4614,102.6077,102.4744,2.161183,97.08834,100.5543,100.4251,94.62091
2011-04,101.9771,100.3544,102.3337,102.2144,1.746806,96.91476,100.5649,100.4345,94.70464
2011-05,101.469,100.3741,101.9643,101.8637,1.33945,96.65053,100.5684,100.4376,94.78862
2011-06,100.9488,100.2913,101.5238,101.4456,0.900727,96.31853,100.5696,100.4387,94.87287
2011-07,100.3934,100.1181,101.0591,101.0044,0.4111221,95.96307,100.5709,100.4398,94.95741
2011-08,99.77319,99.87637,100.6166,100.5844,-0.1070136,95.62828,100.5726,100.4413,95.04225
2011-09,99.37041,99.7116,100.2351,100.2223,-0.6171567,95.35102,100.5734,100.442,95.12743
2011-10,99.14426,99.68224,99.92441,99.92739,-1.122505,95.14097,100.5707,100.4396,95.21294
2011-11,98.95177,99.55052,99.68105,99.69638,-1.592957,94.99487,100.5611,100.4311,95.29883
2011-12,99.02858,99.4218,99.5127,99.53658,-1.972075,94.92031,100.5414,100.4138,95.38512
2012-01,99.25375,99.22694,99.43203,99.46001,-2.179868,94.92961,100.5098,100.386,95.47186
2012-02,99.58226,99.16586,99.43588,99.46366,-2.182339,95.02,100.4656,100.3471,95.55907
2012-03,99.56514,99.37112,99.46349,99.48988,-2.013314,95.13365,100.4099,100.298,95.6468
2012-04,99.27623,99.63442,99.4482,99.47535,-1.762325,95.20681,100.3472,100.2428,95.73508
2012-05,98.91084,99.79171,99.3974,99.42713,-1.452654,95.24653,100.2821,100.1855,95.82397
2012-06,98.65628,99.87313,99.32749,99.36077,-1.090192,95.26847,100.2157,100.127,95.91351
2012-07,98.63886,99.82769,99.23281,99.2709,-0.7251296,95.26721,100.1431,100.0631,96.00374
2012-08,98.68728,99.65826,99.11264,99.15683,-0.4039319,95.242,100.0572,99.9874,96.09471
2012-09,98.64106,99.42765,98.97646,99.02757,-0.1563079,95.20198,99.9523,99.89507,96.18649
2012-10,98.59325,99.15263,98.8343,98.89262,0.01662238,95.15678,99.82995,99.78732,96.27911
2012-11,98.62737,98.97539,98.72015,98.78427,0.1519399,95.13921,99.69677,99.67005,96.37262
2012-12,98.75604,99.04506,98.64752,98.71533,0.2550331,95.16238,99.56441,99.5535,96.46708
2013-01,98.81413,99.28168,98.62851,98.69727,0.3250567,95.23818,99.44989,99.45265,96.56253
2013-02,98.83942,99.46395,98.6557,98.72309,0.3574289,95.35963,99.36967,99.38202,96.65902
2013-03,98.70534,99.46494,98.70467,98.76958,0.3885247,95.50327,99.33253,99.3493,96.75658
2013-04,98.62309,99.48299,98.79249,98.85294,0.5030132,95.68571,99.32977,99.34688,96.85526
2013-05,98.73014,99.56853,98.93612,98.98927,0.7108386,95.92358,99.34554,99.36077,96.95506
2013-06,98.97223,99.62563,99.13092,99.17419,0.9909567,96.21255,99.36445,99.37742,97.05604
2013-07,99.34203,99.75945,99.3875,99.41773,1.360265,96.5631,99.37773,99.38911,97.1582
2013-08,99.72803,100.1207,99.71303,99.72674,1.827373,96.98243,99.38184,99.39273,97.26154
2013-09,99.96307,100.634,100.0753,100.0707,2.350265,97.43948,99.37733,99.38876,97.36611
2013-10,100.1115,101.0895,100.4323,100.4095,2.875782,97.89329,99.36831,99.38081,97.47189
2013-11,100.3796,101.4755,100.7367,100.6984,3.319932,98.29776,99.35989,99.3734,97.5789
2013-12,100.5489,101.7395,100.9444,100.8956,3.622514,98.60966,99.35596,99.36994,97.68713
2014-01,100.7266,101.855,101.037,100.9835,3.751211,98.81077,99.35683,99.3707,97.79658
2014-02,100.8851,101.793,101.0132,100.9609,3.711855,98.89925,99.36205,99.3753,97.90723
2014-03,100.885,101.5649,100.9052,100.8584,3.563293,98.90633,99.37292,99.38487,98.01907
2014-04,100.7343,101.3425,100.7477,100.7089,3.323487,98.86581,99.3945,99.40388,98.13208
2014-05,100.5343,101.2737,100.5625,100.5331,2.99748,98.79887,99.43277,99.43758,98.24624
2014-06,100.3938,101.2518,100.3582,100.3391,2.599723,98.71381,99.49085,99.48872,98.36151
2014-07,100.3016,101.1421,100.159,100.1501,2.145091,98.63446,99.56402,99.55315,98.47787
2014-08,100.3216,100.8228,99.97716,99.97746,1.639816,98.57277,99.64465,99.62415,98.59528
2014-09,100.412,100.4531,99.8259,99.83388,1.131325,98.54183,99.72595,99.69575,98.7137
2014-10,100.4602,100.0833,99.70889,99.72282,0.6661167,98.54536,99.80511,99.76544,98.83308
2014-11,100.3194,99.86727,99.64271,99.65999,0.3072882,98.59982,99.88182,99.833,98.95337
2014-12,100.0515,99.94032,99.65887,99.67532,0.128681,98.73655,99.95695,99.89916,99.07453
2015-01,99.92267,100.2417,99.74968,99.76153,0.1390834,98.9482,100.0313,99.96458,99.19651
2015-02,99.94312,100.5399,99.89349,99.89803,0.3177226,99.21347,100.104,100.0287,99.31926
2015-03,100.1236,100.7022,100.0513,100.0478,0.593872,99.49371,100.1719,100.0884,99.44272
2015-04,100.4004,100.75,100.1659,100.1566,0.8761127,99.73199,100.2276,100.1375,99.56685
2015-05,100.6729,100.7563,100.2099,100.1984,1.115343,99.90081,100.2632,100.1688,99.69159
2015-06,100.7997,100.6402,100.2005,100.1894,1.320173,100.017,100.2739,100.1783,99.81689
2015-07,100.7084,100.4559,100.1566,100.1478,1.485061,100.0992,100.2641,100.1696,99.94271
2015-08,100.596,100.2328,100.0855,100.0803,1.604716,100.1546,100.2407,100.149,100.069
2015-09,100.5473,100.1014,100.0358,100.0332,1.714784,100.2316,100.2094,100.1215,100.1957
2015-10,100.6291,100.1619,100.0343,100.0317,1.83856,100.3572,100.1711,100.0877,100.3228
2015-11,100.6841,100.3401,100.072,100.0675,1.950004,100.5225,100.1247,100.0468,100.4502
2015-12,100.577,100.4845,100.1118,100.1052,1.978784,100.6903,100.0715,100.0,100.5779
2016-01,100.2118,100.4436,100.1097,100.1033,1.888003,100.8163,100.0191,99.9539,100.7058
2016-02,99.93006,100.2956,100.104,100.0978,1.739053,100.9388,99.97648,99.91635,100.834
2016-03,100.0756,100.1533,100.1324,100.1248,1.610426,101.096,99.94885,99.89203,100.9623
2016-04,100.4216,100.0362,100.1872,100.1769,1.55213,101.28,99.93209,99.87727,101.0907
2016-05,100.7522,99.99346,100.2517,100.238,1.574628,101.4739,99.91917,99.86588,101.2191
2016-06,101.0628,100.083,100.3269,100.3095,1.661662,101.6789,99.90591,99.85422,101.3476
2016-07,100.9924,100.2374,100.4074,100.3858,1.788391,101.8894,99.89645,99.84589,101.476
2016-08,100.787,100.3511,100.4906,100.4649,1.945268,102.1029,99.89856,99.84774,101.6044
2016-09,100.7511,100.343,100.5832,100.5527,2.089373,102.3258,99.91881,99.86556,101.7326
2016-10,100.8163,100.3372,100.6687,100.6339,2.176715,102.5417,99.95688,99.89909,101.8605
2016-11,100.9598,100.4555,100.7336,100.6955,2.202456,102.7365,100.0078,99.94391,101.9883
2016-12,101.1565,100.5076,100.767,100.7272,2.193531,102.899,100.0627,99.99229,102.1157
2017-01,101.1455,100.5816,100.7449,100.7062,2.170331,103.0044,100.1091,100.0332,102.2428
2017-02,101.0148,100.6574,100.6803,100.6449,2.107215,103.0658,100.1343,100.0553,102.3694
2017-03,101.0493,100.7882,100.59,100.5592,1.982641,103.1003,100.1294,100.051,102.4956
2017-04,101.1514,100.8677,100.4951,100.4691,1.825969,103.1293,100.0955,100.0211,102.6212
2017-05,101.1162,100.8926,100.4216,100.3993,1.680763,103.1794,100.0401,99.97234,102.7462
2017-06,100.9293,100.9424,100.4169,100.3948,1.59372,103.2994,99.97643,99.91631,102.8706
2017-07,100.7116,101.1148,100.4794,100.4542,1.568967,103.488,99.92392,99.87007,102.9943
2017-08,100.6689,101.2792,100.6147,100.5827,1.614244,103.751,99.90107,99.84995,103.1171
2017-09,100.8372,101.4946,100.8175,100.7751,1.717399,104.0832,99.91777,99.86465,103.2392
2017-10,101.1254,101.6686,101.0233,100.9705,1.82989,104.4181,99.96555,99.90673,103.3604
2017-11,101.3469,101.6955,101.1868,101.1257,1.919734,104.7087,100.0284,99.96209,103.4806
2017-12,101.4406,101.6171,101.271,101.2057,1.960749,104.9166,100.0916,100.0177,103.5998
2018-01,101.5955,101.5176,101.2751,101.2095,1.976686,105.0405,100.1489,100.0682,103.7179
2018-02,101.6108,101.4239,101.2003,101.1385,1.955464,105.0813,100.2002,100.1133,103.8349
2018-03,101.469,101.3862,101.0785,101.0229,1.91214,105.0718,100.2482,100.1556,103.9507
2018-04,101.3387,101.2566,100.9566,100.9071,1.872724,105.0606,100.2968,100.1984,104.0652
2018-05,101.2977,101.0416,100.8522,100.8081,1.828607,105.0662,100.351,100.2462,104.1784
2018-06,101.3,100.776,100.7392,100.7008,1.70533,105.061,100.4165,100.3039,104.2901
2018-07,101.3803,100.6591,100.609,100.5772,1.496019,105.0362,100.4999,100.3772,104.4005
2018-08,101.5427,100.6312,100.4607,100.4365,1.194913,104.9908,100.605,100.4698,104.5093
2018-09,101.5527,100.6881,100.297,100.2811,0.8109856,104.9273,100.7295,100.5795,104.6165
2018-10,101.3394,100.6723,100.134,100.1263,0.4255955,104.8625,100.8587,100.6932,104.7221
2018-11,101.1302,100.4324,100.0052,100.0041,0.1173205,104.8316,100.9747,100.7954,104.8261
2018-12,100.9916,100.0756,99.90645,99.91034,-0.08232962,104.8302,101.0655,100.8754,104.9284
2019-01,101.0383,99.853,99.86745,99.87332,-0.1435311,104.8897,101.1349,100.9364,105.0289
2019-02,101.0256,99.84725,99.86466,99.87067,-0.09122675,104.9854,101.1946,100.989,105.1277
2019-03,100.8493,99.99871,99.86797,99.87381,0.0132754,105.0857,101.2593,101.0459,105.2247
2019-04,100.5031,100.1307,99.85947,99.86575,0.105842,105.1718,101.3409,101.1178,105.3198
2019-05,100.2007,100.1521,99.83586,99.84334,0.1656467,105.2402,101.449,101.213,105.4132
2019-06,99.92165,100.0242,99.80215,99.81133,0.2237347,105.2961,101.5897,101.3369,105.5048
2019-07,99.80429,99.81773,99.76499,99.77607,0.2953742,105.3465,101.7627,101.4892,105.5946
2019-08,99.69745,99.60432,99.73426,99.74689,0.3915237,105.4018,101.9628,101.6654,105.6827
2019-09,99.67793,99.44707,99.70176,99.71604,0.5015904,105.4536,102.1792,101.856,105.769
2019-10,99.75716,99.47582,99.71236,99.7261,0.6548897,105.5492,102.3932,102.0445,105.8537
2019-11,99.86427,99.59199,99.73311,99.7458,0.7845151,105.654,102.5736,102.2033,105.9367
2019-12,100.0398,99.7349,99.72932,99.7422,0.8595705,105.7313,102.6726,102.2904,106.0183
2020-01,100.2377,99.80505,99.68062,99.69598,0.8292674,105.7595,102.6247,102.2483,106.0984
2020-02,100.0039,99.69821,99.58562,99.6058,0.7160612,105.7372,102.3605,102.0156,106.1771
2020-03,98.98856,99.25507,97.05509,97.20374,-1.865255,103.1256,88.45275,89.76891,106.2547
2020-04,97.41569,98.84026,91.20953,91.65496,-7.784975,96.98423,85.96307,87.57657,106.3312
2020-05,96.5349,98.95902,94.05374,94.35477,-4.903576,100.0797,85.04691,86.76983,106.4069
2020-06,96.66503,99.23556,96.4868,96.66431,-2.426604,102.741,89.38781,90.59229,106.4819
2020-07,97.56559,99.27808,98.26136,98.34877,-0.6101376,104.7037,93.4839,94.19919,106.5563
2020-08,98.50675,99.2879,99.28381,99.31931,0.4411534,105.8668,97.40575,97.65264,106.6305
2020-09,99.26067,99.48553,99.46719,99.49338,0.6470916,106.136,96.89898,97.2064,106.7045
2020-10,99.72425,99.70732,99.62978,99.64771,0.7900865,106.3831,96.63289,96.97208,106.7785
2020-11,100.0385,100.0343,99.79684,99.80629,0.9288759,106.6354,96.58809,96.93264,106.8525
2020-12,100.3795,100.4525,100.0365,100.0338,1.167556,106.9658,96.73268,97.05996,106.9267
2021-01,100.6808,100.6829,100.1968,100.1859,1.3731,107.2117,97.03437,97.32561,107.0012
2021-02,101.0742,100.8658,100.4049,100.3834,1.676055,107.5094,97.45822,97.69884,107.0759
2021-03,101.6978,101.1531,100.655,100.6209,4.583794,107.8527,97.97171,98.15102,107.1508
2021-04,102.4304,101.5255,100.9057,100.8588,11.56165,108.1972,98.54104,98.65235,107.2261
2021-05,102.8675,101.918,101.0923,101.036,8.387325,108.4737,99.13435,99.1748,107.3016
2021-06,103.1172,102.222,101.1609,101.1011,5.725981,108.6239,99.721,99.69138,107.3773
2021-07,103.0536,102.2465,101.0873,101.0312,3.741873,108.6216,100.2691,100.174,107.4533
2021-08,102.7769,102.0441,100.8906,100.8446,2.475018,108.487,100.7527,100.5999,107.5293
2021-09,102.5493,101.7096,100.632,100.599,2.02531,108.2855,101.1621,100.9604,107.6055
2021-10,102.5262,101.2277,100.3597,100.3406,1.584857,108.0692,101.5181,101.2738,107.6818
2021-11,102.5655,100.8075,100.1185,100.1116,1.17259,107.8858,101.8516,101.5675,107.7581
2021-12,102.3957,100.4794,99.93161,99.93423,,,,,
2022-01,101.9049,100.1214,99.7983,99.80769,,,,,
2022-02,101.2734,99.51164,99.68991,99.7048,,,,,
2022-03,100.5554,98.48954,99.59224,99.61208,,,,,
