country,CHN,CHN,CHN,CHN,CHN,CHN,CHN,CHN
subject,BSCICP03,CSCICP03,LOLITOAA,LOLITONO,LOLITOTR_GYSA,LOLITOTR_STSA,LORSGPNO,LORSGPRT
measure,,,,,,,,
unit,Index,Index,Index,Index,Percentage,Index,Index,Index
powercode,Units,Units,Units,Units,Units,Units,Units,Units
reference_period,,,,,,,,
time,,,,,,,,
1978-01,,,,,,,101.0455,101.8743
1978-02,,,,,,,100.9214,101.6493
1978-03,,,,,,,100.8058,101.4398
1978-04,,,,,,,100.6824,101.2162
1978-05,,,,,,,100.5386,100.9556
1978-06,,,,,,,100.3615,100.6347
1978-07,,,,,,,100.1555,100.2614
1978-08,,,,,,,99.94715,99.88384
1978-09,,,,,,,99.74908,99.5249
1978-10,,,,,,,99.574,99.20764
1978-11,,,,,,,99.44135,98.96727
1978-12,,,,,,,99.35675,98.81396
1979-01,,,,,,,99.32751,98.76098
1979-02,,,,,,,99.37729,98.85118
1979-03,,,,,,,99.50052,99.07449
1979-04,,,,,,,99.69536,99.42756
1979-05,,,,,,,99.96496,99.9161
1979-06,,,,,,,100.3038,100.5301
1979-07,,,,,,,100.6967,101.2421
1979-08,,,,,,,101.1122,101.9951
1979-09,,,,,,,101.5177,102.7299
1979-10,,,,,,,101.8745,103.3765
1979-11,,,,,,,102.1557,103.8859
1979-12,,,,,,,102.3548,104.2469
1980-01,,,,,,,102.4768,104.4679
1980-02,,,,,,,102.5091,104.5265
1980-03,,,,,,,102.4527,104.4242
1980-04,,,,,,,102.3186,104.1811
1980-05,,,,,,,102.1081,103.7997
1980-06,,,,,,,101.8231,103.2832
1980-07,,,,,,,101.4677,102.6393
1980-08,,,,,,,101.0496,101.8816
1980-09,,,,,,,100.5956,101.0588
1980-10,,,,,,,100.1473,100.2465
1980-11,,,,,,,99.73946,99.50749
1980-12,,,,,,,99.39358,98.8807
1981-01,,,,,,,99.1192,98.3835
1981-02,,,,,,,98.92813,98.03725
1981-03,,,,,,,98.83157,97.86226
1981-04,,,,,,,98.81773,97.83718
1981-05,,,,,,,98.87327,97.93784
1981-06,,,,,,,98.98463,98.13963
1981-07,,,,,,,99.13343,98.40928
1981-08,,,,,,,99.29988,98.71091
1981-09,,,,,,,99.46208,99.00484
1981-10,,,,,,,99.59559,99.24677
1981-11,,,,,,,99.67174,99.38477
1981-12,,,,,,,99.67226,99.3857
1982-01,,,,,,,99.5885,99.23392
1982-02,,,,,,,99.43161,98.94961
1982-03,,,,,,,99.21666,98.5601
1982-04,,,,,,,98.96076,98.09638
1982-05,,,,,,,98.68874,97.60345
1982-06,,,,,,,98.42663,97.12846
1982-07,,,,,,,98.19515,96.70901
1982-08,,,,,,,98.00866,96.37106
1982-09,,,,,,,97.87852,96.13523
1982-10,,,,,,,97.80923,96.00967
1982-11,,,,,,,97.79555,95.98487
1982-12,,,,,,,97.82677,96.04147
1983-01,,,,,,,97.88922,96.15462
1983-02,,,,,,,97.96578,96.29337
1983-03,,,,,,,98.05304,96.45148
1983-04,,,,,,,98.14079,96.6105
1983-05,,,,,,,98.21836,96.75106
1983-06,,,,,,,98.28031,96.86333
1983-07,,,,,,,98.3245,96.94341
1983-08,,,,,,,98.35194,96.99313
1983-09,,,,,,,98.36292,97.01302
1983-10,,,,,,,98.35821,97.00448
1983-11,,,,,,,98.34627,96.98284
1983-12,,,,,,,98.34442,96.9795
1984-01,,,,,,,98.37535,97.03555
1984-02,,,,,,,98.4447,97.16122
1984-03,,,,,,,98.5471,97.34677
1984-04,,,,,,,98.69713,97.61864
1984-05,,,,,,,98.90753,97.99993
1984-06,,,,,,,99.1851,98.50291
1984-07,,,,,,,99.53243,99.13232
1984-08,,,,,,,99.93713,99.86568
1984-09,,,,,,,100.3843,100.676
1984-10,,,,,,,100.8555,101.5298
1984-11,,,,,,,101.3288,102.3876
1984-12,,,,,,,101.7779,103.2014
1985-01,,,,,,,102.1744,103.9199
1985-02,,,,,,,102.4792,104.4722
1985-03,,,,,,,102.6721,104.8218
1985-04,,,,,,,102.7379,104.941
1985-05,,,,,,,102.6696,104.8172
1985-06,,,,,,,102.4784,104.4707
1985-07,,,,,,,102.186,103.9409
1985-08,,,,,,,101.8188,103.2755
1985-09,,,,,,,101.4143,102.5425
1985-10,,,,,,,101.0119,101.8133
1985-11,,,,,,,100.6472,101.1524
1985-12,,,,,,,100.3432,100.6015
1986-01,,,,,,,100.1069,100.1734
1986-02,,,,,,,99.93619,99.86398
1986-03,,,,,,,99.83208,99.67532
1986-04,,,,,,,99.78657,99.59284
1986-05,,,,,,,99.79632,99.61052
1986-06,,,,,,,99.85471,99.71631
1986-07,,,,,,,99.95226,99.8931
1986-08,,,,,,,100.0778,100.1205
1986-09,,,,,,,100.2156,100.3703
1986-10,,,,,,,100.3496,100.6131
1986-11,,,,,,,100.4622,100.8172
1986-12,,,,,,,100.5422,100.9622
1987-01,,,,,,,100.5897,101.0482
1987-02,,,,,,,100.6198,101.1028
1987-03,,,,,,,100.6474,101.1528
1987-04,,,,,,,100.6838,101.2187
1987-05,,,,,,,100.7382,101.3173
1987-06,,,,,,,100.8139,101.4544
1987-07,,,,,,,100.9077,101.6245
1987-08,,,,,,,101.0181,101.8244
1987-09,,,,,,,101.1476,102.0592
1987-10,,,,,,,101.2977,102.3312
1987-11,,,,,,,101.4688,102.6412
1987-12,,,,,,,101.6599,102.9875
1988-01,,,,,,,101.8636,103.3567
1988-02,,,,,,,102.0618,103.7158
1988-03,,,,,,,102.2474,104.0522
1988-04,,,,,,,102.4334,104.3892
1988-05,,,,,,,102.6181,104.7239
1988-06,,,,,,,102.7928,105.0405
1988-07,,,,,,,102.9435,105.3136
1988-08,,,,,,,103.0544,105.5145
1988-09,,,,,,,103.1003,105.5978
1988-10,,,,,,,103.0582,105.5215
1988-11,,,,,,,102.9219,105.2745
1988-12,,,,,,,102.7059,104.883
1989-01,,,,,,,102.4288,104.381
1989-02,,,,,,,102.1129,103.8084
1989-03,,,,,,,101.7587,103.1666
1989-04,,,,,,,101.3568,102.4383
1989-05,,,,,,,100.9025,101.6151
1989-06,,,,,,,100.4013,100.7068
1989-07,,,,,,,99.86212,99.72976
1989-08,,,,,,,99.2936,98.69952
1989-09,,,,,,,98.71652,97.65379
1989-10,,,,,,,98.16022,96.64571
1989-11,,,,,,,97.65269,95.72601
1989-12,,,,,,,97.20938,94.92268
1990-01,,98.72694,,,,,96.84242,94.2577
1990-02,,98.78331,,,,,96.57621,93.77528
1990-03,,98.86758,,,,,96.41351,93.48046
1990-04,,98.97919,,,,,96.33588,93.33978
1990-05,,99.08422,,,,,96.32748,93.32457
1990-06,,99.12265,,,,,96.37783,93.4158
1990-07,,99.06203,,,,,96.48376,93.60775
1990-08,,98.93838,,,,,96.64654,93.90273
1990-09,,98.83743,,,,,96.86106,94.29147
1990-10,,98.85971,,,,,97.11265,94.74738
1990-11,,99.06281,,,,,97.37609,95.22476
1990-12,,99.43913,,,,,97.62125,95.66902
1991-01,,99.91104,,,,,97.82182,96.03249
1991-02,,100.3512,,,,,97.95816,96.27955
1991-03,,100.6261,,,,,98.0417,96.43093
1991-04,,100.6717,,,,,98.08906,96.51675
1991-05,,100.4959,,,,,98.10966,96.55408
1991-06,,100.1725,,,,,98.11262,96.55944
1991-07,,99.81905,,,,,98.11105,96.55661
1991-08,,99.52358,,,,,98.11422,96.56235
1991-09,,99.34095,,,,,98.12252,96.57738
1991-10,,99.27116,,,,,98.13794,96.60534
1991-11,,99.28333,,,,,98.167,96.65799
1991-12,,99.34588,,,,,98.2197,96.75349
1992-01,,99.45392,,,,,98.29292,96.88618
1992-02,,99.6461,,,,,98.37488,97.03469
1992-03,,99.97582,,,,,98.4558,97.18134
1992-04,,100.4778,,,,,98.55022,97.35244
1992-05,,101.1158,100.5658,100.3989,,6.181029,98.67085,97.57104
1992-06,,101.7963,100.8606,100.6083,,6.275352,98.82618,97.8525
1992-07,,102.4049,101.1199,100.7926,,6.369138,99.01379,98.19248
1992-08,,102.8789,101.3383,100.9477,,6.461952,99.22079,98.56757
1992-09,,103.194,101.518,101.0754,,6.553841,99.43879,98.96263
1992-10,,103.3658,101.663,101.1784,,6.644963,99.66095,99.36521
1992-11,,103.4524,101.7661,101.2516,,6.734746,99.88069,99.7634
1992-12,,103.501,101.8299,101.2969,,6.823254,100.0949,100.1515
1993-01,,103.5413,101.8597,101.3181,,6.91073,100.3007,100.5245
1993-02,,103.576,101.8622,101.3199,,6.99752,100.4845,100.8576
1993-03,,103.6201,101.8367,101.3017,,7.083485,100.635,101.1303
1993-04,,103.7058,101.7757,101.2584,,7.168006,100.7449,101.3294
1993-05,,103.8782,101.6772,101.1884,17.30757,7.250815,100.8121,101.4512
1993-06,,104.149,101.5365,101.0885,16.82932,7.33145,100.8335,101.49
1993-07,,104.4434,101.3541,100.9589,16.33908,7.409796,100.8098,101.4471
1993-08,,104.6461,101.1561,100.8183,15.87282,7.487645,100.7581,101.3534
1993-09,,104.6247,100.9843,100.6962,15.47505,7.568051,100.7084,101.2633
1993-10,,104.304,100.8708,100.6156,15.17739,7.653495,100.6959,101.2406
1993-11,,103.6881,100.8335,100.5891,15.00784,7.745487,100.7394,101.3194
1993-12,,102.8633,100.8679,100.6135,14.9575,7.843843,100.8296,101.4829
1994-01,,101.9797,100.9388,100.6639,14.9803,7.945978,100.9385,101.6802
1994-02,,101.1639,101.0195,100.7212,15.03837,8.049832,101.0611,101.9025
1994-03,,100.49,101.0887,100.7704,15.10833,8.153682,101.1992,102.1527
1994-04,,99.96319,101.1263,100.7971,15.176,8.255823,101.3469,102.4204
1994-05,,99.55871,101.1192,100.792,15.22891,8.355035,101.4945,102.6878
1994-06,,99.27291,101.0704,100.7574,15.27619,8.451416,101.6287,102.9311
1994-07,,99.13113,100.9875,100.6985,15.32616,8.545433,101.7413,103.1351
1994-08,,99.15618,100.8905,100.6296,15.37228,8.638667,101.8224,103.282
1994-09,,99.35159,100.8016,100.5664,15.39246,8.732961,101.8603,103.3507
1994-10,,99.71606,100.7379,100.5212,15.36949,8.829798,101.8503,103.3325
1994-11,,100.2069,100.7159,100.5055,15.30176,8.930682,101.7949,103.2322
1994-12,,100.7718,100.7334,100.5179,15.19245,9.035515,101.7047,103.0687
1995-01,,101.3741,100.7945,100.5614,15.08683,9.144773,101.603,102.8845
1995-02,,101.9429,100.8848,100.6255,14.99894,9.257222,101.5122,102.7198
1995-03,,102.4054,100.9721,100.6876,14.91673,9.369944,101.4331,102.5766
1995-04,,102.7135,101.0517,100.7441,14.85782,9.482458,101.3655,102.4541
1995-05,,102.8166,101.1221,100.7941,14.83596,9.594584,101.3106,102.3546
1995-06,,102.7115,101.1889,100.8415,14.85397,9.706787,101.2694,102.2799
1995-07,,102.4572,101.2647,100.8954,14.91823,9.820261,101.2401,102.2267
1995-08,,102.1619,101.3147,100.9309,14.96681,9.9316,101.2177,102.1863
1995-09,,101.9198,101.3067,100.9252,14.93817,10.03751,101.2017,102.1573
1995-10,,101.7889,101.2507,100.8854,14.82452,10.13877,101.1937,102.1428
1995-11,,101.7952,101.1651,100.8247,14.62839,10.2371,101.1893,102.1348
1995-12,,101.9054,101.0887,100.7703,14.3965,10.33631,101.185,102.127
1996-01,,102.0595,101.058,100.7486,14.16604,10.44023,101.1768,102.1121
1996-02,,102.1804,101.1038,100.7811,13.98835,10.55216,101.1628,102.0868
1996-03,,102.2175,101.2989,100.9197,13.98176,10.68003,101.1553,102.0731
1996-04,,102.1844,101.6844,101.1936,14.19674,10.82866,101.1555,102.0734
1996-05,,102.1223,102.2908,101.6244,14.66822,11.00194,101.1585,102.0789
1996-06,,102.0532,103.1037,102.2019,15.37285,11.199,101.1632,102.0875
1996-07,,102.0029,103.9986,102.8376,16.15598,11.40682,101.1674,102.0952
1996-08,,101.9507,104.4681,103.1711,16.49158,11.56948,101.1703,102.1003
1996-09,,101.9196,104.6939,103.3315,16.62187,11.70593,101.1765,102.1116
1996-10,,101.8698,104.6566,103.305,16.515,11.81319,101.1829,102.1231
1996-11,,101.6904,104.3695,103.1011,16.16517,11.89194,101.1848,102.1267
1996-12,,101.2088,103.9094,102.7742,15.61392,11.95022,101.1771,102.1127
1997-01,,100.4105,103.3367,102.3673,14.88721,11.99448,101.1535,102.0699
1997-02,,99.84119,102.7698,101.9647,14.08346,12.03826,101.1194,102.0082
1997-03,,99.58057,102.2406,101.5887,13.15829,12.08534,101.0887,101.9524
1997-04,,99.57385,101.6171,101.1458,11.92614,12.1201,101.0544,101.8903
1997-05,,99.73367,100.8752,100.6187,10.3384,12.13936,101.0117,101.8129
1997-06,,99.94685,100.0915,100.062,8.510286,12.15206,100.9609,101.7208
1997-07,,100.1129,99.3737,99.55205,6.701753,12.17128,100.9044,101.6186
1997-08,,100.1686,98.76955,99.12286,5.476963,12.20313,100.8493,101.5186
1997-09,,100.1206,98.29128,98.7831,4.643961,12.24955,100.795,101.4202
1997-10,,100.0292,97.93521,98.53016,4.209607,12.31048,100.7381,101.3171
1997-11,,99.97693,97.68494,98.35236,4.140073,12.38428,100.6734,101.1999
1997-12,,100.0012,97.52598,98.23943,4.345023,12.46945,100.5994,101.0658
1998-01,,99.98842,97.45585,98.18961,4.765043,12.56603,100.5177,100.9178
1998-02,,99.60947,97.50963,98.22782,5.321478,12.67888,100.4297,100.7582
1998-03,,99.00716,97.69369,98.35857,5.990289,12.80928,100.3311,100.5796
1998-04,,98.50073,97.9649,98.55125,6.863951,12.95202,100.2414,100.4171
1998-05,,97.9985,98.25922,98.76033,7.904115,13.09887,100.1757,100.298
1998-06,,97.50426,98.5257,98.94964,8.978436,13.24313,100.1406,100.2344
1998-07,,97.18328,98.74993,99.10893,9.953906,13.3828,100.1383,100.2302
1998-08,,97.26167,98.94292,99.24603,10.78536,13.51929,100.1661,100.2806
1998-09,,97.47488,99.09464,99.35381,11.44225,13.65117,100.2094,100.3591
1998-10,,97.70313,99.20415,99.4316,11.92276,13.77823,100.2433,100.4205
1998-11,,97.83754,99.27972,99.48528,12.25146,13.90153,100.245,100.4237
1998-12,,98.02778,99.34026,99.5283,12.46436,14.02369,100.2007,100.3433
1999-01,,98.23038,99.42227,99.58656,12.60452,14.14991,100.1062,100.1721
1999-02,,98.33579,99.55286,99.67932,12.66157,14.28422,99.96815,99.92191
1999-03,,98.36235,99.75506,99.82296,12.65419,14.43019,99.80889,99.63329
1999-04,,98.43018,99.99829,99.99576,12.59787,14.5837,99.65572,99.35573
1999-05,,98.576,100.2338,100.1631,12.51183,14.73778,99.52578,99.12026
1999-06,,98.72497,100.3874,100.2722,12.37154,14.88151,99.42774,98.94261
1999-07,,98.82248,100.3884,100.2729,12.1147,15.00408,99.36575,98.83026
1999-08,,99.00244,100.2736,100.1913,11.77049,15.11057,99.33967,98.78301
1999-09,,99.13283,100.1122,100.0767,11.42728,15.21113,99.34449,98.79174
1999-10,,99.23064,99.95872,99.96764,11.14626,15.31399,99.37284,98.84312
1999-11,,99.37114,99.84872,99.8895,10.95714,15.42474,99.41588,98.92111
1999-12,,99.55035,99.7835,99.84317,10.83976,15.54383,99.46339,99.00719
2000-01,,99.66363,99.75948,99.8261,10.74927,15.67093,99.5086,99.08913
2000-02,100.4405,99.76258,99.74892,99.8186,10.62471,15.80188,99.54621,99.15728
2000-03,100.3219,99.86255,99.71541,99.7948,10.40045,15.931,99.58921,99.23521
2000-04,100.2587,99.96261,99.60447,99.71598,10.05092,16.04949,99.63424,99.3168
2000-05,100.3385,100.0646,99.41438,99.58095,9.62864,16.15683,99.67587,99.39224
2000-06,100.6025,100.1523,99.16439,99.40336,9.235603,16.25591,99.70472,99.44453
2000-07,100.8238,100.2483,98.84316,99.17516,8.934731,16.34465,99.71095,99.4558
2000-08,100.6689,100.3655,98.47017,98.91019,8.705873,16.42608,99.68527,99.40929
2000-09,99.90217,100.4911,98.08359,98.63556,8.515553,16.50644,99.62505,99.30015
2000-10,98.96582,100.5877,97.75089,98.39921,8.379246,16.59718,99.5356,99.13806
2000-11,98.47038,100.6663,97.49958,98.22068,8.289207,16.70333,99.42471,98.9371
2000-12,98.8544,100.7296,97.30138,98.07988,8.212975,16.82044,99.30271,98.71603
2001-01,99.60329,100.7721,97.14876,97.97147,8.146222,16.94751,99.18513,98.50297
2001-02,100.0001,100.7967,97.06071,97.90891,8.140273,17.0882,99.09109,98.33257
2001-03,99.51115,100.8513,97.02694,97.88493,8.223269,17.24105,99.00441,98.17548
2001-04,98.52435,100.9247,96.99819,97.8645,8.399622,17.39759,98.91457,98.01268
2001-05,97.56118,100.9717,96.93798,97.82173,8.630978,17.55132,98.81707,97.836
2001-06,96.98711,101.0376,96.85368,97.76183,8.905155,17.70352,98.71154,97.64476
2001-07,96.69819,101.0925,96.75867,97.69434,9.250453,17.85661,98.59997,97.44258
2001-08,96.55322,101.0445,96.69602,97.64984,9.69535,18.01864,98.48679,97.2375
2001-09,96.5209,100.9625,96.69966,97.65242,10.23736,18.19626,98.37598,97.03671
2001-10,96.68292,100.8865,96.78992,97.71655,10.82472,18.39378,98.27289,96.84987
2001-11,97.2663,100.83,96.96461,97.84064,11.42303,18.61136,98.18655,96.69342
2001-12,98.48137,100.8163,97.19913,98.00725,12.0352,18.84481,98.12679,96.58514
2002-01,99.93833,100.8163,97.46792,98.1982,12.6395,19.08959,98.10138,96.53909
2002-02,101.1344,100.8413,97.77563,98.41679,13.21816,19.34694,98.11765,96.56857
2002-03,101.6987,100.8637,98.1255,98.66534,13.78568,19.61784,98.17837,96.6786
2002-04,101.8987,100.8712,98.45907,98.9023,14.33117,19.89087,98.26656,96.83839
2002-05,102.0756,100.8844,98.75977,99.11592,14.87813,20.16263,98.36595,97.01852
2002-06,102.4442,100.9092,99.02968,99.30766,15.42027,20.43345,98.46679,97.20125
2002-07,102.9164,100.9241,99.26727,99.47644,15.93975,20.70291,98.56882,97.38614
2002-08,103.2998,100.9344,99.48988,99.63458,16.4046,20.97453,98.67166,97.57249
2002-09,103.3926,100.9574,99.72368,99.80067,16.80358,21.25389,98.77538,97.76044
2002-10,103.168,101.0122,99.9765,99.98028,17.1201,21.54281,98.8776,97.94569
2002-11,102.539,101.0964,100.245,100.171,17.35203,21.84081,98.97763,98.12695
2002-12,101.4417,101.1711,100.4947,100.3484,17.48837,22.14046,99.0737,98.30104
2003-01,100.3224,101.1562,100.7089,100.5006,17.54057,22.43802,99.15996,98.45735
2003-02,99.81603,100.8157,100.8952,100.6329,17.51185,22.73495,99.22701,98.57887
2003-03,100.4476,99.85214,101.0641,100.7529,17.41122,23.03355,99.28889,98.69098
2003-04,101.7198,98.28671,101.1869,100.8401,17.27546,23.3271,99.35933,98.81864
2003-05,103.0418,97.34348,101.2465,100.8825,17.10439,23.61132,99.44971,98.98241
2003-06,104.0175,97.48531,101.274,100.902,16.93122,23.89308,99.56468,99.19076
2003-07,104.6834,98.16722,101.2856,100.9102,16.77591,24.17601,99.69984,99.43567
2003-08,105.1006,98.84468,101.3065,100.9251,16.64674,24.46611,99.84914,99.70623
2003-09,105.2561,99.32285,101.3493,100.9555,16.52699,24.76651,100.0063,99.99106
2003-10,105.2127,99.67403,101.4028,100.9935,16.39487,25.07473,100.1643,100.2773
2003-11,104.9542,99.91801,101.4544,101.0302,16.23966,25.38768,100.3111,100.5434
2003-12,104.428,100.1073,101.4666,101.0388,16.05841,25.69587,100.433,100.7643
2004-01,103.8041,100.2019,101.4194,101.0053,15.84742,25.99386,100.5153,100.9135
2004-02,103.292,100.1976,101.3302,100.942,15.61779,26.28564,100.544,100.9654
2004-03,103.0555,100.0708,101.1809,100.8359,15.3363,26.56604,100.5074,100.8992
2004-04,103.0154,99.70366,100.9792,100.6926,15.04447,26.83654,100.427,100.7534
2004-05,103.0858,99.08989,100.7697,100.5437,14.81198,27.10863,100.325,100.5686
2004-06,103.2147,98.54359,100.6152,100.434,14.67488,27.39936,100.2235,100.3845
2004-07,103.3134,98.36109,100.5239,100.3692,14.62397,27.7115,100.1352,100.2247
2004-08,103.2692,98.37576,100.4803,100.3381,14.61308,28.04136,100.0629,100.0936
2004-09,102.9889,98.53712,100.455,100.3202,14.59501,28.38119,100.0038,99.98654
2004-10,102.5845,98.77723,100.4174,100.2935,14.54696,28.72234,99.95534,99.89867
2004-11,102.2282,99.04753,100.3686,100.2588,14.485,29.06508,99.91324,99.82238
2004-12,102.1311,99.27713,100.3025,100.2118,14.44447,29.4075,99.87676,99.75629
2005-01,102.4744,99.45937,100.2343,100.1634,14.46508,29.7539,99.84663,99.70168
2005-02,103.0805,99.62054,100.1872,100.13,14.55401,30.11126,99.82542,99.66325
2005-03,103.6656,99.75661,100.1836,100.1274,14.75758,30.48655,99.82146,99.65608
2005-04,103.0633,99.83067,100.2132,100.1484,15.05646,30.87717,99.83129,99.67388
2005-05,101.5334,99.83521,100.2613,100.1826,15.38354,31.2789,99.85126,99.71008
2005-06,100.3424,99.83697,100.3225,100.226,15.66027,31.69018,99.88347,99.76844
2005-07,100.06,99.8138,100.3697,100.2596,15.84567,32.10258,99.92884,99.85066
2005-08,100.7284,99.77192,100.3852,100.2706,15.93646,32.51016,99.98118,99.9455
2005-09,101.6344,99.68966,100.3646,100.256,15.96078,32.91105,100.0329,100.0392
2005-10,101.9175,99.5991,100.3333,100.2337,15.98372,33.31324,100.0787,100.1222
2005-11,101.7911,99.58897,100.3157,100.2213,16.03193,33.72478,100.1136,100.1855
2005-12,101.4091,99.65727,100.3238,100.227,16.12644,34.14989,100.1378,100.2293
2006-01,100.9917,99.68174,100.3638,100.2554,16.2569,34.59096,100.1574,100.2648
2006-02,101.3776,99.62913,100.4399,100.3095,16.40139,35.04992,100.1841,100.3132
2006-03,102.5696,99.61012,100.5519,100.3891,16.53359,35.52707,100.203,100.3474
2006-04,103.3482,99.57497,100.6935,100.4896,16.65773,36.02061,100.2165,100.372
2006-05,102.8032,99.57044,100.8329,100.5886,16.75409,36.51939,100.2276,100.392
2006-06,101.9378,99.61639,100.9392,100.6642,16.79346,37.01205,100.2407,100.4159
2006-07,101.4054,99.71024,101.0141,100.7174,16.80908,37.49873,100.2618,100.4541
2006-08,101.7794,99.90002,101.1002,100.7785,16.87103,37.99495,100.2981,100.5198
2006-09,102.6384,100.1508,101.2515,100.8861,17.04702,38.5214,100.3543,100.6217
2006-10,102.7884,100.3376,101.4963,101.0599,17.34011,39.08979,100.4325,100.7634
2006-11,102.7225,100.4938,101.8418,101.3054,17.73031,39.70428,100.5304,100.9408
2006-12,102.5137,100.5852,102.2644,101.6056,18.17581,40.3569,100.6411,101.1414
2007-01,102.3912,100.5122,102.743,101.9456,18.64477,41.04036,100.756,101.3495
2007-02,102.5241,100.3832,103.2748,102.3234,19.12811,41.75431,100.8612,101.5401
2007-03,103.3987,100.334,103.8774,102.7514,19.64591,42.50668,100.9653,101.7289
2007-04,103.9839,100.4741,104.4718,103.1737,20.11422,43.26588,101.0709,101.9202
2007-05,103.4096,100.6667,104.9079,103.4835,20.39859,43.96883,101.1761,102.1108
2007-06,102.5092,100.8163,105.0729,103.6007,20.40761,44.56533,101.2796,102.2984
2007-07,101.9257,100.8432,104.9406,103.5067,20.11076,45.04,101.3796,102.4796
2007-08,101.991,100.8429,104.6111,103.2727,19.57315,45.43176,101.4764,102.655
2007-09,102.288,100.7737,104.1082,102.9154,18.75972,45.74791,101.5661,102.8175
2007-10,102.1811,100.6713,103.4826,102.471,17.69875,46.0082,101.6394,102.9504
2007-11,102.3064,100.5831,102.8323,102.009,16.49819,46.25478,101.6862,103.0352
2007-12,102.2104,100.4959,102.2017,101.561,15.23995,46.50728,101.6955,103.052
2008-01,102.0972,100.2419,101.5606,101.1056,13.91722,46.75204,101.657,102.9822
2008-02,102.8394,99.95089,100.8754,100.6188,12.49902,46.97319,101.56,102.8066
2008-03,104.1338,99.78818,100.169,100.1171,10.996,47.18072,101.4054,102.5263
2008-04,104.0999,99.70674,99.3716,99.55055,9.418561,47.3409,101.1884,102.1332
2008-05,102.2401,99.71286,98.46091,98.90361,7.898071,47.44152,100.9069,101.6231
2008-06,100.1552,99.73339,97.45812,98.19123,6.564828,47.49097,100.5621,100.9981
2008-07,98.38247,99.72072,96.4243,97.45681,5.501187,47.51774,100.1615,100.2723
2008-08,97.37437,99.5767,95.42363,96.74594,4.669587,47.55324,99.7242,99.47982
2008-09,96.20758,99.29224,94.54483,96.12164,4.141747,47.64267,99.27816,98.67155
2008-10,93.59099,98.78198,93.86394,95.63794,3.95268,47.82676,98.85578,97.90614
2008-11,91.41549,98.04185,93.44755,95.34214,4.082484,48.14312,98.49456,97.25156
2008-12,91.75365,97.29445,93.32751,95.25687,4.527373,48.61283,98.22703,96.76676
2009-01,94.09918,96.82498,93.53672,95.40549,5.360743,49.2583,98.07053,96.48318
2009-02,97.07119,96.58649,94.08649,95.79604,6.637937,50.09124,98.03348,96.41603
2009-03,99.55804,96.48634,94.92062,96.3886,8.280188,51.08737,98.10528,96.54614
2009-04,100.8942,96.52277,95.92886,97.10485,10.2466,52.19173,98.25815,96.82316
2009-05,101.2667,96.64714,97.02577,97.88409,12.4763,53.36047,98.46676,97.20119
2009-06,101.3158,96.7954,98.13924,98.67509,14.87472,54.55511,98.70347,97.63013
2009-07,101.4211,97.00173,99.16526,99.40398,17.25638,55.71758,98.94334,98.06483
2009-08,101.7384,97.18223,99.98637,99.98728,19.40222,56.77962,99.17168,98.47858
2009-09,102.179,97.30251,100.5854,100.4128,21.16802,57.72768,99.37891,98.85413
2009-10,102.6885,97.40112,101.0046,100.7106,22.48837,58.58221,99.55779,99.17826
2009-11,103.061,97.50328,101.2747,100.9025,23.29453,59.35783,99.70455,99.44421
2009-12,103.1962,97.65818,101.3648,100.9665,23.49294,60.03342,99.81731,99.64855
2010-01,102.7262,97.87083,101.2966,100.918,23.06264,60.61856,99.89774,99.79429
2010-02,102.0723,98.15111,101.1165,100.7901,22.05372,61.13822,99.94666,99.88296
2010-03,102.2338,98.57302,100.8924,100.6309,20.63962,61.63161,99.97364,99.93185
2010-04,102.2081,98.82447,100.6316,100.4456,18.98873,62.10228,99.9834,99.94953
2010-05,101.4673,99.04293,100.354,100.2485,17.24367,62.56177,99.98168,99.94642
2010-06,100.4949,99.12217,100.1125,100.0769,15.55807,63.04284,99.97816,99.94004
2010-07,99.99432,98.96961,99.96485,99.972,14.1163,63.58284,99.98601,99.95425
2010-08,100.3294,98.59703,99.92451,99.94334,13.05456,64.19195,100.0133,100.0038
2010-09,101.2594,98.03524,99.97668,99.9804,12.35939,64.86246,100.0633,100.0944
2010-10,102.0292,97.53667,100.0934,100.0633,11.94127,65.57767,100.1378,100.2293
2010-11,102.2266,97.04953,100.2134,100.1486,11.69219,66.29807,100.235,100.4054
2010-12,101.7781,96.61442,100.3026,100.2119,11.6057,67.00072,100.3492,100.6124
2011-01,101.1778,96.54554,100.3768,100.2646,11.67475,67.69563,100.4734,100.8375
2011-02,100.8287,97.01611,100.442,100.311,11.8552,68.38628,100.5958,101.0592
2011-03,100.7924,97.95728,100.494,100.3479,12.06826,69.06947,100.7086,101.2636
2011-04,100.5426,98.48557,100.5048,100.3556,12.27489,69.72527,100.8063,101.4406
2011-05,100.0223,98.68091,100.4768,100.3357,12.45592,70.35442,100.8841,101.5818
2011-06,99.46807,98.71834,100.4098,100.2881,12.55166,70.95576,100.9401,101.6831
2011-07,99.16496,98.40087,100.2946,100.2062,12.48611,71.52187,100.9722,101.7413
2011-08,99.06396,97.90426,100.1232,100.0845,12.23509,72.04589,100.9812,101.7576
2011-09,98.91521,97.23355,99.9262,99.94454,11.85001,72.54868,100.9691,101.7357
2011-10,98.53915,96.53099,99.73933,99.8118,11.40348,73.05582,100.9386,101.6804
2011-11,98.23054,96.18835,99.59492,99.70921,11.00054,73.59121,100.8938,101.5994
2011-12,98.4537,96.5648,99.50512,99.64541,10.69224,74.1646,100.8393,101.5005
2012-01,98.95973,97.16032,99.48042,99.62786,10.47209,74.78477,100.7787,101.3907
2012-02,99.66961,97.40469,99.51416,99.65183,10.32595,75.44781,100.7166,101.2781
2012-03,100.3384,97.23044,99.57092,99.69215,10.21889,76.12762,100.6561,101.1685
2012-04,100.271,97.2023,99.63377,99.7368,10.16301,76.81145,100.5981,101.0633
2012-05,99.44032,96.99204,99.71097,99.79164,10.1647,77.50573,100.5451,100.9674
2012-06,98.72505,96.42625,99.79477,99.85117,10.2159,78.20453,100.4983,100.8826
2012-07,98.27235,96.10448,99.88232,99.91337,10.32378,78.90563,100.4587,100.8109
2012-08,98.04279,96.29956,99.96873,99.97475,10.49218,79.60507,100.428,100.7551
2012-09,98.17802,96.90552,100.0599,100.0395,10.69463,80.30749,100.4071,100.7173
2012-10,98.46439,97.65031,100.1733,100.1201,10.91111,81.02701,100.3955,100.6964
2012-11,98.70831,97.96579,100.3171,100.2222,11.11453,81.77052,100.3923,100.6905
2012-12,98.79034,98.04424,100.477,100.3359,11.27541,82.52696,100.3958,100.6969
2013-01,98.76164,98.18312,100.6315,100.4456,11.35758,83.27851,100.4047,100.713
2013-02,98.76198,98.23067,100.7607,100.5374,11.34651,84.00851,100.419,100.7389
2013-03,98.87819,97.71899,100.8731,100.6172,11.29145,84.72353,100.4385,100.7742
2013-04,98.88857,97.0741,100.9638,100.6816,11.20611,85.41903,100.4631,100.8188
2013-05,98.82747,96.22419,101.0534,100.7453,11.10419,86.11211,100.4924,100.8718
2013-06,98.71959,95.61844,101.1427,100.8088,10.99543,86.80346,100.5255,100.9319
2013-07,98.81131,95.47937,101.2264,100.8682,10.87706,87.48824,100.5613,100.9968
2013-08,99.08282,95.72887,101.2797,100.9061,10.7278,88.14495,100.5968,101.0611
2013-09,99.32666,96.19522,101.2906,100.9138,10.52812,88.76236,100.6283,101.1182
2013-10,99.47186,96.56751,101.2618,100.8933,10.26199,89.342,100.6541,101.1649
2013-11,99.42525,96.60909,101.1994,100.849,9.928056,89.88875,100.6727,101.1987
2013-12,99.18162,96.83894,101.097,100.7762,9.535327,90.39617,100.684,101.2191
2014-01,98.87024,97.13057,100.9569,100.6767,9.110663,90.86574,100.6891,101.2284
2014-02,98.65813,97.63769,100.8044,100.5684,8.702849,91.31964,100.6894,101.2288
2014-03,98.63591,98.09483,100.6576,100.4641,8.322144,91.77434,100.6851,101.2211
2014-04,98.77458,97.98994,100.5212,100.3672,7.978459,92.23415,100.6751,101.203
2014-05,99.03285,97.73876,100.4044,100.2842,7.659576,92.70793,100.659,101.1738
2014-06,99.30357,97.73602,100.3117,100.2184,7.369289,93.20026,100.6367,101.1333
2014-07,99.49587,97.75689,100.2453,100.1713,7.115804,93.71373,100.6082,101.0818
2014-08,99.4347,97.77547,100.199,100.1383,6.918147,94.24294,100.5738,101.0194
2014-09,99.26421,97.84198,100.1622,100.1122,6.777842,94.77853,100.5348,100.9487
2014-10,98.99828,97.86019,100.1471,100.1015,6.704853,95.33224,100.4909,100.8692
2014-11,98.69111,98.06477,100.1628,100.1126,6.702208,95.91328,100.4428,100.7821
2014-12,98.44769,98.32331,100.1876,100.1302,6.753979,96.50151,100.3914,100.6889
2015-01,98.30557,98.64547,100.1945,100.1351,6.829099,97.07105,100.3367,100.5897
2015-02,98.308,99.02642,100.2237,100.1559,6.944076,97.66094,100.2797,100.4864
2015-03,98.39076,99.09074,100.3179,100.2228,7.125333,98.31357,100.222,100.3819
2015-04,98.46484,99.10494,100.4192,100.2948,7.306332,98.97308,100.1657,100.28
2015-05,98.50387,98.99556,100.4596,100.3235,7.404496,99.57249,100.1116,100.1819
2015-06,98.47005,98.50476,100.4002,100.2813,7.373299,100.0722,100.0596,100.0876
2015-07,98.36028,98.08158,100.2395,100.1671,7.208585,100.4692,100.0091,99.99612
2015-08,98.23985,97.89075,100.0352,100.022,6.978946,100.8201,99.96119,99.90928
2015-09,98.18213,97.87559,99.84983,99.89029,6.762446,101.1879,99.91612,99.82761
2015-10,98.13361,97.78568,99.72397,99.80088,6.589741,101.6144,99.87386,99.75102
2015-11,98.05677,97.7359,99.65356,99.75085,6.446885,102.0967,99.83437,99.67946
2015-12,97.97854,97.68449,99.61107,99.72067,6.327444,102.6076,99.79707,99.61188
2016-01,97.897,97.58479,99.59597,99.70995,6.259506,103.1472,99.76173,99.54783
2016-02,97.94468,97.30074,99.62128,99.72792,6.214231,103.7298,99.72849,99.48761
2016-03,98.21478,96.8085,99.70651,99.78848,6.167193,104.3768,99.69776,99.43191
2016-04,98.37313,96.61646,99.81606,99.8663,6.141776,105.0518,99.66942,99.38055
2016-05,98.40923,96.76198,99.94158,99.95547,6.200756,105.7467,99.64398,99.33447
2016-06,98.39292,97.3433,100.0808,100.0544,6.382902,106.4597,99.62206,99.29475
2016-07,98.43817,97.96615,100.228,100.1589,6.684536,107.1851,99.60407,99.26214
2016-08,98.63438,98.21613,100.3576,100.251,7.018059,107.8957,99.59026,99.2371
2016-09,98.91595,98.3614,100.4683,100.3296,7.315382,108.5902,99.58079,99.21995
2016-10,99.29163,98.69485,100.5685,100.4008,7.541377,109.2775,99.57618,99.21159
2016-11,99.563,99.04892,100.6641,100.4687,7.705927,109.9642,99.57675,99.21263
2016-12,99.6295,99.3459,100.7345,100.5188,7.816428,110.6278,99.58238,99.22283
2017-01,99.64269,99.7197,100.7836,100.5537,7.87737,111.2725,99.59253,99.24123
2017-02,99.68441,100.1508,100.8408,100.5943,7.905909,111.9306,99.60584,99.26535
2017-03,99.66846,100.3646,100.9102,100.6436,7.885359,112.6072,99.62035,99.29163
2017-04,99.55422,100.5557,100.9808,100.6937,7.842424,113.2904,99.63353,99.31552
2017-05,99.53279,100.6302,101.0425,100.7375,7.775494,113.9691,99.64394,99.33439
2017-06,99.63061,100.8307,101.0739,100.7598,7.664195,114.619,99.65038,99.34605
2017-07,99.7309,101.1856,101.045,100.7393,7.482929,115.2056,99.65149,99.34807
2017-08,99.90136,101.7509,100.9375,100.663,7.239742,115.7071,99.64749,99.34082
2017-09,100.0386,102.6965,100.7527,100.5317,6.937603,116.1237,99.63898,99.3254
2017-10,99.95277,103.5716,100.519,100.3657,6.597411,116.487,99.62646,99.30271
2017-11,99.82658,103.8884,100.2709,100.1894,6.249582,116.8365,99.61048,99.27376
2017-12,99.61971,104.0483,100.0118,100.0054,5.919179,117.1761,99.59155,99.23945
2018-01,99.36554,104.1414,99.76255,99.82829,5.6238,117.5303,99.56958,99.19964
2018-02,99.20772,104.2288,99.54459,99.67345,5.355261,117.9248,99.54393,99.15315
2018-03,99.39899,104.1469,99.37822,99.55526,5.130546,118.3846,99.51386,99.09866
2018-04,99.60806,103.9983,99.24089,99.4577,4.937326,118.8839,99.47901,99.03551
2018-05,99.74943,103.6556,99.1186,99.37083,4.771029,119.4066,99.43837,98.96187
2018-06,99.68939,103.1144,98.9913,99.2804,4.632556,119.9288,99.39147,98.87688
2018-07,99.53008,102.8355,98.85741,99.18527,4.550965,120.4486,99.33864,98.78114
2018-08,99.32911,102.6887,98.7207,99.08816,4.549131,120.9708,99.28037,98.67555
2018-09,99.00358,102.7416,98.59378,98.998,4.639126,121.5108,99.21722,98.56111
2018-10,98.61617,103.0667,98.48059,98.91759,4.796273,122.074,99.15007,98.43944
2018-11,98.27509,103.6204,98.38666,98.85085,4.990887,122.6677,99.08009,98.31261
2018-12,98.01095,104.1216,98.30973,98.79621,5.217259,123.2895,99.0088,98.18343
2019-01,97.94754,104.5179,98.25861,98.75989,5.46306,123.951,98.93715,98.0536
2019-02,98.05541,104.7903,98.23209,98.74106,5.704171,124.6514,98.8658,97.92431
2019-03,98.30035,104.7946,98.22844,98.73846,5.916726,125.3891,98.79507,97.79613
2019-04,98.2802,104.7711,98.22312,98.73469,6.097761,126.1332,98.72502,97.66919
2019-05,98.0863,104.6942,98.21012,98.72545,6.255348,126.8759,98.6583,97.54829
2019-06,97.98319,104.7041,98.19516,98.71482,6.416886,127.6245,98.59846,97.43984
2019-07,98.00677,104.5375,98.16965,98.6967,6.574667,128.3677,98.55007,97.35217
2019-08,98.06746,104.3678,98.11742,98.65959,6.706816,129.084,98.52016,97.29796
2019-09,98.18186,104.4616,98.03896,98.60385,6.799902,129.7735,98.51694,97.29211
2019-10,98.24193,104.6687,97.95931,98.54727,6.87657,130.4686,98.54904,97.35029
2019-11,98.15584,104.9062,97.91363,98.51482,6.96892,131.2163,98.62705,97.49167
2019-12,97.36243,105.0193,97.91652,98.51688,7.095179,132.0371,98.7613,97.73494
2020-01,95.6832,104.6457,97.98053,98.56235,7.259355,132.949,98.96248,98.09949
2020-02,94.11577,103.7823,83.86214,88.53271,-8.13951,114.5054,85.72557,74.11262
2020-03,96.34281,103.0911,88.87891,92.09661,-2.608351,122.1185,99.5737,99.2071
2020-04,98.12962,102.2133,92.20467,94.45921,1.073205,127.4868,99.93595,99.86355
2020-05,98.96907,101.5818,95.47594,96.7831,4.703886,132.844,100.2988,100.521
2020-06,99.27357,101.3282,97.24495,98.03979,6.689358,136.1617,100.6403,101.1399
2020-07,99.36538,101.7097,99.01488,99.29714,8.686663,139.5186,100.9442,101.6906
2020-08,99.42744,102.2756,100.7437,100.5253,10.66823,142.855,101.2005,102.1551
2020-09,99.58176,103.049,101.2546,100.8882,11.34079,144.4908,101.4038,102.5234
2020-10,99.74229,103.6892,101.6804,101.1907,11.9193,146.0195,101.5526,102.7931
2020-11,99.88609,104.1117,102.0305,101.4394,12.37358,147.4524,101.6502,102.97
2020-12,99.80767,104.2557,102.2688,101.6087,12.64613,148.7347,101.7019,103.0637
2021-01,99.57101,104.4439,102.3769,101.6855,12.70203,149.8363,101.7131,103.0839
2021-02,99.41766,104.5919,102.3561,101.6707,31.65781,150.7553,101.6883,103.039
2021-03,99.49289,104.2588,102.231,101.5819,24.08,151.5246,101.6313,102.9356
2021-04,99.4032,103.9261,102.0113,101.4258,19.35006,152.1556,101.545,102.7793
2021-05,99.24751,103.6997,101.7217,101.2201,14.93377,152.6826,101.4325,102.5754
2021-06,99.02598,103.4043,101.3792,100.9768,12.4612,153.1291,101.2969,102.3298
2021-07,98.71064,102.9121,100.9968,100.7051,10.03082,153.5134,101.1423,102.0496
2021-08,98.38179,102.7782,100.5928,100.4181,7.705351,153.8625,100.9739,101.7444
2021-09,98.11781,103.0329,100.2014,100.1401,6.739237,154.2284,100.7977,101.4252
2021-10,98.06867,103.2138,99.86874,99.90372,5.932866,154.6826,100.6199,101.1029
2021-11,98.29448,103.369,99.62609,99.73135,5.305781,155.2759,100.4446,100.7853
2021-12,98.47411,103.5358,99.44931,99.60577,4.866686,155.9731,100.2749,100.4778
2022-01,98.44539,103.3479,99.30761,99.5051,4.599218,156.7276,100.1131,100.1846
2022-02,98.19566,101.9706,99.18632,99.41893,4.485306,157.5171,99.96109,99.9091
2022-03,97.72026,98.86644,99.08145,99.34444,4.495333,158.3362,99.82018,99.65376
2022-04,97.35744,94.83237,98.97697,99.27021,4.603099,159.1595,99.69118,99.41999
2022-05,97.66793,92.62309,98.87828,99.2001,4.789939,159.996,99.57681,99.21273
2022-06,98.01063,91.97779,98.78508,99.1339,5.039069,160.8454,99.47551,99.02917
2022-07,98.10439,91.86348,98.68477,99.06264,5.324539,161.6873,99.37651,98.84977
2022-08,98.19596,91.83401,98.58018,98.98834,5.630893,162.5264,99.28372,98.68163
2022-09,98.37048,,98.47099,98.91076,,,,
