country,G-20,G-20,G-20,G-20,G-20,G-20,G-20,G-20,G-20,G-20,G-20
subject,BSCICP03,CSCICP03,LOLITOAA,LOLITONO,LOLITOTR_GYSA,LOLITOTR_STSA,LORSGPNO,LORSGPOR_GYSA,LORSGPOR_IXOBSA,LORSGPRT,LORSGPTD
measure,,,,,,,,,,,
unit,Index,Index,Index,Index,Percentage,Index,Index,Percentage,Index,Index,Index
powercode,Units,Units,Units,Units,Units,Units,Units,Units,Units,Units,Units
reference_period,,,,,,,,,2010=100,,
time,,,,,,,,,,,
1960-02,,,,,,,100.5825,,11.04963,100.6397,10.9794
1960-03,,,,,,,100.5248,,11.08495,100.5734,11.02175
1960-04,,,,,,,100.4353,,11.11635,100.4691,11.06445
1960-05,,,,,,,100.3329,,11.14626,100.3489,11.1075
1960-06,,,,,,,100.2325,,11.17657,100.2301,11.15092
1960-07,,,,,,,100.1322,,11.20707,100.1106,11.19469
1960-08,,,,,,,100.0242,,11.23675,99.98139,11.23884
1960-09,,,,,,,99.90495,,11.26516,99.8387,11.28336
1960-10,,,,,,,99.7858,,11.29384,99.69614,11.32826
1960-11,,,,,,,99.68365,,11.32509,99.57388,11.37355
1960-12,,,,,,,99.6116,,11.36072,99.48753,11.41924
1961-01,,,100.7312,100.3693,,11.54916,99.56983,,11.40081,99.43736,11.46532
1961-02,,,100.8759,100.4986,,11.61264,99.5528,3.575097,11.44466,99.41671,11.51181
1961-03,,,101.0643,100.6694,,11.68218,99.56527,3.68323,11.49323,99.42967,11.55916
1961-04,,,101.2627,100.854,,11.75348,99.59506,3.851869,11.54454,99.46259,11.60692
1961-05,,,101.4337,101.0188,,11.82218,99.64359,4.059495,11.59874,99.51656,11.65508
1961-06,,,101.5592,101.1473,,11.88615,99.71278,4.290298,11.65608,99.59344,11.70366
1961-07,,,101.6255,101.2263,,11.94369,99.80128,4.544807,11.71641,99.69161,11.75265
1961-08,,,101.6358,101.2565,,11.99512,99.90582,4.82857,11.77932,99.80733,11.80206
1961-09,,,101.6021,101.244,,12.04176,100.0208,5.13905,11.84408,99.93419,11.85188
1961-10,,,101.5432,101.2029,,12.08579,100.1367,5.450495,11.90941,100.0613,11.90211
1961-11,,,101.4746,101.1464,,12.12901,100.2426,5.728101,11.9738,100.176,11.95276
1961-12,,,101.382,101.064,,12.16971,100.3282,5.94241,12.03582,100.2666,12.00382
1962-01,,,101.2255,100.9304,5.66169,12.20303,100.3866,6.084506,12.0945,100.3252,12.05529
1962-02,,,101.0362,100.766,5.338885,12.23263,100.4134,6.156322,12.14923,100.3474,12.10717
1962-03,,,100.8194,100.5755,4.938475,12.2591,100.4078,6.14886,12.19994,100.3328,12.15947
1962-04,,,100.5938,100.3747,4.519615,12.28469,100.3758,6.088689,12.24745,100.2889,12.21217
1962-05,,,100.376,100.1799,4.138207,12.3114,100.3238,5.983485,12.29275,100.2239,12.26528
1962-06,,,100.1825,100.0067,3.829136,12.34128,100.2555,5.836111,12.33634,100.1424,12.3188
1962-07,,,100.0429,99.88015,3.636525,12.37803,100.168,5.64556,12.37787,100.0415,12.37273
1962-08,,,99.96468,99.80685,3.564381,12.42268,100.0566,5.410313,12.41662,99.91595,12.42706
1962-09,,,99.94714,99.78674,3.599542,12.47521,99.91893,5.134897,12.45226,99.76329,12.48181
1962-10,,,99.97954,99.81149,3.711798,12.53439,99.75948,4.836535,12.48541,99.58885,12.53696
1962-11,,,100.0552,99.8755,3.878721,12.59946,99.59077,4.543487,12.51783,99.40689,12.59251
1962-12,,,100.1569,99.96323,4.09709,12.66832,99.43381,4.292166,12.55241,99.24052,12.64848
1963-01,,,100.2766,100.066,4.400153,12.73999,99.31896,4.124231,12.5933,99.12206,12.70484
1963-02,,,100.4166,100.1839,4.758944,12.81477,99.27596,4.07695,12.64455,99.08273,12.76161
1963-03,,,100.5767,100.3158,5.168356,12.89269,99.3212,4.168259,12.70846,99.13947,12.81877
1963-04,,,100.7362,100.4451,5.587682,12.97112,99.44586,4.379899,12.78388,99.28204,12.87632
1963-05,,,100.868,100.5496,5.971098,13.04653,99.62598,4.675884,12.86754,99.48416,12.93426
1963-06,,,100.9578,100.6181,6.28561,13.11701,99.83241,5.018632,12.95546,99.71432,12.99257
1963-07,,,101.0152,100.6586,6.509271,13.18375,100.0366,5.379141,13.04369,99.94205,13.05125
1963-08,,,101.0511,100.6812,6.644414,13.24809,100.2162,5.738413,13.12914,100.1438,13.11029
1963-09,,,101.0732,100.6952,6.699653,13.311,100.3606,6.087364,13.21028,100.3083,13.16967
1963-10,,,101.0797,100.7003,6.684373,13.37224,100.4744,6.425997,13.28772,100.4409,13.22939
1963-11,,,101.0729,100.6992,6.60797,13.43203,100.5689,6.751926,13.36302,100.5536,13.28945
1963-12,,,101.0649,100.7021,6.501732,13.49198,100.6524,7.048957,13.43723,100.6548,13.34982
1964-01,,,101.0636,100.7152,6.382594,13.55313,100.7215,7.276531,13.50966,100.7394,13.4105
1964-02,,,101.057,100.726,6.235802,13.61388,100.7671,7.388279,13.57876,100.7964,13.47148
1964-03,,,101.0458,100.7324,6.062233,13.67428,100.7814,7.355465,13.64323,100.8164,13.53275
1964-04,,,101.0327,100.7348,5.88676,13.73469,100.7649,7.189982,13.70303,100.7998,13.59431
1964-05,,,101.0208,100.735,5.74105,13.79554,100.7219,6.926538,13.75881,100.7519,13.65614
1964-06,,,101.0087,100.7317,5.638549,13.85662,100.6573,6.606018,13.8113,100.6783,13.71824
1964-07,,,100.9823,100.7147,5.553985,13.91597,100.575,6.266177,13.86103,100.5836,13.78061
1964-08,,,100.9363,100.6806,5.470583,13.97284,100.479,5.936807,13.90859,100.4722,13.84322
1964-09,,,100.8797,100.6389,5.389611,14.02842,100.3758,5.636878,13.95492,100.3512,13.90609
1964-10,,,100.8147,100.5923,5.315228,14.083,100.2768,5.374848,14.00192,100.2342,13.9692
1964-11,,,100.7589,100.5555,5.263552,14.13903,100.1945,5.152957,14.05161,100.1359,14.03255
1964-12,,,100.7209,100.5338,5.230973,14.19774,100.1372,4.972278,14.10537,100.0656,14.09612
1965-01,,,100.6965,100.5204,5.204865,14.25855,100.1035,4.83567,14.16294,100.0213,14.15992
1965-02,,,100.6675,100.4991,5.178627,14.31889,100.088,4.747608,14.22343,99.99641,14.22394
1965-03,,,100.6157,100.4562,5.132714,14.37614,100.0859,4.711864,14.28608,99.98535,14.28817
1965-04,,,100.5393,100.3913,5.062443,14.43001,100.0956,4.727447,14.35084,99.98769,14.3526
1965-05,,,100.4583,100.3208,4.985502,14.48331,100.1184,4.792292,14.41818,100.0065,14.41723
1965-06,,,100.3968,100.2651,4.928275,14.53951,100.1562,4.904615,14.48869,100.0458,14.48205
1965-07,,,100.3797,100.2464,4.931896,14.60229,100.2092,5.060688,14.56249,100.1061,14.54706
1965-08,,,100.42,100.2757,5.015205,14.6736,100.2769,5.255504,14.63955,100.187,14.61223
1965-09,,,100.5193,100.3544,5.170798,14.7538,100.3582,5.480258,14.71969,100.2869,14.67758
1965-10,,,100.67,100.4754,5.388439,14.84186,100.4507,5.716924,14.8024,100.4024,14.74308
1965-11,,,100.8543,100.6239,5.631346,14.93525,100.5501,5.944192,14.88687,100.5276,14.80874
1965-12,,,101.0482,100.7793,5.86507,15.03045,100.6495,6.142459,14.97178,100.6538,14.87454
1966-01,,,101.2185,100.9142,6.05931,15.12252,100.7381,6.299228,15.05509,100.7672,14.94048
1966-02,,,101.3246,100.9954,6.190747,15.20533,100.8037,6.405505,15.13451,100.8527,15.00655
1966-03,,,101.34,101.0032,6.250593,15.27473,100.8368,6.454717,15.2082,100.8986,15.07275
1966-04,,,101.2485,100.9243,6.223775,15.3281,100.8357,6.444995,15.27575,100.9027,15.13908
1966-05,,,101.0524,100.763,6.091443,15.36556,100.8017,6.374885,15.33732,100.8667,15.20553
1966-06,,,100.7839,100.5464,5.862054,15.39183,100.7371,6.243223,15.39325,100.7932,15.27211
1966-07,,,100.4719,100.2968,5.539452,15.41118,100.6442,6.053016,15.44396,100.6856,15.3388
1966-08,,,100.1474,100.0377,5.143335,15.42832,100.5264,5.809587,15.49005,100.5481,15.40561
1966-09,,,99.8458,99.7945,4.709873,15.44868,100.3901,5.522697,15.53261,100.3882,15.47254
1966-10,,,99.5806,99.577,4.26204,15.47442,100.2485,5.212514,15.57398,100.2212,15.5396
1966-11,,,99.36797,99.39779,3.835803,15.50814,100.1156,4.902295,15.61666,100.0634,15.60678
1966-12,,,99.20914,99.25973,3.457479,15.55012,100.0009,4.613088,15.66244,99.92575,15.67408
1967-01,,,99.12092,99.17802,3.178143,15.60314,99.90331,4.358319,15.71124,99.80769,15.74152
1967-02,,,99.09671,99.14959,3.031464,15.66628,99.81778,4.148237,15.76233,99.70428,15.80908
1967-03,,,99.1433,99.18117,3.050963,15.74076,99.74119,3.991579,15.81525,99.61248,15.87678
1967-04,,,99.26156,99.2737,3.253944,15.82686,99.67727,3.894985,15.87074,99.53671,15.94461
1967-05,,,99.44087,99.41904,3.628117,15.92304,99.63182,3.863525,15.92988,99.48362,16.01257
1967-06,,,99.65903,99.5986,4.119095,16.02583,99.60762,3.897729,15.99323,99.45633,16.08066
1967-07,,,99.89466,99.79462,4.676425,16.13187,99.59924,3.987881,16.05985,99.44867,16.14888
1967-08,,,100.1294,99.99073,5.249518,16.23823,99.59883,4.120642,16.12834,99.45184,16.21724
1967-09,,,100.3437,100.1696,5.780454,16.34169,99.60188,4.283493,16.19795,99.46109,16.28572
1967-10,,,100.5184,100.3163,6.234025,16.4391,99.61176,4.465397,16.26941,99.48088,16.35431
1967-11,,,100.6421,100.4216,6.579457,16.52849,99.63475,4.65773,16.34405,99.51908,16.42303
1967-12,,,100.7143,100.4851,6.81372,16.60966,99.67386,4.853134,16.42256,99.57985,16.49185
1968-01,,,100.7447,100.5137,6.927937,16.68411,99.72173,5.043565,16.50365,99.65502,16.56078
1968-02,,,100.7613,100.5307,6.958447,16.75641,99.77048,5.223345,16.58565,99.73449,16.6298
1968-03,,,100.7845,100.553,6.919365,16.82992,99.82051,5.392388,16.66807,99.81531,16.69891
1968-04,,,100.8323,100.5942,6.828844,16.90766,99.88421,5.554825,16.75233,99.90596,16.7681
1968-05,,,100.9129,100.6592,6.70737,16.99105,99.97781,5.716906,16.84058,100.0192,16.83735
1968-06,,,101.0327,100.7542,6.585732,17.08125,100.1078,5.880516,16.93372,100.1601,16.90666
1968-07,,,101.1966,100.884,6.491949,17.17915,100.2658,6.044761,17.03063,100.3217,16.97601
1968-08,,,101.3937,101.0421,6.433794,17.28296,100.4319,6.201231,17.12849,100.4875,17.0454
1968-09,,,101.6001,101.2105,6.406801,17.38867,100.586,6.337044,17.22442,100.6404,17.11481
1968-10,,,101.7864,101.3647,6.40008,17.49122,100.7138,6.434538,17.31628,100.7684,17.18424
1968-11,,,101.9225,101.4784,6.394237,17.58536,100.8088,6.479121,17.403,100.8655,17.25366
1968-12,,,101.9941,101.5396,6.374906,17.66851,100.8709,6.465718,17.4844,100.9313,17.32308
1969-01,,,102.0082,101.5537,6.33916,17.74174,100.9066,6.408616,17.56131,100.9707,17.39247
1969-02,,,101.9896,101.5402,6.283267,17.80926,100.924,6.325747,17.63482,100.9906,17.46184
1969-03,,,101.9414,101.5017,6.189065,17.87153,100.9299,6.226339,17.70588,100.9965,17.53118
1969-04,,,101.8611,101.4359,6.034995,17.92803,100.9279,6.105429,17.77513,100.9923,17.60047
1969-05,,,101.7357,101.3331,5.799263,17.97641,100.9182,5.950459,17.84267,100.9788,17.66972
1969-06,,,101.575,101.2019,5.48582,18.01829,100.898,5.753468,17.908,100.9532,17.73891
1969-07,,,101.3957,101.0562,5.107581,18.05659,100.8627,5.516378,17.9701,100.91,17.80804
1969-08,,,101.2143,100.9091,4.693921,18.09421,100.8078,5.251302,18.02796,100.8438,17.87712
1969-09,,,101.0267,100.7565,4.265487,18.13038,100.7329,4.975011,18.08134,100.7534,17.94613
1969-10,,,100.8326,100.5967,3.852553,18.16508,100.6457,4.709634,18.13181,100.648,18.01508
1969-11,,,100.6372,100.4323,3.490529,18.19918,100.5572,4.474874,18.18176,100.5408,18.08396
1969-12,,,100.4414,100.2637,3.194341,18.23291,100.4779,4.283954,18.23342,100.4443,18.15277
1970-01,,,100.2439,100.0905,2.954712,18.26596,100.4161,4.142135,18.28872,100.3688,18.22152
1970-02,,,100.0449,99.91464,2.746573,18.2984,100.3762,4.048149,18.3487,100.3199,18.2902
1970-03,,,99.84565,99.73904,2.567994,18.33047,100.3586,3.996634,18.41352,100.298,18.35881
1970-04,,,99.6534,99.57118,2.428914,18.36349,100.3553,3.973863,18.48149,100.2937,18.42736
1970-05,,,99.48525,99.42668,2.359877,18.40063,100.3549,3.964742,18.55009,100.2933,18.49584
1970-06,,,99.34838,99.31124,2.358637,18.44328,100.343,3.954522,18.61617,100.2797,18.56425
1970-07,,,99.23195,99.21532,2.397447,18.48948,100.3035,3.929111,18.67617,100.2339,18.63259
1970-08,,,99.13777,99.13993,2.461605,18.53962,100.2233,3.878481,18.72717,100.1407,18.70086
1970-09,,,99.07903,99.09545,2.569349,18.59621,100.0998,3.800506,18.76852,99.99709,18.76907
1970-10,,,99.07542,99.09881,2.741311,18.66304,99.95066,3.70704,18.80396,99.82355,18.8372
1970-11,,,99.14825,99.16799,2.995002,18.74425,99.80075,3.614347,18.83891,99.64899,18.90527
1970-12,,,99.2903,99.2964,3.322072,18.83862,99.67151,3.535293,18.87803,99.49802,18.97327
1971-01,,,99.46232,99.44934,3.683656,18.93882,99.5757,3.473969,18.92406,99.38483,19.0412
1971-02,,,99.62863,99.59484,4.042356,19.03809,99.51682,3.428292,18.97775,99.31285,19.10905
1971-03,,,99.76888,99.71381,4.375434,19.13251,99.49195,3.39385,19.03845,99.27837,19.17683
1971-04,,,99.88121,99.80352,4.673316,19.22167,99.49293,3.371004,19.1045,99.27235,19.24453
1971-05,,,99.96758,99.86631,4.919683,19.30588,99.50908,3.362041,19.17375,99.28337,19.31214
1971-06,,,100.0346,99.90947,5.113402,19.38636,99.52876,3.371546,19.24382,99.29909,19.37966
1971-07,,,100.0979,99.94662,5.282025,19.4661,99.53976,3.405685,19.31222,99.30659,19.44707
1971-08,,,100.1659,99.98715,5.4323,19.54675,99.5336,3.471042,19.3772,99.29713,19.51436
1971-09,,,100.2676,100.057,5.58034,19.63394,99.51045,3.571812,19.4389,99.27157,19.58154
1971-10,,,100.4324,100.1823,5.735854,19.73352,99.48543,3.704879,19.50063,99.24708,19.64857
1971-11,,,100.6743,100.3768,5.890601,19.84839,99.47936,3.864804,19.567,99.24705,19.71545
1971-12,,,100.9895,100.637,6.047663,19.97791,99.50987,4.046459,19.64192,99.29107,19.78216
1972-01,,,101.3402,100.9308,6.208924,20.11471,99.58105,4.239066,19.72627,99.3832,19.84869
1972-02,,,101.6946,101.2292,6.378836,20.2525,99.68918,4.433574,19.81914,99.51853,19.91502
1972-03,,,102.0374,101.5174,6.563257,20.38823,99.82538,4.622275,19.91846,99.68633,19.98113
1972-04,,,102.3597,101.7883,6.754768,20.52005,99.97662,4.797906,20.02112,99.87087,20.047
1972-05,,,102.6538,102.0382,6.943398,20.64637,100.1314,4.957685,20.12432,100.0582,20.11261
1972-06,,,102.922,102.2695,7.124455,20.76753,100.2851,5.108371,20.22687,100.2425,20.17793
1972-07,,,103.1862,102.5002,7.304163,20.88794,100.4448,5.271698,20.3303,100.4315,20.24295
1972-08,,,103.4696,102.749,7.49729,21.01222,100.6236,5.472565,20.43763,100.6401,20.30764
1972-09,,,103.7665,103.0097,7.66704,21.13928,100.8342,5.725438,20.55186,100.883,20.37197
1972-10,,,104.0604,103.2665,7.764493,21.26573,101.0807,6.017848,20.67415,101.1656,20.43594
1972-11,,,104.3232,103.4958,7.745568,21.38577,101.3596,6.32134,20.8039,101.4848,20.49952
1972-12,,,104.5207,103.6681,7.580198,21.49228,101.6578,6.599521,20.93819,101.8261,20.56269
1973-01,,101.6019,104.6259,103.7601,7.282372,21.57954,101.9479,6.815385,21.07069,102.1588,20.62543
1973-02,,101.2728,104.599,103.7378,6.846895,21.63917,102.198,6.936225,21.19384,102.4464,20.68774
1973-03,,100.9383,104.479,103.6334,6.330813,21.67897,102.3822,6.942987,21.30139,102.6594,20.74958
1973-04,,100.6114,104.2764,103.4557,5.754735,21.70093,102.4945,6.84521,21.3916,102.79,20.81097
1973-05,,100.3443,104.0174,103.2283,5.153631,21.7104,102.5391,6.663225,21.46525,102.8428,20.8719
1973-06,,100.1744,103.7289,102.9761,4.552141,21.7129,102.5276,6.416816,21.52479,102.8302,20.93236
1973-07,,100.1063,103.4284,102.7173,3.945515,21.71207,102.4793,6.120832,21.57469,102.7739,20.99237
1973-08,,100.1296,103.1267,102.4631,3.321537,21.71015,102.4111,5.779663,21.61886,102.693,21.05193
1973-09,,100.1367,102.8175,102.2099,2.680185,21.70585,102.3295,5.386384,21.65886,102.5949,21.11106
1973-10,,99.97391,102.4948,101.9507,2.032297,21.69791,102.2249,4.925486,21.69245,102.469,21.16977
1973-11,,99.54214,102.14,101.6674,1.386953,21.68238,102.0827,4.385375,21.71622,102.2995,21.22809
1973-12,,99.00259,101.7599,101.3632,0.7834603,21.66066,101.8964,3.775509,21.72872,102.0797,21.28604
1974-01,,98.59167,101.3768,101.0536,0.2686549,21.63752,101.6827,3.148587,21.73412,101.8294,21.34365
1974-02,,98.55436,100.9893,100.7342,-0.1223376,21.61269,101.4652,2.569286,21.73837,101.5766,21.40097
1974-03,,98.70268,100.5804,100.3917,-0.4447138,21.58256,101.2611,2.086214,21.74579,101.3411,21.45802
1974-04,,98.85464,100.1398,100.0192,-0.7189313,21.54491,101.0684,1.702342,21.75576,101.1198,21.51484
1974-05,,98.83511,99.6638,99.61543,-0.9739798,21.49895,100.8736,1.395872,21.76488,100.8966,21.57147
1974-06,,98.65998,99.14915,99.17993,-1.238674,21.44395,100.6594,1.133353,21.76874,100.6509,21.62797
1974-07,,98.41482,98.5974,98.71585,-1.528428,21.38022,100.4115,0.8771184,21.76392,100.3669,21.68436
1974-08,,98.17419,98.01842,98.23047,-1.843617,21.3099,100.1206,0.598082,21.74816,100.0343,21.74071
1974-09,,98.00825,97.44023,97.7457,-2.150375,21.2391,99.78543,0.2880073,21.72124,99.65219,21.79705
1974-10,,97.84603,96.91659,97.30621,-2.38873,21.17961,99.42045,-0.02682518,21.68663,99.23669,21.85344
1974-11,,97.77426,96.50604,96.95995,-2.48119,21.1444,99.04813,-0.3058616,21.6498,98.8128,21.90992
1974-12,,97.79846,96.25934,96.74934,-2.381361,21.14484,98.69431,-0.5135372,21.61713,98.40937,21.96654
1975-01,,97.95301,96.20908,96.7028,-2.075393,21.18845,98.38404,-0.6403553,21.59494,98.05479,22.02334
1975-02,,98.21939,96.33794,96.80676,-1.577395,21.27177,98.13919,-0.6876028,21.5889,97.77416,22.08037
1975-03,,98.52557,96.60708,97.02964,-0.9081758,21.38655,97.97309,-0.658312,21.60263,97.58315,22.13767
1975-04,,98.79877,96.98243,97.34311,-0.0900603,21.52551,97.88573,-0.5480005,21.63654,97.48269,22.19526
1975-05,,98.97921,97.42498,97.71375,0.8429394,21.68017,97.86931,-0.3483525,21.68906,97.46491,22.2532
1975-06,,99.09105,97.90319,98.11511,1.863972,21.84366,97.91332,-0.0502633,21.7578,97.51839,22.31149
1975-07,,99.1799,98.39321,98.52705,2.94898,22.01072,98.00423,0.3466939,21.83938,97.62727,22.37016
1975-08,,99.24009,98.88113,98.93672,4.074988,22.17828,98.13036,0.8394238,21.93072,97.7774,22.42923
1975-09,,99.31149,99.36391,99.34092,5.210044,22.34566,98.28316,1.419182,22.0295,97.95805,22.48871
1975-10,,99.4643,99.82628,99.72836,6.278868,22.50945,98.45589,2.062355,22.13388,98.16071,22.54862
1975-11,,99.74309,100.2627,100.094,7.207414,22.66836,98.6424,2.73622,22.24219,98.37778,22.60896
1975-12,100.0582,100.0898,100.6654,100.4323,7.925014,22.82057,98.83426,3.400509,22.35222,98.59946,22.66972
1976-01,100.348,100.395,101.0135,100.726,8.367023,22.96129,99.01678,4.007096,22.46027,98.80933,22.73092
1976-02,100.5931,100.5473,101.285,100.9566,8.526057,23.08542,99.17417,4.508974,22.56233,98.98997,22.79254
1976-03,100.7315,100.6022,101.4721,101.1171,8.43749,23.19104,99.29517,4.874031,22.65555,99.1291,22.85459
1976-04,100.8558,100.6407,101.5834,101.2148,8.150363,23.27991,99.38042,5.100277,22.74006,99.22771,22.91705
1976-05,100.8768,100.6988,101.6231,101.254,7.715436,23.35289,99.43639,5.202749,22.81749,99.29317,22.97991
1976-06,100.8161,100.732,101.6018,101.244,7.181089,23.41227,99.47172,5.203306,22.88993,99.33495,23.04317
1976-07,100.6695,100.7004,101.5358,101.1972,6.592144,23.4617,99.49533,5.129066,22.95953,99.3626,23.10681
1976-08,100.4834,100.5922,101.4395,101.1254,5.979223,23.50436,99.51502,5.004018,23.02814,99.38419,23.17082
1976-09,100.3016,100.4594,101.3373,101.0483,5.371249,23.54591,99.53656,4.846192,23.0971,99.4057,23.23518
1976-10,100.1651,100.3686,101.2535,100.9849,4.809082,23.59195,99.56307,4.66864,23.16724,99.43073,23.29988
1976-11,100.0878,100.3807,101.2016,100.9469,4.311214,23.64564,99.59576,4.481351,23.23894,99.46095,23.36489
1976-12,100.118,100.4606,101.1717,100.9266,3.874327,23.70472,99.63409,4.294738,23.31219,99.49636,23.4302
1977-01,100.0884,100.552,101.1472,100.9094,3.501646,23.76532,99.67553,4.123904,23.38651,99.53495,23.49578
1977-02,100.0668,100.5854,101.1165,100.884,3.202289,23.82468,99.71676,3.983972,23.46121,99.57388,23.56161
1977-03,100.0668,100.5509,101.0729,100.8448,2.975805,23.88116,99.75446,3.884449,23.53559,99.6103,23.62767
1977-04,99.96671,100.4868,101.0173,100.7923,2.813872,23.93498,99.78605,3.821525,23.60908,99.64189,23.69393
1977-05,99.86379,100.4612,100.964,100.7388,2.725636,23.98941,99.80952,3.785322,23.6812,99.66681,23.76037
1977-06,99.70856,100.5403,100.9219,100.693,2.709468,24.04662,99.82367,3.764523,23.75162,99.68385,23.82695
1977-07,99.57959,100.6812,100.9054,100.6679,2.763181,24.10999,99.82903,3.749178,23.82033,99.69312,23.89365
1977-08,99.45097,100.8158,100.9167,100.6676,2.874924,24.1801,99.82803,3.732884,23.88775,99.69661,23.96044
1977-09,99.39315,100.9391,100.9527,100.6896,3.016669,24.25621,99.82589,3.714618,23.95506,99.69941,24.02729
1977-10,99.43697,101.053,101.0063,100.7282,3.156456,24.33661,99.83186,3.70052,24.02454,99.71107,24.09416
1977-11,99.53629,101.1357,101.067,100.7747,3.269882,24.41883,99.85782,3.702051,24.09926,99.74436,24.16102
1977-12,99.6322,101.196,101.1384,100.8313,3.370363,24.50365,99.91631,3.733767,24.18262,99.81333,24.22784
1978-01,99.6233,101.2194,101.2283,100.9042,3.482671,24.59299,100.0172,3.810074,24.27755,99.92991,24.29458
1978-02,99.62824,101.1912,101.3433,100.9997,3.63692,24.69116,100.1512,3.929166,24.38304,100.0786,24.36388
1978-03,99.73174,101.1318,101.5059,101.1357,3.851784,24.80101,100.3241,4.096463,24.49972,100.2728,24.43307
1978-04,99.97296,101.1457,101.7032,101.3008,4.113008,24.91943,100.5182,4.293519,24.62274,100.4924,24.5021
1978-05,100.2614,101.1835,101.9132,101.4753,4.383666,25.04102,100.7094,4.493667,24.74536,100.7099,24.57094
1978-06,100.5178,101.1913,102.1199,101.6447,4.637913,25.16188,100.8797,4.676147,24.86228,100.904,24.63955
1978-07,100.7229,101.2043,102.3075,101.7967,4.844685,25.27804,101.0232,4.833589,24.9717,101.0677,24.7079
1978-08,100.8411,101.1813,102.4563,101.9162,4.981026,25.38451,101.1442,4.968894,25.07471,101.2058,24.77595
1978-09,100.9272,101.1644,102.5562,101.9961,5.040062,25.47873,101.2482,5.082983,25.1727,101.3244,24.84367
1978-10,101.0009,101.0301,102.5952,102.0272,5.016824,25.55754,101.3368,5.167696,25.26606,101.4252,24.91104
1978-11,101.0387,100.7479,102.5885,102.0209,4.937772,25.62457,101.4105,5.210117,25.35486,101.5087,24.97802
1978-12,100.9963,100.449,102.5656,102.0004,4.829858,25.68715,101.4704,5.197315,25.43946,101.5767,25.04459
1979-01,100.9763,100.3441,102.5504,101.9852,4.709336,25.75115,101.5243,5.126716,25.5222,101.6386,25.11073
1979-02,100.9977,100.3219,102.5456,101.9768,4.560898,25.8173,101.5811,5.015316,25.60593,101.706,25.17641
1979-03,101.0542,100.2541,102.5291,101.9567,4.350573,25.88,101.6451,4.865973,25.69187,101.7837,25.24162
1979-04,101.0756,100.1758,102.4719,101.9029,4.062998,25.93191,101.7115,4.693673,25.77845,101.8656,25.30635
1979-05,101.0124,100.0769,102.3657,101.8111,3.712944,25.97078,101.7722,4.516626,25.86301,101.941,25.37058
1979-06,100.8599,99.88264,102.2101,101.682,3.316683,25.99642,101.8194,4.347302,25.94312,102.0005,25.4343
1979-07,100.6555,99.67023,102.0183,101.525,2.904078,26.01213,101.8522,4.191709,26.01844,102.0431,25.49751
1979-08,100.4713,99.55592,101.8067,101.351,2.511345,26.02201,101.8706,4.045166,26.08902,102.0689,25.56021
1979-09,100.3461,99.43909,101.5793,101.1626,2.152079,26.02706,101.8731,3.899503,26.15431,102.0759,25.6224
1979-10,100.2158,99.25114,101.3313,100.9551,1.8331,26.02604,101.8534,3.74488,26.21224,102.0563,25.68409
1979-11,100.0626,99.08453,101.0614,100.7282,1.53746,26.01854,101.802,3.568574,26.25966,101.9979,25.74529
1979-12,99.93547,98.93305,100.7738,100.4862,1.240134,26.0057,101.7075,3.355443,26.29307,101.8874,25.806
1980-01,99.87768,98.79785,100.4702,100.2308,0.9193172,25.98789,101.5608,3.08575,26.30975,101.7145,25.86626
1980-02,99.68681,98.5676,100.1405,99.9538,0.5624586,25.96251,101.3573,2.743106,26.30832,101.4744,25.92608
1980-03,99.12473,98.23511,99.80577,99.67378,0.2125998,25.93502,101.1055,2.33369,26.29144,101.1774,25.98549
1980-04,98.36546,98.02422,99.52979,99.44672,-0.0379949,25.92205,100.8376,1.902702,26.26894,100.8617,26.04452
1980-05,97.70699,98.01702,99.37572,99.32541,-0.1176141,25.94024,100.5938,1.508029,26.25303,100.574,26.10319
1980-06,97.5013,98.19162,99.3753,99.33745,0.006569708,25.99813,100.4082,1.199299,26.25426,100.3543,26.16156
1980-07,97.7344,98.45242,99.49923,99.45731,0.2929689,26.08834,100.2944,0.9930879,26.27683,100.2181,26.21964
1980-08,98.25013,98.77383,99.68967,99.63375,0.6683853,26.19593,100.253,0.8896894,26.32113,100.1661,26.27748
1980-09,98.72905,99.03022,99.88872,99.81434,1.070994,26.30581,100.2755,0.8812422,26.38479,100.1886,26.33511
1980-10,99.04343,99.10979,100.0426,99.952,1.451555,26.40382,100.3472,0.9591029,26.46365,100.2693,26.39257
1980-11,99.10204,98.97762,100.133,100.03,1.793107,26.48508,100.4482,1.112587,26.55182,100.3854,26.4499
1980-12,98.91685,98.72811,100.174,100.0611,2.105556,26.55326,100.5575,1.33079,26.64297,100.5125,26.50713
1981-01,98.6935,98.6026,100.1932,100.0702,2.415522,26.61563,100.6554,1.601303,26.73104,100.6277,26.5643
1981-02,98.58096,98.47217,100.2035,100.0705,2.746734,26.67564,100.7272,1.912498,26.81147,100.7138,26.62146
1981-03,98.60403,98.42631,100.2055,100.0639,3.078663,26.73347,100.7667,2.247716,26.88239,100.7637,26.67864
1981-04,98.72262,98.51519,100.1758,100.0315,3.32084,26.78288,100.777,2.572076,26.9446,100.7806,26.73589
1981-05,98.82087,98.62495,100.092,99.9548,3.383481,26.81792,100.7656,2.846572,27.00034,100.7729,26.79326
1981-06,98.78495,98.60518,99.96637,99.84336,3.244972,26.84176,100.7371,3.034628,27.05098,100.7456,26.85079
1981-07,98.67182,98.55296,99.82768,99.72092,2.966158,26.86216,100.6868,3.11341,27.09493,100.6927,26.90853
1981-08,98.5434,98.48878,99.68707,99.59702,2.619552,26.88215,100.6051,3.069909,27.12917,100.6031,26.96654
1981-09,98.31181,98.37237,99.54356,99.46945,2.264543,26.90151,100.4844,2.904056,27.15102,100.4668,27.02486
1981-10,98.0773,98.20789,99.40183,99.3426,1.960849,26.92156,100.327,2.63472,27.16089,100.2855,27.08356
1981-11,97.89987,98.09855,99.26468,99.21945,1.729378,26.94311,100.1405,2.293547,27.1608,100.0667,27.14269
1981-12,97.84498,98.17166,99.13549,99.10323,1.558674,26.96714,99.93613,1.91851,27.15412,99.82286,27.20231
1982-01,97.84223,98.35677,99.0052,98.98518,1.411338,26.99127,99.72657,1.548893,27.14508,99.5694,27.26247
1982-02,97.83742,98.41882,98.79063,98.81828,1.188816,26.99276,99.52349,1.216895,27.13774,99.32124,27.3232
1982-03,97.79935,98.46209,98.54801,98.63353,0.9482187,26.98696,99.33276,0.9379809,27.13455,99.08694,27.38458
1982-04,97.71303,98.57153,98.29781,98.44894,0.7340568,26.97948,99.14968,0.7041695,27.13433,98.86198,27.44668
1982-05,97.58414,98.62704,98.06623,98.28474,0.5953501,26.97758,98.96661,0.4983124,27.13489,98.63806,27.50955
1982-06,97.4941,98.56792,97.86658,98.15202,0.5336453,26.985,98.77927,0.3105393,27.13498,98.41053,27.57325
1982-07,97.38994,98.44334,97.71929,98.06363,0.5410057,27.00749,98.59283,0.1525502,27.13627,98.18525,27.63783
1982-08,97.29386,98.38279,97.64874,98.03529,0.631672,27.05196,98.41797,0.04792036,27.14216,97.97437,27.70333
1982-09,97.27891,98.40859,97.67379,98.07957,0.8264232,27.12383,98.26711,0.0210691,27.15674,97.79228,27.76982
1982-10,97.34196,98.48686,97.79552,98.1966,1.122147,27.22366,98.14958,0.08218674,27.18321,97.65024,27.83732
1982-11,97.51719,98.54982,98.00345,98.38028,1.505482,27.34873,98.0727,0.2333275,27.22418,97.55711,27.90589
1982-12,97.88007,98.6325,98.29045,98.62467,1.965886,27.49729,98.04086,0.4680539,27.28122,97.5181,27.97554
1983-01,98.35648,98.82538,98.63458,98.91335,2.490084,27.66337,98.05212,0.7685474,27.3537,97.53045,28.04632
1983-02,98.84325,99.17437,98.99967,99.21785,3.128123,27.83713,98.10197,1.114976,27.44032,97.58846,28.1184
1983-03,99.13317,99.61862,99.37453,99.53083,3.810582,28.01532,98.1869,1.493384,27.53977,97.68768,28.19165
1983-04,99.30754,99.98637,99.74176,99.83794,4.498209,28.19308,98.30129,1.901811,27.65038,97.82178,28.26607
1983-05,99.50155,100.1927,100.0802,100.1229,5.140705,28.36442,98.44018,2.343121,27.77069,97.98534,28.34168
1983-06,99.75912,100.2663,100.3816,100.3763,5.714044,28.52693,98.59959,2.817788,27.89959,98.1741,28.41848
1983-07,100.0537,100.2781,100.6342,100.5882,6.182408,28.6772,98.77476,3.313751,28.0355,98.38236,28.49647
1983-08,100.2775,100.2528,100.8368,100.7588,6.516403,28.81477,98.96109,3.81206,28.17684,98.60442,28.57564
1983-09,100.4723,100.2228,100.9969,100.8935,6.701926,28.94165,99.15358,4.290355,28.32186,98.83401,28.65599
1983-10,100.6884,100.2562,101.1246,100.9983,6.747969,29.0607,99.34534,4.72699,28.46816,99.06274,28.7375
1983-11,100.8945,100.4076,101.2151,101.0695,6.660745,29.17036,99.52892,5.102133,28.61319,99.28182,28.82017
1983-12,100.9705,100.6241,101.2648,101.1027,6.445274,29.26956,99.69723,5.400435,28.75452,99.48293,28.90398
1984-01,100.8117,100.8015,101.2712,101.0962,6.123696,29.35739,99.8444,5.616819,28.89011,99.65922,28.9889
1984-02,100.7082,100.8298,101.2293,101.047,5.73178,29.43269,99.96593,5.751806,29.01863,99.80521,29.07527
1984-03,100.6518,100.7734,101.1426,100.9582,5.285024,29.49594,100.0604,5.807435,29.13912,99.91909,29.16272
1984-04,100.6444,100.6428,101.0229,100.8392,4.814547,29.55045,100.1336,5.79883,29.25377,100.0087,29.25123
1984-05,100.6132,100.5357,100.8861,100.704,4.358902,29.6008,100.1928,5.742653,29.36547,100.0841,29.34079
1984-06,100.5547,100.4722,100.7386,100.5611,3.932437,29.64874,100.2428,5.650566,29.47607,100.1519,29.43137
1984-07,100.4071,100.5149,100.5985,100.4281,3.565274,29.69962,100.2835,5.528943,29.58556,100.2121,29.52294
1984-08,100.1771,100.6072,100.4748,100.3126,3.266766,29.75608,100.3121,5.379972,29.69275,100.2609,29.61548
1984-09,99.97343,100.6634,100.3689,100.217,3.029946,29.81857,100.3283,5.209026,29.79715,100.2969,29.70896
1984-10,99.87213,100.618,100.2951,100.1525,2.858175,29.89131,100.3381,5.031585,29.90056,100.3261,29.80337
1984-11,99.82369,100.5772,100.2654,100.1268,2.768756,29.97802,100.3504,4.866935,30.00578,100.3582,29.89867
1984-12,99.81622,100.5715,100.2779,100.1362,2.762738,30.0782,100.373,4.731829,30.11514,100.4011,29.99484
1985-01,99.78595,100.6093,100.3096,100.164,2.819108,30.18501,100.4081,4.634215,30.22894,100.4555,30.09186
1985-02,99.74003,100.5709,100.3271,100.1832,2.908139,30.28863,100.4564,4.578722,30.34731,100.5215,30.18988
1985-03,99.67542,100.5165,100.3302,100.1925,3.026753,30.38871,100.5141,4.561556,30.46832,100.593,30.28869
1985-04,99.65276,100.4747,100.3132,100.1857,3.15739,30.48347,100.5757,4.567806,30.59003,100.6639,30.38828
1985-05,99.63108,100.434,100.2732,100.1591,3.280765,30.57193,100.6345,4.579092,30.71014,100.7265,30.48863
1985-06,99.63017,100.4371,100.2129,100.1148,3.393344,30.65482,100.6834,4.581079,30.82639,100.7738,30.5897
1985-07,99.63912,100.4278,100.1342,100.0555,3.478307,30.73267,100.7149,4.565835,30.93639,100.798,30.69148
1985-08,99.69759,100.4287,100.051,99.99336,3.540719,30.80966,100.722,4.529921,31.03781,100.7919,30.79396
1985-09,99.82937,100.467,99.97995,99.94048,3.596231,30.89091,100.7,4.470403,31.12921,100.7512,30.89711
1985-10,99.94586,100.5385,99.92503,99.89999,3.6344,30.97767,100.6496,4.382574,31.21097,100.6776,31.00092
1985-11,99.98869,100.6423,99.88663,99.87213,3.642977,31.07011,100.5739,4.261135,31.28436,100.5754,31.10537
1985-12,99.9345,100.7722,99.86275,99.85638,3.621969,31.16763,100.4776,4.104409,31.35119,100.4509,31.21046
1986-01,99.85282,100.8875,99.85327,99.85133,3.595204,31.27022,100.3685,3.921284,31.4143,100.3134,31.31617
1986-02,99.80949,100.9423,99.84706,99.84872,3.584886,31.37445,100.2548,3.721661,31.47674,100.1726,31.4225
1986-03,99.76673,100.9622,99.8376,99.84441,3.585294,31.47823,100.1438,3.521475,31.54126,100.0375,31.52944
1986-04,99.71342,100.9796,99.82184,99.83709,3.599077,31.58059,100.04,3.332581,31.60947,99.9131,31.63696
1986-05,99.68655,100.9939,99.79543,99.82279,3.624871,31.68012,99.94595,3.165664,31.68232,99.80235,31.74506
1986-06,99.59672,101.0207,99.77141,99.8074,3.673467,31.78091,99.86124,3.027722,31.75973,99.70491,31.85373
1986-07,99.56732,100.9865,99.75688,99.7948,3.750334,31.88524,99.7821,2.921853,31.84031,99.61629,31.96295
1986-08,99.66591,100.9176,99.75723,99.78983,3.84682,31.99485,99.70362,2.849396,31.9222,99.53069,32.07272
1986-09,99.73598,100.8586,99.7733,99.79444,3.946576,32.11005,99.62167,2.809296,32.00372,99.44291,32.18301
1986-10,99.74954,100.8349,99.80432,99.81001,4.044641,32.23061,99.5351,2.79776,32.08418,99.35088,32.2938
1986-11,99.77438,100.7575,99.86622,99.85012,4.157164,32.36174,99.44672,2.812774,32.16432,99.25699,32.40509
1986-12,99.84005,100.6813,99.97447,99.92963,4.302323,32.50856,99.36478,2.857579,32.24707,99.17031,32.51686
1987-01,99.96719,100.6703,100.1361,100.0548,4.487493,32.67347,99.30518,2.941936,32.33849,99.10944,32.62907
1987-02,100.0813,100.718,100.3323,100.2126,4.704096,32.85033,99.28508,3.076908,32.44525,99.0951,32.74153
1987-03,100.2541,100.7958,100.5538,100.393,4.94977,33.03633,99.3144,3.266398,32.57152,99.13905,32.85438
1987-04,100.4286,100.8814,100.7859,100.582,5.212382,33.2267,99.38599,3.496282,32.71462,99.23267,32.9676
1987-05,100.6001,100.9378,101.0068,100.7621,5.473795,33.41423,99.4866,3.746848,32.86941,99.35992,33.08115
1987-06,100.745,101.0111,101.1851,100.9098,5.687337,33.5884,99.60458,4.003629,33.03127,99.50676,33.195
1987-07,100.9082,101.0912,101.2934,101.003,5.816762,33.73993,99.73568,4.266004,33.19862,99.66824,33.30912
1987-08,101.121,101.1249,101.3203,101.0297,5.844337,33.86474,99.87871,4.53874,33.37106,99.84321,33.42347
1987-09,101.2991,101.0806,101.2697,100.9923,5.773193,33.96382,100.03,4.822677,33.54715,100.0273,33.53799
1987-10,101.4246,100.9515,101.1609,100.9076,5.624245,34.04334,100.1764,5.102897,33.72141,100.2042,33.65267
1987-11,101.4765,100.8337,101.0368,100.8109,5.425595,34.11756,100.302,5.355978,33.88704,100.3541,33.76745
1987-12,101.4933,100.8847,100.9415,100.7384,5.207069,34.2013,100.3951,5.556857,34.03899,100.4625,33.88229
1988-01,101.421,101.0229,100.8205,100.6699,4.904965,34.27609,100.4558,5.686166,34.17731,100.5299,33.99716
1988-02,101.3502,101.1469,100.7477,100.6395,4.617136,34.36708,100.4909,5.731797,34.30495,100.5656,34.11201
1988-03,101.3369,101.2328,100.7175,100.6404,4.346803,34.47236,100.5095,5.692262,34.42558,100.5808,34.22679
1988-04,101.4312,101.2634,100.7244,100.6666,4.103776,34.59024,100.5241,5.594157,34.54473,100.5918,34.34149
1988-05,101.5919,101.3018,100.7598,100.7108,3.901426,34.71786,100.5455,5.468965,34.66702,100.6123,34.45605
1988-06,101.7666,101.33,100.8129,100.7615,3.760503,34.85149,100.5811,5.341112,34.79551,100.651,34.57046
1988-07,101.8259,101.3669,100.8685,100.8055,3.692865,34.9859,100.6327,5.217308,34.93069,100.7093,34.68467
1988-08,101.8019,101.4417,100.9245,100.8427,3.707717,35.12035,100.6985,5.095646,35.07153,100.7842,34.79865
1988-09,101.7926,101.47,100.9692,100.8682,3.789138,35.25076,100.7737,4.973365,35.21558,100.8685,34.91237
1988-10,101.8398,101.43,101.0042,100.886,3.919111,35.37754,100.851,4.856869,35.35921,100.9519,35.02581
1988-11,101.863,101.3655,101.0277,100.8972,4.052179,35.50006,100.9225,4.756151,35.49875,101.024,35.13894
1988-12,101.8346,101.3035,101.0282,100.8935,4.13108,35.61419,100.9803,4.67688,35.63096,101.0757,35.25174
1989-01,101.7257,101.2645,101.0021,100.8686,4.208367,35.71856,101.0164,4.609663,35.75277,101.0988,35.36419
1989-02,101.5813,101.1349,100.9711,100.8354,4.229245,35.82054,101.0236,4.536522,35.8612,101.0857,35.47604
1989-03,101.4017,100.9455,100.92,100.783,4.184682,35.91492,101.0027,4.448919,35.95714,101.0387,35.58751
1989-04,101.2443,100.7759,100.8475,100.7124,4.07883,36.00112,100.9643,4.343111,36.04505,100.9706,35.69857
1989-05,101.0707,100.6913,100.7584,100.6307,3.925792,36.08081,100.9231,4.223561,36.13121,100.8991,35.80923
1989-06,100.9112,100.6972,100.6715,100.5547,3.756489,36.16069,100.8918,4.097023,36.22109,100.8397,35.91949
1989-07,100.7808,100.7826,100.5947,100.4913,3.594847,36.24359,100.8744,3.967078,36.31642,100.7968,36.02934
1989-08,100.6798,100.8923,100.5331,100.4438,3.448416,36.33144,100.8696,3.835544,36.41671,100.7691,36.13878
1989-09,100.6312,101.0125,100.4875,100.4104,3.329786,36.42453,100.8751,3.707627,36.52124,100.7543,36.24783
1989-10,100.6258,101.0078,100.4607,100.3909,3.240516,36.52395,100.889,3.593392,36.6298,100.7518,36.35647
1989-11,100.6214,100.9589,100.4585,100.3891,3.188376,36.63194,100.9095,3.503319,36.74239,100.7614,36.46474
1989-12,100.618,100.9389,100.4761,100.4012,3.180149,36.74677,100.9345,3.44509,36.85847,100.7816,36.57264
1990-01,100.619,100.9264,100.5032,100.4198,3.208943,36.86475,100.9631,3.425439,36.97746,100.8105,36.68018
1990-02,100.6433,100.868,100.5248,100.4349,3.233961,36.97897,100.9933,3.445071,37.09664,100.8447,36.78592
1990-03,100.6641,100.8126,100.5313,100.4382,3.274454,37.09093,101.0205,3.509257,37.21897,100.8783,36.89493
1990-04,100.6419,100.7816,100.5005,100.411,3.299132,37.18885,101.0381,3.585429,37.33742,100.902,37.00366
1990-05,100.5527,100.6915,100.4206,100.3427,3.29104,37.26824,101.0367,3.642967,37.44745,100.9035,37.11213
1990-06,100.4132,100.5611,100.2697,100.2165,3.208122,37.32077,101.0077,3.656012,37.54534,100.8731,37.22038
1990-07,100.2111,100.3413,100.0464,100.0311,3.040926,37.34573,100.9479,3.617433,37.63014,100.8083,37.32843
1990-08,99.99612,99.95641,99.75857,99.7935,2.792277,37.34592,100.858,3.531329,37.70271,100.7116,37.4363
1990-09,99.76991,99.54276,99.44511,99.53519,2.50159,37.33572,100.7428,3.406738,37.76542,100.5896,37.54405
1990-10,99.5239,99.27849,99.14362,99.28838,2.204885,37.32926,100.6152,3.258285,37.82331,100.4558,37.6517
1990-11,99.26906,99.23682,98.89618,99.0882,1.939743,37.34251,100.4898,3.101125,37.88182,100.3245,37.7593
1990-12,99.03081,99.31503,98.74242,98.9653,1.752282,37.39067,100.3783,2.948708,37.94532,100.2072,37.86688
1991-01,98.80557,99.45045,98.69283,98.92648,1.663808,37.4781,100.2856,2.808016,38.01579,100.1088,37.97449
1991-02,98.69814,99.74227,98.74601,98.96999,1.688865,37.60349,100.2134,2.686957,38.09341,100.0325,38.08102
1991-03,98.73508,100.1326,98.87935,99.07722,1.802969,37.75967,100.1578,2.575978,38.17772,99.97408,38.18762
1991-04,98.91183,100.268,99.04493,99.21157,1.989143,37.92859,100.1124,2.487874,38.26632,99.92688,38.29432
1991-05,99.15663,100.2423,99.20572,99.34446,2.221528,38.09616,100.0705,2.426679,38.35618,99.88282,38.40118
1991-06,99.47237,100.1796,99.34067,99.45708,2.501464,38.25433,100.0286,2.397959,38.44566,99.83752,38.50823
1991-07,99.72238,100.1035,99.42838,99.53107,2.809015,38.39478,99.98965,2.408084,38.5363,99.79488,38.61552
1991-08,99.9006,100.052,99.45117,99.55191,3.118516,38.51056,99.9595,2.462083,38.63098,99.76215,38.72308
1991-09,99.93142,99.99039,99.42049,99.52821,3.402139,38.60594,99.94318,2.55954,38.73204,99.74524,38.83097
1991-10,99.76816,99.79691,99.35452,99.47438,3.639531,38.68787,99.94168,2.688005,38.84,99.7452,38.93922
1991-11,99.49615,99.52267,99.28278,99.4142,3.816834,38.76781,99.95348,2.8312,38.95433,99.76044,39.04787
1991-12,99.27678,99.32977,99.23759,99.37419,3.925436,38.85842,99.97497,2.973542,39.07365,99.78723,39.15696
1992-01,99.26305,99.28243,99.24015,99.37257,3.975824,38.96817,99.99892,3.101344,39.19479,99.8173,39.26653
1992-02,99.43651,99.39923,99.27773,99.4005,3.957369,39.0916,100.0168,3.202195,39.31324,99.8406,39.376
1992-03,99.61594,99.59349,99.3287,99.44134,3.869869,39.22092,100.0232,3.272516,39.42709,99.85084,39.48599
1992-04,99.71413,99.72725,99.35934,99.46745,3.728793,39.34286,100.0193,3.321672,39.53741,99.85066,39.59654
1992-05,99.76446,99.77033,99.34151,99.45612,3.543777,39.44621,100.0083,3.362872,39.64605,99.84479,39.70768
1992-06,99.64111,99.70912,99.29021,99.41711,3.352526,39.53682,99.99292,3.404239,39.75444,99.83673,39.81945
1992-07,99.42332,99.54944,99.19581,99.34473,3.167045,39.61076,99.97307,3.44074,39.86224,99.82558,39.93189
1992-08,99.1544,99.36324,99.08777,99.26167,3.035942,39.67972,99.94672,3.46086,39.96795,99.80753,40.04502
1992-09,98.88596,99.2034,99.00134,99.19519,2.98371,39.75783,99.9121,3.455479,40.07042,99.77972,40.15888
1992-10,98.72518,99.16557,98.95466,99.1608,3.010328,39.8525,99.86918,3.423728,40.16977,99.74245,40.2735
1992-11,98.67956,99.3164,98.95193,99.16107,3.089672,39.96561,99.81863,3.36885,40.26664,99.69727,40.38891
1992-12,98.68779,99.48222,98.9775,99.18223,3.171902,40.09097,99.76164,3.297019,40.36191,99.6464,40.50514
1993-01,98.70874,99.56183,99.00969,99.20625,3.212258,40.21992,99.69987,3.218811,40.4564,99.59182,40.62221
1993-02,98.69101,99.56584,99.03397,99.22301,3.209831,40.34637,99.63651,3.149117,40.55126,99.53687,40.73994
1993-03,98.63539,99.55817,99.04106,99.22721,3.176439,40.46675,99.57156,3.091595,40.64602,99.47983,40.85855
1993-04,98.56902,99.53703,99.03465,99.22211,3.150872,40.58251,99.50806,3.045907,40.74168,99.42307,40.97809
1993-05,98.54382,99.43426,99.02171,99.21243,3.169608,40.6965,99.45055,3.011475,40.83998,99.37083,41.09856
1993-06,98.50139,99.29405,99.0188,99.21134,3.234237,40.81553,99.40434,2.990013,40.9431,99.32829,41.21998
1993-07,98.50712,99.1835,99.04749,99.23524,3.377419,40.94858,99.37518,2.988621,41.05357,99.30145,41.34237
1993-08,98.6198,99.14124,99.12033,99.29493,3.581809,41.10097,99.3694,3.019009,41.17458,99.29785,41.46573
1993-09,98.81459,99.1518,99.2366,99.39024,3.809936,41.27258,99.39153,3.090376,41.30875,99.32356,41.59008
1993-10,99.03642,99.21494,99.39013,99.51814,4.036127,41.461,99.43964,3.201206,41.45569,99.3774,41.71541
1993-11,99.22596,99.33588,99.57011,99.67175,4.244297,41.66187,99.50791,3.343112,41.6128,99.45284,41.84174
1993-12,99.3552,99.57546,99.76852,99.84583,4.442232,41.87191,99.58804,3.502885,41.77574,99.53939,41.96906
1994-01,99.45186,99.81769,99.96623,100.0252,4.632565,42.08314,99.67101,3.666681,41.93981,99.62576,42.09735
1994-02,99.55435,99.94437,100.1313,100.1825,4.797573,42.28202,99.75075,3.825979,42.10274,99.70673,42.22657
1994-03,99.7235,100.0081,100.281,100.3263,4.96461,42.47577,99.82559,3.981512,42.26435,99.78181,42.35677
1994-04,99.93929,100.0966,100.4211,100.4561,5.136003,42.66682,99.89542,4.132584,42.42536,99.85278,42.48792
1994-05,100.17,100.2019,100.5706,100.5816,5.324057,42.8632,99.96114,4.277514,42.58692,99.92234,42.62001
1994-06,100.402,100.3024,100.7169,100.6931,5.497929,43.05954,100.0229,4.41146,42.74929,99.99121,42.75305
1994-07,100.6316,100.4381,100.8501,100.786,5.624193,43.25161,100.0803,4.527021,42.91208,100.0584,42.88701
1994-08,100.8596,100.5947,100.9598,100.8574,5.678293,43.4348,100.1309,4.611502,43.07335,100.1197,43.02187
1994-09,101.0431,100.7192,101.0219,100.8935,5.635935,43.59867,100.1705,4.650871,43.22996,100.1676,43.15762
1994-10,101.1567,100.7972,101.0265,100.8887,5.493484,43.73866,100.1939,4.637867,43.37835,100.1943,43.29424
1994-11,101.1869,100.8372,100.9639,100.8351,5.252997,43.85036,100.1964,4.572275,43.51545,100.1928,43.43172
1994-12,101.1501,100.8741,100.834,100.7308,4.923379,43.93342,100.1761,4.462501,43.63998,100.1605,43.57004
1995-01,101.0855,100.8892,100.6546,100.5858,4.543757,43.9953,100.1372,4.32627,43.75424,100.1031,43.70918
1995-02,100.9361,100.8182,100.4572,100.4208,4.178123,44.04861,100.0858,4.176157,43.86102,100.0294,43.84813
1995-03,100.6962,100.7082,100.2654,100.2535,3.834771,44.10461,100.0299,4.025316,43.96562,99.94941,43.98787
1995-04,100.4487,100.6703,100.1104,100.1101,3.539676,44.17709,99.9771,3.883169,44.07281,99.87405,44.12839
1995-05,100.0848,100.6789,100.0071,100.0066,3.288655,44.27283,99.93399,3.757185,44.18699,99.81323,44.26967
1995-06,99.83192,100.7446,99.95067,99.94241,3.089298,44.38978,99.90331,3.651485,44.31028,99.77165,44.41169
1995-07,99.72102,100.7758,99.93284,99.91289,2.94302,44.52451,99.88192,3.563558,44.44127,99.74601,44.55443
1995-08,99.60958,100.7244,99.93314,99.90137,2.839184,44.668,99.86411,3.490242,44.57671,99.72891,44.69788
1995-09,99.49706,100.5803,99.93182,99.8924,2.781669,44.81144,99.84622,3.433634,44.71432,99.71524,44.84201
1995-10,99.35548,100.4688,99.93066,99.88655,2.782341,44.95561,99.83026,3.403504,44.85474,99.70642,44.98681
1995-11,99.22419,100.409,99.93516,99.88769,2.856565,45.10297,99.82096,3.411382,44.99993,99.70683,45.13224
1995-12,99.13595,100.4142,99.94907,99.89905,3.008649,45.25522,99.82409,3.465959,45.15253,99.72226,45.27829
1996-01,99.09402,100.4564,99.97813,99.92446,3.226915,45.41499,99.84351,3.565425,45.31426,99.75639,45.42492
1996-02,99.09564,100.5331,100.0313,99.96947,3.488467,45.58524,99.88097,3.702061,45.48478,99.8109,45.57095
1996-03,99.14574,100.6357,100.1136,100.0372,3.765697,45.76546,99.95273,3.878993,45.67104,99.90707,45.71352
1996-04,99.24296,100.6614,100.2184,100.122,4.028327,45.95669,100.034,4.062119,45.8631,100.0143,45.85656
1996-05,99.36659,100.6399,100.3325,100.2135,4.246767,46.15299,100.115,4.229259,46.05577,100.1212,46.00003
1996-06,99.55105,100.6488,100.448,100.3046,4.42401,46.35359,100.179,4.359868,46.24215,100.2065,46.14684
1996-07,99.67045,100.6759,100.5559,100.3877,4.552307,46.5514,100.2326,4.460654,46.42364,100.2799,46.29406
1996-08,99.78465,100.7042,100.6183,100.437,4.613637,46.72881,100.2754,4.53882,46.59997,100.3409,46.44166
1996-09,99.86259,100.7135,100.6605,100.4702,4.654869,46.89735,100.3084,4.600894,46.77158,100.3905,46.58963
1996-10,99.93346,100.7141,100.6858,100.4893,4.677596,47.05845,100.3305,4.643163,46.93741,100.4268,46.73792
1996-11,100.045,100.6914,100.6967,100.4966,4.678617,47.21317,100.3418,4.660168,47.097,100.4489,46.88653
1996-12,100.176,100.628,100.7085,100.5033,4.670111,47.36869,100.3455,4.649328,47.25182,100.46,47.03544
1997-01,100.2983,100.5831,100.7269,100.5153,4.651748,47.52758,100.3505,4.617978,47.40686,100.471,47.18462
1997-02,100.4022,100.6053,100.7549,100.5362,4.618262,47.69048,100.3678,4.579578,47.56779,100.4957,47.33314
1997-03,100.5027,100.6849,100.7847,100.561,4.564638,47.85449,100.4054,4.531872,47.7408,100.5452,47.4819
1997-04,100.5894,100.8162,100.798,100.5774,4.470098,48.011,100.4594,4.492842,47.92366,100.6147,47.63088
1997-05,100.693,100.9735,100.7835,100.5764,4.336552,48.15444,100.5211,4.463029,48.11125,100.6931,47.78007
1997-06,100.7867,101.1176,100.7476,100.5604,4.172663,48.28777,100.581,4.445694,48.29793,100.7688,47.92945
1997-07,100.8902,101.2088,100.6874,100.5259,3.991496,48.4095,100.6313,4.427615,48.4791,100.8321,48.07901
1997-08,100.9038,101.2066,100.597,100.4675,3.826066,48.51669,100.6655,4.400602,48.65065,100.8747,48.22876
1997-09,100.8666,101.1518,100.481,100.3885,3.654908,48.61141,100.6761,4.353279,48.80768,100.8867,48.3787
1997-10,100.8064,101.0697,100.3365,100.2872,3.471515,48.6921,100.656,4.277666,48.94524,100.8581,48.52881
1997-11,100.6685,101.0126,100.1702,100.1694,3.280471,48.76199,100.5999,4.166831,49.05945,100.7813,48.67911
1997-12,100.5154,100.9776,99.99856,100.0467,3.082649,48.8289,100.5084,4.017801,49.1503,100.6568,48.82961
1998-01,100.3867,101.0281,99.83477,99.92976,2.886331,48.89938,100.3911,3.832474,49.22372,100.4969,48.98031
1998-02,100.2893,101.0634,99.68565,99.82351,2.695485,48.97597,100.2629,3.617007,49.28832,100.3214,49.13042
1998-03,100.1914,101.0152,99.53885,99.71868,2.505524,49.05349,100.1368,3.377179,49.35309,100.1468,49.28075
1998-04,100.0329,100.947,99.38035,99.60549,2.320364,49.12503,100.0255,3.136284,49.42668,99.99059,49.43133
1998-05,99.84285,100.8503,99.20853,99.48216,2.149994,49.18975,99.93748,2.917871,49.51508,99.86466,49.58218
1998-06,99.66724,100.7524,99.03003,99.35329,1.994607,49.25092,99.87633,2.739054,49.62084,99.77383,49.73331
1998-07,99.50365,100.6914,98.8639,99.23294,1.876724,49.31801,99.84048,2.608018,49.74345,99.71673,49.88475
1998-08,99.29638,100.6626,98.73132,99.1367,1.824145,49.4017,99.8252,2.527459,49.88027,99.68775,50.03651
1998-09,99.06281,100.6528,98.6552,99.08228,1.856053,49.51366,99.82391,2.498713,50.02724,99.67849,50.1886
1998-10,98.88506,100.6853,98.65554,99.08611,1.996479,49.66422,99.82911,2.521651,50.17947,99.67905,50.34104
1998-11,98.84315,100.7766,98.74406,99.15681,2.251091,49.85966,99.83446,2.595378,50.33273,99.68094,50.49384
1998-12,98.91109,100.8704,98.90868,99.28364,2.59145,50.09428,99.83579,2.713766,50.48413,99.67842,50.647
1999-01,99.04697,101.012,99.13633,99.456,2.990659,50.36179,99.8326,2.862683,50.63284,99.66988,50.80054
1999-02,99.17922,101.0958,99.40266,99.65408,3.418453,50.65019,99.82592,3.025064,50.77932,99.65608,50.95456
1999-03,99.29126,101.0664,99.68787,99.86431,3.865037,50.94943,99.82272,3.190035,50.92747,99.64491,51.10896
1999-04,99.43225,101.0368,99.97855,100.0779,4.331182,51.25272,99.83134,3.350543,51.08274,99.64697,51.26372
1999-05,99.63552,101.0811,100.2533,100.2799,4.796463,51.54913,99.85983,3.504659,51.25041,99.67237,51.41888
1999-06,99.83176,101.1662,100.5019,100.4631,5.243248,51.83326,99.9137,3.654689,51.43432,99.72837,51.57442
1999-07,99.99801,101.2291,100.7092,100.6164,5.635295,52.09723,99.99268,3.802878,51.63513,99.81593,51.73035
1999-08,100.2162,101.2835,100.8783,100.7415,5.952598,52.34239,100.0935,3.95219,51.85163,99.93246,51.88668
1999-09,100.4424,101.3424,101.0261,100.8495,6.187691,52.57742,100.2107,4.105572,52.08115,100.0725,52.0434
1999-10,100.6008,101.401,101.1668,100.9502,6.333256,52.80959,100.3373,4.264537,52.31939,100.2277,52.20052
1999-11,100.7049,101.5021,101.3036,101.0463,6.379803,53.04061,100.4663,4.428619,52.56178,100.3891,52.35804
1999-12,100.7654,101.6251,101.4236,101.1285,6.326631,53.26356,100.592,4.595826,52.80429,100.549,52.51596
2000-01,100.7925,101.7531,101.5138,101.1875,6.175085,53.47168,100.7118,4.763388,53.04468,100.7032,52.6743
2000-02,100.8109,101.7813,101.5573,101.2116,5.933486,53.65551,100.8221,4.924271,53.27983,100.8462,52.83274
2000-03,100.7994,101.7366,101.5569,101.2048,5.627575,53.81665,100.9227,5.070953,53.50998,100.9782,52.9916
2000-04,100.7642,101.7106,101.5104,101.1662,5.269834,53.95366,101.0072,5.183785,53.73076,101.091,53.15089
2000-05,100.738,101.6975,101.421,101.097,4.886718,54.06818,101.0679,5.242378,53.93715,101.1752,53.31063
2000-06,100.7818,101.6737,101.2974,101.0034,4.497736,54.16459,101.0998,5.231786,54.12526,101.2239,53.47084
2000-07,100.8343,101.6803,101.1384,100.884,4.117033,54.24209,101.1053,5.152777,54.29577,101.2385,53.63156
2000-08,100.7816,101.6368,100.9422,100.7362,3.739307,54.29963,101.0895,5.012835,54.45087,101.2233,53.79282
2000-09,100.6126,101.5385,100.7094,100.5606,3.347401,54.33739,101.0571,4.82241,54.59271,101.1826,53.95466
2000-10,100.384,101.469,100.4413,100.3577,2.928209,54.35596,101.0102,4.592836,54.72233,101.1183,54.11715
2000-11,100.1662,101.371,100.1441,100.133,2.484711,54.35851,100.9486,4.333539,54.83956,101.0303,54.28032
2000-12,99.98206,101.211,99.82407,99.8917,2.036863,54.34846,100.8712,4.052538,54.9442,100.9183,54.44425
2001-01,99.81094,101.0655,99.50886,99.65508,1.625372,54.34079,100.7788,3.757742,55.03796,100.7855,54.609
2001-02,99.60909,100.9446,99.23289,99.44878,1.2999,54.35298,100.672,3.456352,55.12137,100.6357,54.77316
2001-03,99.40582,100.8728,99.01144,99.28316,1.074964,54.39516,100.5497,3.150068,55.19558,100.4684,54.93825
2001-04,99.23584,100.8097,98.84134,99.15383,0.949405,54.4659,100.4115,2.847095,55.26053,100.2834,55.10437
2001-05,99.09483,100.7523,98.71389,99.05267,0.9109854,54.56074,100.2584,2.558865,55.31733,100.0828,55.27159
2001-06,99.01646,100.6952,98.5944,98.9544,0.915989,54.66073,100.0943,2.297414,55.36874,99.87147,55.43999
2001-07,98.92597,100.6287,98.47932,98.85709,0.9622447,54.76403,99.92765,2.071098,55.42029,99.65944,55.60967
2001-08,98.72284,100.4836,98.37895,98.76979,1.062338,54.87648,99.76934,1.888295,55.47906,99.45923,55.78071
2001-09,98.37552,100.2571,98.31622,98.71255,1.239788,55.01106,99.62988,1.757394,55.55212,99.2832,55.95319
2001-10,98.09894,100.1158,98.33311,98.71956,1.537401,55.19163,99.51697,1.686032,55.64497,99.14081,56.12721
2001-11,98.17106,100.1322,98.44588,98.80383,1.967145,55.42783,99.4364,1.682396,55.76218,99.03973,56.30284
2001-12,98.51722,100.273,98.63764,98.9523,2.506479,55.7107,99.3905,1.750546,55.90603,98.98347,56.48016
2002-01,98.99973,100.4056,98.87234,99.13583,3.090769,56.02034,99.37471,1.882435,56.07401,98.96707,56.65926
2002-02,99.53006,100.5232,99.11538,99.32509,3.649105,56.33638,99.38139,2.066612,56.26052,98.9819,56.83919
2002-03,99.9106,100.6403,99.32814,99.48861,4.123091,56.63792,99.40242,2.292783,56.46109,99.01804,57.02102
2002-04,100.096,100.6857,99.46239,99.58926,4.464009,56.89726,99.42771,2.546995,56.66801,99.06165,57.2048
2002-05,100.1614,100.684,99.49763,99.61131,4.658187,57.10228,99.44829,2.814557,56.87427,99.10033,57.39059
2002-06,100.1598,100.5851,99.44358,99.56082,4.751801,57.2581,99.45737,3.080932,57.07461,99.12492,57.57847
2002-07,100.1006,100.455,99.33179,99.46317,4.781316,57.38247,99.45138,3.331278,57.26649,99.13103,57.76849
2002-08,100.0923,100.3303,99.19896,99.34854,4.77421,57.4964,99.42809,3.549458,57.44827,99.11593,57.96069
2002-09,100.1226,100.2135,99.06756,99.23607,4.729587,57.61286,99.38689,3.721306,57.61938,99.07878,58.15512
2002-10,100.1309,100.0773,98.95515,99.1409,4.621217,57.74215,99.32991,3.83869,57.78101,99.02174,58.35184
2002-11,100.0878,99.98643,98.8679,99.06924,4.438578,57.88803,99.2614,3.898051,57.93581,98.94951,58.55088
2002-12,99.94467,99.8716,98.78944,99.00883,4.182974,58.04106,99.18737,3.902591,58.08781,98.86901,58.7523
2003-01,99.66398,99.70331,98.71173,98.95264,3.884749,58.19659,99.11623,3.867663,58.24277,98.79006,58.9561
2003-02,99.38756,99.53803,98.65189,98.91168,3.597924,58.36332,99.05803,3.814101,58.40635,98.72462,59.16087
2003-03,99.28878,99.44945,98.63968,98.90736,3.39446,58.56047,99.02251,3.766453,58.58767,98.6855,59.36806
2003-04,99.43699,99.50731,98.69475,98.9547,3.344258,58.80005,99.01714,3.749979,58.79305,98.683,59.57769
2003-05,99.6855,99.65118,98.81119,99.05048,3.461653,59.07896,99.04649,3.784506,59.02668,98.72374,59.78975
2003-06,99.89184,99.8159,98.9838,99.18983,3.731175,59.3945,99.11059,3.880275,59.28926,98.80843,60.00426
2003-07,100.1139,99.94327,99.20019,99.36362,4.107662,59.73955,99.20124,4.031512,59.5752,98.92728,60.22121
2003-08,100.3852,99.99114,99.45108,99.56464,4.543618,60.10881,99.30738,4.22708,59.87666,99.06698,60.44058
2003-09,100.6295,100.0341,99.72536,99.78359,5.00392,60.49576,99.41798,4.453708,60.18559,99.21404,60.66236
2003-10,100.9012,100.1435,99.99897,100.0017,5.444475,60.88591,99.52362,4.696507,60.4947,99.35644,60.88654
2003-11,101.1799,100.311,100.2444,100.1979,5.829214,61.26245,99.61667,4.939415,60.7975,99.48364,61.11307
2003-12,101.3529,100.475,100.4384,100.3542,6.1505,61.61088,99.69234,5.167418,61.08945,99.58841,61.34193
2004-01,101.405,100.6206,100.5709,100.463,6.405897,61.9246,99.7504,5.367998,61.36924,99.66894,61.57308
2004-02,101.4149,100.6,100.6419,100.5235,6.57533,62.2009,99.79243,5.527433,61.63472,99.7258,61.80419
2004-03,101.4314,100.532,100.662,100.5446,6.63874,62.44815,99.82006,5.63354,61.88823,99.75945,62.03746
2004-04,101.4928,100.4526,100.6439,100.5353,6.588082,62.67384,99.83781,5.682234,62.13381,99.77669,62.27287
2004-05,101.5336,100.3724,100.6073,100.5101,6.45075,62.89,99.84926,5.67249,62.37496,99.78338,62.51037
2004-06,101.5016,100.3546,100.5694,100.4809,6.250906,63.10719,99.8577,5.609651,62.61518,99.78529,62.74992
2004-07,101.4761,100.3931,100.5336,100.4496,6.006131,63.32759,99.86604,5.509791,62.85767,99.78761,62.99146
2004-08,101.4685,100.4122,100.5044,100.4199,5.731482,63.55394,99.87612,5.390665,63.1044,99.79356,63.23495
2004-09,101.4226,100.4412,100.4883,100.3981,5.445887,63.79029,99.88888,5.268387,63.35639,99.80476,63.48033
2004-10,101.3189,100.5136,100.4787,100.3816,5.168172,64.0326,99.90459,5.156002,63.6138,99.82152,63.72755
2004-11,101.2021,100.6165,100.4686,100.3674,4.91961,64.27632,99.9229,5.063554,63.87602,99.84288,63.97654
2004-12,101.1238,100.7248,100.4411,100.3434,4.706466,64.51057,99.94353,4.997651,64.14249,99.86803,64.22725
2005-01,101.0528,100.7996,100.3838,100.2994,4.525593,64.72706,99.96602,4.958778,64.4124,99.89576,64.47961
2005-02,100.9824,100.7903,100.2985,100.2364,4.3751,64.92225,99.99001,4.941769,64.68056,99.92511,64.72904
2005-03,100.9079,100.6774,100.2011,100.1661,4.263438,65.11058,100.0171,4.951733,64.95277,99.95824,64.97991
2005-04,100.6983,100.5523,100.1147,100.1063,4.201323,65.30698,100.0481,4.982414,65.22957,99.99605,65.23215
2005-05,100.4495,100.5076,100.0596,100.0717,4.189425,65.52473,100.0845,5.029421,65.51206,100.0403,65.48568
2005-06,100.3442,100.5485,100.0498,100.0707,4.224513,65.77316,100.1278,5.089657,65.80209,100.0938,65.74043
2005-07,100.4168,100.5011,100.0764,100.0956,4.293771,66.04673,100.1781,5.158566,66.10022,100.1574,65.99633
2005-08,100.6165,100.2877,100.131,100.1411,4.383873,66.34007,100.234,5.231168,66.4055,100.2297,66.2533
2005-09,100.8722,100.025,100.2107,100.2069,4.485144,66.65137,100.2941,5.303828,66.71671,100.3089,66.51125
2005-10,100.9593,99.96011,100.3181,100.2955,4.606894,66.98251,100.3583,5.375131,67.03313,100.3939,66.77011
2005-11,100.9384,100.1354,100.4494,100.4028,4.752421,67.331,100.4264,5.444263,67.3536,100.4831,67.02979
2005-12,100.8775,100.4177,100.587,100.5145,4.921117,67.68521,100.4967,5.509287,67.67628,100.5737,67.29023
2006-01,100.8145,100.613,100.7128,100.6153,5.107251,68.03283,100.5647,5.565994,67.99759,100.6606,67.55133
2006-02,100.91,100.6445,100.818,100.6976,5.300778,68.36364,100.6249,5.610722,68.30962,100.7383,67.80898
2006-03,101.1406,100.6076,100.8994,100.7586,5.480927,68.67924,100.6715,5.631109,68.61034,100.7981,68.06705
2006-04,101.3189,100.5096,100.9539,100.7961,5.620102,68.97729,100.7057,5.627713,68.90051,100.8416,68.32551
2006-05,101.249,100.3588,100.9825,100.8122,5.697691,69.25813,100.7317,5.60442,69.18363,100.8739,68.58425
2006-06,101.1128,100.289,100.9992,100.8203,5.713455,69.53108,100.7564,5.567451,69.46558,100.904,68.84322
2006-07,101.0531,100.2878,101.0228,100.8349,5.696591,69.80914,100.7891,5.528211,69.75438,100.9436,69.10235
2006-08,101.1067,100.3437,101.0777,100.8737,5.681401,70.10911,100.8382,5.500072,70.05785,101.0038,69.36157
2006-09,101.1994,100.5089,101.1763,100.9453,5.683846,70.43974,100.908,5.491109,70.3802,101.0907,69.62082
2006-10,101.1892,100.722,101.3128,101.0451,5.695437,70.79746,100.9943,5.497799,70.71848,101.1998,69.88004
2006-11,101.2101,100.8506,101.4788,101.1662,5.71117,71.17639,101.0893,5.511945,71.06609,101.3215,70.13918
2006-12,101.2409,100.9112,101.6592,101.2982,5.733934,71.56624,101.185,5.525825,71.41595,101.4457,70.39818
2007-01,101.2599,100.9077,101.8399,101.4306,5.76807,71.95702,101.2775,5.538999,71.76398,101.5667,70.657
2007-02,101.3409,100.8318,102.0295,101.5691,5.832207,72.35075,101.3646,5.554356,72.10378,101.6812,70.91161
2007-03,101.5222,100.7586,102.225,101.711,5.926261,72.74936,101.4479,5.582124,72.44025,101.7907,71.1659
2007-04,101.6434,100.7664,102.4082,101.8426,6.03457,73.13978,101.5275,5.621644,72.77384,101.8958,71.41986
2007-05,101.5726,100.8236,102.5445,101.9385,6.120687,73.4972,101.6031,5.666873,73.10418,101.9962,71.67346
2007-06,101.4385,100.8335,102.6062,101.9781,6.141354,73.80123,101.6744,5.709001,73.43137,102.0919,71.9267
2007-07,101.2859,100.8063,102.5846,101.9552,6.067963,74.04514,101.7429,5.737608,73.75661,102.1849,72.17958
2007-08,101.2094,100.6875,102.4967,101.883,5.892811,74.2405,101.8098,5.743061,74.08132,102.2769,72.4321
2007-09,101.1642,100.5251,102.3615,101.7775,5.623202,74.4007,101.8744,5.717957,74.4045,102.3667,72.68428
2007-10,101.0744,100.3285,102.1929,101.65,5.27997,74.53555,101.9323,5.66003,74.72116,102.4473,72.93616
2007-11,101.0544,100.1107,102.0018,101.508,4.884318,74.65288,101.9775,5.570093,75.02454,102.5097,73.18777
2007-12,100.9864,99.94085,101.7991,101.359,4.463291,74.76045,102.0038,5.44932,75.30764,102.5442,73.43919
2008-01,100.91,99.7248,101.5718,101.1939,4.018696,74.84875,102.0073,5.297345,75.56557,102.5446,73.69046
2008-02,100.9315,99.41658,101.2987,100.9979,3.522987,74.89965,101.9816,5.110386,75.78855,102.5009,73.93937
2008-03,101.0373,99.06569,100.9847,100.7743,2.982095,74.91882,101.9233,4.880621,75.97578,102.4094,74.1883
2008-04,100.9018,98.64571,100.6095,100.5069,2.394482,74.8911,101.8221,4.595073,76.11786,102.2576,74.43737
2008-05,100.5028,98.26125,100.1502,100.1759,1.771065,74.79888,101.6655,4.239211,76.20322,102.0305,74.68669
2008-06,100.0605,97.97441,99.59455,99.7696,1.126474,74.63258,101.44,3.797314,76.2198,101.7126,74.93642
2008-07,99.55719,97.89307,98.9377,99.28251,0.4630231,74.38798,101.1354,3.256532,76.15852,101.2926,75.18668
2008-08,98.98032,97.95224,98.20061,98.72889,-0.2158536,74.08025,100.7477,2.612487,76.01669,100.7675,75.43767
2008-09,98.08812,97.91927,97.41501,98.13139,-0.8974925,73.73296,100.2841,1.879057,75.8026,100.1494,75.68954
2008-10,96.78656,97.59948,96.64596,97.53786,-1.529769,73.39532,99.77175,1.100281,75.5433,99.47439,75.94247
2008-11,95.61357,97.25743,95.99709,97.02649,-2.017746,73.14657,99.24909,0.3368019,75.27722,98.79334,76.19666
2008-12,95.08092,97.01613,95.54866,96.6597,-2.289069,73.04913,98.75824,-0.3465324,75.04668,98.16146,76.45228
2009-01,95.19347,96.90293,95.34384,96.47366,-2.285881,73.13779,98.33853,-0.8928022,74.89091,97.62924,76.70951
2009-02,95.68008,96.90322,95.40564,96.48736,-1.965502,73.4275,98.02877,-1.246969,74.84349,97.24547,76.96348
2009-03,96.3523,97.10728,95.69894,96.67905,-1.362455,73.89808,97.83937,-1.388234,74.92106,97.02372,77.21932
2009-04,97.0709,97.50792,96.18582,97.02285,-0.4927748,74.52205,97.76128,-1.318428,75.1143,96.95023,77.47717
2009-05,97.6682,97.90798,96.80046,97.46998,0.6029623,75.24989,97.77484,-1.049659,75.40334,96.99787,77.73711
2009-06,98.17918,98.21871,97.47878,97.97174,1.876037,76.03272,97.85713,-0.5976258,75.76428,97.13463,77.99925
2009-07,98.67916,98.43251,98.15584,98.47884,3.269808,76.82032,97.98705,0.02080235,76.17437,97.33048,78.26363
2009-08,99.15672,98.60942,98.77734,98.94995,4.710957,77.57014,98.1481,0.7879668,76.61567,97.56191,78.5303
2009-09,99.54269,98.78696,99.31693,99.36372,6.141201,78.26105,98.32735,1.677495,77.0742,97.81075,78.79931
2009-10,99.87096,98.86797,99.76282,99.70989,7.477026,78.88311,98.51236,2.639594,77.53735,98.06084,79.07065
2009-11,100.1023,98.89913,100.1185,99.99052,8.601591,79.43834,98.69384,3.611891,77.99615,98.30084,79.34434
2009-12,100.3151,98.97247,100.3839,100.2056,9.414036,79.926,98.86681,4.529811,78.44614,98.52523,79.62036
2010-01,100.4506,99.06895,100.5652,100.3584,9.861539,80.3503,99.03221,5.338486,78.88895,98.73622,79.8987
2010-02,100.5251,99.14426,100.6665,100.4489,9.924687,80.71495,99.19054,5.990977,79.32735,98.93595,80.18051
2010-03,100.7805,99.24188,100.7138,100.4963,9.66311,81.03893,99.34718,6.466558,79.76588,99.13169,80.46455
2010-04,100.9305,99.28904,100.7057,100.4989,9.122925,81.32064,99.50047,6.774906,80.20322,99.32191,80.75079
2010-05,100.8384,99.3027,100.6526,100.4645,8.396196,81.56802,99.64641,6.939138,80.63569,99.50214,81.03915
2010-06,100.6554,99.28173,100.5897,100.4195,7.597279,81.80914,99.78093,6.989491,81.05982,99.66832,81.32957
2010-07,100.5956,99.20551,100.557,100.3952,6.842382,82.07666,99.90154,6.957652,81.47431,99.81905,81.62201
2010-08,100.7233,99.14469,100.5765,100.4096,6.211766,82.38862,100.0055,6.867383,81.87716,99.95213,81.91638
2010-09,100.9818,99.06436,100.6452,100.4616,5.726994,82.74306,100.0904,6.736406,82.26622,100.0652,82.21262
2010-10,101.2278,99.02594,100.7486,100.541,5.381666,83.12833,100.1569,6.583465,82.64198,100.1592,82.51064
2010-11,101.3695,99.02795,100.8643,100.6318,5.145869,83.52613,100.2067,6.422489,83.00545,100.2356,82.81036
2010-12,101.3758,98.99812,100.9656,100.7126,4.989914,83.91424,100.2417,6.261038,83.35769,100.2959,83.11173
2011-01,101.3111,98.96705,101.0358,100.7692,4.888997,84.27863,100.2658,6.100535,83.7016,100.344,83.41466
2011-02,101.2486,98.98044,101.0538,100.7846,4.808591,84.5962,100.2841,5.935915,84.03616,100.3848,83.71401
2011-03,101.205,98.99236,101.0117,100.7514,4.720969,84.86475,100.2987,5.768207,84.36694,100.4192,84.01477
2011-04,101.0473,98.99603,100.9066,100.6677,4.624504,85.08132,100.3124,5.601762,84.69601,100.4497,84.31686
2011-05,100.7639,99.03125,100.7495,100.5422,4.51947,85.25446,100.3274,5.442955,85.02465,100.4779,84.62022
2011-06,100.4785,98.9826,100.5529,100.385,4.382323,85.39428,100.3448,5.296929,85.3535,100.5049,84.92475
2011-07,100.2041,98.73994,100.3336,100.2107,4.188878,85.51476,100.3633,5.163145,85.68095,100.5286,85.2304
2011-08,99.99878,98.42056,100.1142,100.0381,3.940083,85.6348,100.3811,5.041545,86.00504,100.547,85.53711
2011-09,99.82462,98.20937,99.93167,99.89729,3.677764,85.78616,100.396,4.932241,86.32379,100.558,85.84481
2011-10,99.64425,98.10899,99.81237,99.80938,3.444616,85.99179,100.406,4.83239,86.63557,100.5596,86.15344
2011-11,99.54877,98.17844,99.75864,99.77515,3.266197,86.25426,100.4095,4.73928,86.93931,100.5509,86.46294
2011-12,99.6302,98.42493,99.75482,99.78133,3.153546,86.56052,100.4052,4.650673,87.23438,100.5314,86.77326
2012-01,99.81718,98.71004,99.77667,99.80698,3.098346,86.88988,100.392,4.562753,87.5207,100.5011,87.08436
2012-02,100.035,98.874,99.79551,99.82799,3.094978,87.21443,100.368,4.471936,87.7942,100.4589,87.39314
2012-03,100.1784,98.88674,99.79047,99.82813,3.127452,87.51886,100.3346,4.377556,88.06014,100.4077,87.70262
2012-04,100.0856,98.87679,99.75523,99.8025,3.192242,87.79732,100.2931,4.27884,88.32002,100.3491,88.01275
2012-05,99.75449,98.80011,99.70284,99.76049,3.291984,88.06102,100.2459,4.176849,88.576,100.2859,88.32348
2012-06,99.45332,98.59116,99.64754,99.71373,3.428925,88.32239,100.1947,4.072488,88.82951,100.2197,88.63478
2012-07,99.28178,98.46623,99.60807,99.67797,3.605529,88.59801,100.1409,3.969093,89.0817,100.1519,88.94662
2012-08,99.21065,98.51367,99.59385,99.66174,3.808779,88.89644,100.0863,3.871323,89.33456,100.0847,89.25896
2012-09,99.2398,98.69981,99.61087,99.67033,4.006546,89.22322,100.0343,3.785522,89.5916,100.0221,89.57177
2012-10,99.2777,98.92741,99.65697,99.70151,4.168871,89.57668,99.99065,3.720389,89.85875,99.97078,89.88501
2012-11,99.3104,99.00483,99.72931,99.75311,4.289933,89.95451,99.96159,3.684482,90.14257,99.93781,90.19866
2012-12,99.34718,98.96954,99.82219,99.82186,4.379874,90.35175,99.95124,3.683208,90.4474,99.92787,90.5127
2013-01,99.39287,99.02953,99.92404,99.89949,4.451843,90.75807,99.95828,3.714613,90.77175,99.9391,90.82707
2013-02,99.43227,99.10809,100.024,99.97756,4.526367,91.16208,99.9789,3.776931,91.11012,99.96696,91.14024
2013-03,99.44064,99.05312,100.1111,100.0472,4.61207,91.55529,100.0094,3.860919,91.46008,100.007,91.45372
2013-04,99.39351,98.97075,100.1841,100.1086,4.714356,91.9364,100.0468,3.960842,91.81824,100.0553,91.76748
2013-05,99.38365,98.8803,100.2508,100.1672,4.827804,92.31244,100.0883,4.070697,92.18166,100.1088,92.08149
2013-06,99.44349,98.8296,100.3098,100.2201,4.935972,92.68195,100.1315,4.185409,92.54739,100.1641,92.39572
2013-07,99.59886,98.85652,100.3594,100.2657,5.017391,93.04332,100.1731,4.299273,92.91158,100.2173,92.71014
2013-08,99.80773,98.90202,100.3985,100.3037,5.060924,93.39542,100.2091,4.404675,93.26946,100.2631,93.02473
2013-09,99.9696,98.94233,100.4224,100.33,5.055297,93.73372,100.2358,4.492471,93.61647,100.2968,93.33945
2013-10,100.0555,98.9487,100.4295,100.3429,5.001096,94.05649,100.2507,4.553349,93.95033,100.3161,93.65428
2013-11,100.068,98.96364,100.4223,100.344,4.904142,94.366,100.2529,4.578743,94.26997,100.3201,93.96921
2013-12,99.97963,99.0688,100.3975,100.3296,4.767138,94.65895,100.243,4.564848,94.57619,100.3097,94.2842
2014-01,99.84042,99.164,100.3609,100.3035,4.608518,94.94067,100.2249,4.518051,94.87287,100.2892,94.59927
2014-02,99.78597,99.30959,100.3303,100.2794,4.455452,95.22376,100.2041,4.446365,95.16121,100.2644,94.9103
2014-03,99.82408,99.47248,100.3129,100.2633,4.329643,95.5193,100.1853,4.362704,95.45021,100.2403,95.22139
2014-04,99.90675,99.51807,100.2972,100.2476,4.220369,95.81645,100.1725,4.275835,95.74423,100.2216,95.53252
2014-05,99.98106,99.48568,100.2812,100.2318,4.117266,96.11319,100.1684,4.19308,96.04691,100.212,95.8437
2014-06,100.0286,99.49215,100.2658,100.2178,4.0229,96.41045,100.1734,4.119151,96.35956,100.2128,96.1549
2014-07,100.0627,99.48787,100.2531,100.2065,3.941191,96.71033,100.1845,4.054682,96.67884,100.2205,96.46615
2014-08,100.0496,99.49155,100.2427,100.1976,3.872703,97.01234,100.197,3.999465,96.99975,100.2297,96.77743
2014-09,99.99832,99.52064,100.2345,100.1907,3.822206,97.31641,100.2076,3.954443,97.31848,100.2366,97.08876
2014-10,99.94165,99.5532,100.2275,100.1854,3.790513,97.62171,100.215,3.919991,97.63318,100.2393,97.40015
2014-11,99.83582,99.6619,100.2225,100.1824,3.775695,97.92898,100.2189,3.896874,97.94355,100.2374,97.7116
2014-12,99.69265,99.83962,100.2139,100.1765,3.775501,98.2328,100.2192,3.883748,98.24929,100.2307,98.02312
2015-01,99.57671,100.0366,100.1984,100.1647,3.780427,98.52984,100.214,3.874063,98.5483,100.2172,98.33475
2015-02,99.49925,100.1906,100.1845,100.1532,3.78207,98.8252,100.2011,3.860492,98.8349,100.1943,98.64321
2015-03,99.44701,100.2161,100.1794,100.1479,3.779397,99.12936,100.1796,3.836057,99.11173,100.1616,98.9518
2015-04,99.42792,100.1948,100.1671,100.1378,3.767614,99.42645,100.1508,3.797987,99.38058,100.1209,99.26055
2015-05,99.40891,100.109,100.127,100.1082,3.727605,99.69591,100.1167,3.744844,99.64372,100.0746,99.56948
2015-06,99.34814,99.95234,100.0492,100.0516,3.648249,99.92775,100.079,3.677297,99.90298,100.0244,99.87862
2015-07,99.25582,99.76863,99.93338,99.96571,3.526936,100.1212,100.0391,3.600147,100.1594,99.97148,100.188
2015-08,99.14813,99.646,99.80257,99.86689,3.38809,100.2992,99.99823,3.520314,100.4144,99.91723,100.4976
2015-09,99.06071,99.59755,99.68256,99.77425,3.258585,100.4875,99.95786,3.443371,100.6695,99.86308,100.8075
2015-10,99.01612,99.63896,99.58927,99.70036,3.155805,100.7025,99.92022,3.373924,100.9272,99.81157,101.1178
2015-11,98.98628,99.72528,99.51517,99.6404,3.071246,100.9366,99.8874,3.314846,101.1902,99.76522,101.4284
2015-12,98.9767,99.75415,99.45246,99.5893,3.002517,101.1823,99.86007,3.267499,101.4596,99.72505,101.7393
2016-01,98.97922,99.69818,99.40622,99.55102,2.95836,101.4447,99.83637,3.232377,101.7338,99.68946,102.0507
2016-02,99.02665,99.56323,99.38419,99.53103,2.938945,101.7296,99.81406,3.210581,102.0081,99.65623,102.36
2016-03,99.14856,99.40039,99.39867,99.53766,2.948586,102.0523,99.79093,3.199547,102.2829,99.62325,102.6697
2016-04,99.22514,99.36095,99.43668,99.56103,2.990413,102.3997,99.76743,3.197281,102.5581,99.59045,102.9798
2016-05,99.26969,99.4533,99.48692,99.59286,3.073895,102.7605,99.74556,3.203257,102.8356,99.55964,103.2904
2016-06,99.29905,99.60821,99.54572,99.63068,3.205417,103.1309,99.72795,3.218701,103.1186,99.53386,103.6015
2016-07,99.29723,99.72402,99.61605,99.67801,3.388711,103.5141,99.71675,3.246253,103.4109,99.51672,103.913
2016-08,99.32083,99.78382,99.69294,99.73196,3.595068,103.905,99.71377,3.288135,103.7162,99.51176,104.2251
2016-09,99.46065,99.84076,99.77884,99.7952,3.80032,104.3064,99.72018,3.345169,104.0371,99.52122,104.5376
2016-10,99.67016,99.93949,99.87341,99.86744,3.987399,104.7179,99.73568,3.41371,104.3726,99.54412,104.8506
2016-11,99.87392,100.0681,99.97215,99.94508,4.15923,105.1348,99.75938,3.488717,104.7205,99.57816,105.1641
2016-12,100.0015,100.1802,100.0678,100.0216,4.316264,105.5496,99.79017,3.56639,105.078,99.62074,105.4781
2017-01,100.1046,100.2838,100.1559,100.091,4.448486,105.9575,99.82646,3.645844,105.4428,99.66943,105.7925
2017-02,100.2109,100.4297,100.2435,100.1566,4.555011,106.3634,99.86654,3.727195,105.8101,99.72202,106.1051
2017-03,100.2544,100.5717,100.3306,100.2192,4.622723,106.7699,99.90958,3.811137,106.181,99.77728,106.418
2017-04,100.2405,100.702,100.4162,100.279,4.663923,107.1756,99.9551,3.896922,106.5547,99.83444,106.7314
2017-05,100.2895,100.7728,100.501,100.3373,4.691414,107.5814,100.0032,3.982815,106.9313,99.8937,107.0451
2017-06,100.4336,100.8298,100.5826,100.3933,4.706505,107.9847,100.0541,4.065914,107.3113,99.95536,107.3592
2017-07,100.5929,100.9273,100.6534,100.4423,4.698035,108.3772,100.1071,4.142156,107.6943,100.0192,107.6736
2017-08,100.7886,101.1036,100.7094,100.4836,4.667177,108.7545,100.1616,4.20741,108.08,100.0848,107.9884
2017-09,100.9462,101.3835,100.7439,100.5129,4.604401,109.1091,100.2157,4.257735,108.4667,100.1508,108.3034
2017-10,100.9683,101.6605,100.7573,100.5299,4.510665,109.4413,100.2666,4.290514,108.8507,100.2136,108.6187
2017-11,100.9463,101.7609,100.7528,100.535,4.393977,109.7544,100.3111,4.303778,109.2274,100.269,108.9343
2017-12,100.8855,101.8015,100.7293,100.5269,4.260943,110.047,100.3464,4.296529,109.5927,100.3136,109.2502
2018-01,100.7964,101.8392,100.6909,100.5084,4.120347,110.3233,100.3723,4.269952,109.9452,100.3459,109.5662
2018-02,100.7188,101.8934,100.6409,100.4822,3.968224,110.5841,100.3889,4.225426,110.281,100.3651,109.8799
2018-03,100.7124,101.895,100.5794,100.4476,3.804774,110.8322,100.3966,4.164104,110.6025,100.3709,110.1938
2018-04,100.7337,101.8453,100.5015,100.401,3.626326,111.0621,100.3955,4.086688,110.9092,100.3632,110.5079
2018-05,100.7598,101.7465,100.4092,100.3431,3.4339,111.2756,100.385,3.992397,111.2004,100.3414,110.8221
2018-06,100.7202,101.6141,100.2991,100.2713,3.22656,111.4689,100.3649,3.88071,111.4757,100.3052,111.1365
2018-07,100.6278,101.5558,100.1729,100.1865,3.014211,111.6439,100.3364,3.753403,111.7365,100.256,111.4512
2018-08,100.5137,101.4823,100.0343,100.0908,2.804321,111.8043,100.3013,3.613596,111.9855,100.1964,111.766
2018-09,100.3239,101.4431,99.89014,99.98714,2.611006,111.9579,100.2627,3.467271,112.2275,100.1307,112.0811
2018-10,100.1206,101.4734,99.74905,99.8802,2.442374,112.1143,100.2255,3.325432,112.4705,100.0659,112.3964
2018-11,99.97157,101.5669,99.6226,99.77871,2.307099,112.2865,100.1949,3.20055,112.7233,100.0101,112.7119
2018-12,99.80498,101.6592,99.51317,99.68695,2.208644,112.4775,100.1753,3.102922,112.9933,99.96954,113.0278
2019-01,99.70348,101.7446,99.42539,99.61073,2.147614,112.6926,100.1677,3.035573,113.2826,99.94596,113.3439
2019-02,99.62722,101.8584,99.35857,99.55127,2.122043,112.9308,100.1705,2.998786,113.5881,99.93692,113.6598
2019-03,99.58481,101.9081,99.30657,99.50459,2.12352,113.1858,100.1823,2.989228,113.9086,99.94082,113.9761
2019-04,99.43787,101.9064,99.25368,99.45854,2.14081,113.4397,100.1992,3.001552,114.2382,99.95233,114.2927
2019-05,99.22281,101.8563,99.19718,99.41089,2.169347,113.6896,100.2168,3.031314,114.5713,99.9665,114.6097
2019-06,99.00774,101.7854,99.14088,99.36326,2.216537,113.9397,100.2313,3.074226,114.9027,99.97887,114.927
2019-07,98.82127,101.6448,99.08884,99.31883,2.284715,114.1947,100.2394,3.125883,115.2292,99.98657,115.2447
2019-08,98.69765,101.4879,99.04602,99.28157,2.375667,114.4604,100.2396,3.183172,115.5502,99.9891,115.5628
2019-09,98.65228,101.4954,99.02115,99.25922,2.491233,114.7471,100.2332,3.244247,115.8685,99.98888,115.8814
2019-10,98.68255,101.6082,99.01859,99.25461,2.627339,115.0599,100.2255,3.308996,116.1921,99.99294,116.2003
2019-11,98.66787,101.787,99.03586,99.2653,2.769506,115.3963,100.223,3.377478,116.5305,100.0092,116.5197
2019-12,98.36872,101.8975,99.05893,99.28024,2.900633,115.7401,100.2293,3.447534,116.8888,100.0421,116.8396
2020-01,97.74514,101.7445,99.07488,99.28889,3.002394,116.0761,100.2428,3.515468,117.265,100.0897,117.1599
2020-02,96.95556,101.1536,95.32887,96.71323,-0.8315156,111.9918,96.62886,-3.404474,109.7211,93.39602,117.4794
2020-03,96.97815,100.2001,94.25796,95.81057,-1.900044,111.0352,96.68919,-0.627321,113.1941,96.09064,117.7993
2020-04,96.90914,99.14592,89.69538,92.4358,-6.604279,105.9478,93.84402,-4.447803,109.1571,92.41237,118.1196
2020-05,97.2168,98.70435,93.39342,95.0928,-2.703841,110.6156,92.4343,-6.325949,107.3236,90.61395,118.4404
2020-06,97.90907,98.78245,96.37292,97.24534,0.4515519,114.4541,94.30412,-3.890529,110.4324,92.98652,118.7617
2020-07,98.63812,99.0917,98.04471,98.48289,2.242156,116.7551,96.16156,-1.469897,113.5355,95.34106,119.0835
2020-08,99.22545,99.43179,99.00312,99.20123,3.280665,118.2155,97.99876,0.9249021,116.619,97.66609,119.4058
2020-09,99.68314,99.79517,99.54894,99.62071,3.870648,119.1885,98.3631,1.442592,117.54,98.17206,119.7286
2020-10,100.0232,100.0201,99.95319,99.93302,4.289693,119.9957,98.67889,1.880932,118.3776,98.60541,120.0519
2020-11,100.1645,100.1288,100.2564,100.1682,4.582487,120.6843,98.87765,2.133896,119.0171,98.8714,120.3757
2020-12,100.1549,100.2218,100.5732,100.4123,4.883223,121.3919,98.95302,2.202847,119.4637,98.97565,120.7001
2021-01,100.0691,100.3408,100.79,100.5877,5.087254,121.9812,99.02144,2.242165,119.8943,99.06574,121.025
2021-02,100.1709,100.5555,100.9961,100.7547,9.437311,122.5608,99.09054,9.664853,120.3254,99.15413,121.3519
2021-03,100.5516,100.7478,101.2139,100.9243,10.91659,123.1564,99.05956,6.500374,120.5521,99.07354,121.6794
2021-04,100.9142,100.8924,101.3773,101.0505,16.74418,123.6879,99.01038,10.61823,120.7477,98.9674,122.0075
2021-05,101.2205,100.9946,101.4418,101.1016,12.19053,124.1002,98.94772,12.66924,120.9206,98.84281,122.3363
2021-06,101.3813,101.0017,101.4445,101.1037,8.722682,124.4376,99.25089,10.21552,121.7137,99.22388,122.6657
2021-07,101.3991,100.7636,101.3521,101.0385,6.769486,124.6588,99.55389,7.900381,122.5052,99.60119,122.9958
2021-08,101.3269,100.5354,101.2165,100.9386,5.592615,124.8268,99.85482,5.72237,123.2923,99.97231,123.3265
2021-09,101.2194,100.4999,101.0703,100.8289,4.860339,124.9815,99.92816,5.250271,123.7112,100.0431,123.6579
2021-10,101.1321,100.4682,100.9302,100.7231,4.289964,125.1434,99.9975,4.85545,124.1254,100.1091,123.9901
2021-11,101.1231,100.4011,100.7794,100.6142,3.817841,125.2919,100.0523,4.623447,124.5198,100.1583,124.323
2021-12,101.0997,100.3108,100.6238,100.5029,3.32994,125.4342,100.0656,4.512336,124.8543,100.1586,124.6566
2022-01,101.0232,100.0521,100.4521,100.3797,2.930827,125.5562,100.0609,4.395882,125.1647,100.1389,124.9911
2022-02,100.8841,99.38793,100.2615,100.2412,2.521729,125.6514,100.0448,4.265591,125.458,100.1072,125.3237
2022-03,100.6336,98.2198,100.0537,100.0874,2.085265,125.7246,100.0268,4.312763,125.7512,100.0749,125.6571
2022-04,100.41,96.8985,99.8348,99.92218,1.694044,125.7833,100.0119,4.392355,126.0514,100.0476,125.9914
2022-05,100.3744,96.06905,99.60401,99.74636,1.39095,125.8264,100.0025,4.49945,126.3614,100.0275,126.3266
2022-06,100.2808,95.65997,99.37968,99.57402,1.156754,125.8771,99.99818,4.080121,126.6797,100.0134,126.6628
2022-07,100.0916,95.5266,99.18045,99.42046,1.043049,125.9591,99.99651,3.670208,127.0014,100.0012,126.9999
2022-08,99.92123,95.56875,99.02496,99.29933,1.017097,126.0964,99.99512,3.268712,127.3224,99.98776,127.338
2022-09,99.74564,95.61909,98.91759,99.21283,1.051085,126.2951,99.9927,3.176113,127.6404,99.97121,127.6771
2022-10,99.53339,95.69836,98.86669,99.16666,1.137153,126.5665,99.98943,3.085489,127.9553,99.95152,128.0173
2022-11,99.34929,95.8625,98.87764,99.16491,1.29786,126.918,99.9874,3.012466,128.2709,99.93167,128.3586
2022-12,99.36474,96.20834,98.94553,99.20489,1.522556,127.344,99.98959,2.994868,128.5935,99.9164,128.7011
2023-01,99.65743,96.62766,99.05477,99.27569,1.806962,127.825,99.99763,3.006131,128.9274,99.90903,129.0447
2023-02,99.91235,96.9394,99.19228,99.36696,2.139225,128.3394,100.0115,3.036214,129.2672,99.90939,129.3844
2023-03,99.89155,96.97372,99.33978,99.46639,2.500975,128.8689,100.032,3.078169,129.6221,99.92036,129.7254
2023-04,99.60562,96.81199,99.48746,99.56792,2.876112,129.4009,100.0585,3.125487,129.9911,99.94118,130.0676
2023-05,99.362,96.9852,99.63204,99.66971,3.262315,129.9312,100.0906,3.175167,130.3736,99.97124,130.4111
2023-06,99.25362,97.17532,99.77857,99.7748,,,,,,,
2023-07,99.26452,97.29237,99.92024,99.87743,,,,,,,
2023-08,99.32506,97.26768,100.0525,99.97405,,,,,,,
2023-09,,97.17484,100.1724,100.0619,,,,,,,
