country,ITA,ITA,ITA,ITA,ITA,ITA,ITA,ITA,ITA
subject,BSCICP03,CSCICP03,LOLITOAA,LOLITONO,LOLITOTR_GYSA,LOLITOTR_STSA,LORSGPNO,LORSGPRT,LORSGPTD
measure,,,,,,,,,
unit,Index,Index,Index,Index,Percentage,Index,Index,Index,Index
powercode,Units,Units,Units,Units,Units,Units,Units,Units,Units
reference_period,,,,,,,,,
time,,,,,,,,,
1960-02,,,,,,,99.09462,98.7236,26.57876
1960-03,,,,,,,99.07985,98.70512,26.70341
1960-04,,,,,,,99.06092,98.68144,26.82863
1960-05,,,,,,,99.0317,98.6449,26.95444
1960-06,,,,,,,98.98648,98.58834,27.08081
1960-07,,,,,,,98.92295,98.50888,27.20775
1960-08,,,,,,,98.84657,98.41335,27.33525
1960-09,,,,,,,98.77617,98.32529,27.46329
1960-10,,,,,,,98.7502,98.29282,27.59185
1960-11,,,,,,,98.807,98.36385,27.72091
1960-12,,,,,,,98.96194,98.55766,27.85044
1961-01,,,,,,,99.20063,98.85619,27.98043
1961-02,,,,,,,99.48598,99.21308,28.11082
1961-03,,,,,,,99.78078,99.5818,28.24159
1961-04,,,,,,,100.0668,99.93954,28.37269
1961-05,,,,,,,100.3374,100.278,28.50408
1961-06,,,,,,,100.5908,100.5949,28.63572
1961-07,,,,,,,100.8236,100.886,28.76756
1961-08,,,,,,,101.0309,101.1454,28.89957
1961-09,,,,,,,101.2076,101.3663,29.03171
1961-10,,,,,,,101.3506,101.5453,29.16393
1961-11,,,,,,,101.4573,101.6786,29.2962
1961-12,,,103.2474,102.2294,,30.38415,101.5249,101.7632,29.42849
1962-01,,,102.858,101.9618,,30.4056,101.5536,101.7991,29.56076
1962-02,103.039655000416,,102.4787,101.7012,,30.429,101.5441,101.7872,29.69299
1962-03,102.686728515006,,102.1376,101.4668,,30.46271,101.4974,101.7289,29.82516
1962-04,102.600329469266,,101.8899,101.2965,,30.52339,101.4188,101.6305,29.95724
1962-05,102.563544786202,,101.736,101.1908,,30.61158,101.3151,101.5008,30.08922
1962-06,102.514619454218,,101.648,101.1303,,30.71914,101.1963,101.3522,30.2211
1962-07,102.482930940602,,101.603,101.0994,,30.83941,101.0774,101.2035,30.35285
1962-08,102.437798615258,,101.5693,101.0762,,30.96287,100.9733,101.0733,30.48448
1962-09,102.420982533891,,101.5498,101.0628,,31.09046,100.8938,100.9739,30.61598
1962-10,102.340542404868,,101.5112,101.0363,,31.21199,100.8374,100.9033,30.74734
1962-11,102.288579848407,,101.4535,100.9967,,31.32742,100.8011,100.8579,30.87859
1962-12,102.219942078209,,101.3996,100.9596,3.487207,31.44371,100.7884,100.8421,31.0097
1963-01,102.255457816397,,101.3912,100.9538,3.842435,31.57392,100.8161,100.8766,31.1407
1963-02,102.348838616321,,101.4375,100.9856,4.246303,31.72111,100.9028,100.9852,31.27159
1963-03,102.401626213278,,101.5504,101.0633,4.682883,31.88924,101.0565,101.1774,31.40238
1963-04,102.421085083078,,101.7122,101.1744,5.076741,32.07298,101.2555,101.4263,31.53308
1963-05,102.366604575512,,101.8826,101.2915,5.384396,32.25983,101.4668,101.6905,31.66371
1963-06,102.130240044555,,101.999,101.3715,5.568892,32.42986,101.6588,101.9307,31.79429
1963-07,101.892119533756,,102.0431,101.4018,5.634651,32.5771,101.8152,102.1263,31.92483
1963-08,101.65414568197,,101.9946,101.3685,5.593353,32.69474,101.9287,102.2682,32.05537
1963-09,101.377305964582,,101.7916,101.229,5.378323,32.7626,101.9976,102.3545,32.18595
1963-10,101.019530637041,,101.431,100.9812,5.020631,32.77903,102.026,102.39,32.31659
1963-11,100.511606274421,,100.9259,100.6341,4.533924,32.74778,102.0144,102.3755,32.44736
1963-12,99.8636777404716,,100.2794,100.1899,3.89783,32.66933,101.9542,102.3001,32.5783
1964-01,98.9208571056748,,99.51067,99.66164,3.089569,32.54942,101.8248,102.1383,32.70947
1964-02,97.8606890922766,,98.68803,99.09637,2.17198,32.41008,101.6035,101.8615,32.84095
1964-03,97.1323829060312,,97.87408,98.53706,1.199691,32.27181,101.28,101.457,32.97279
1964-04,96.5113072743783,,97.11196,98.01337,0.2369924,32.14899,100.8772,100.9531,33.10508
1964-05,96.0274125409437,,96.4425,97.55334,-0.633458,32.05547,100.4304,100.3943,33.23792
1964-06,95.7843380332826,,95.8868,97.17149,-1.329399,31.99874,99.97346,99.82279,33.37137
1964-07,95.5901810821724,,95.39474,96.83338,-1.886515,31.96253,99.52772,99.26529,33.50554
1964-08,95.4518448877605,,94.97239,96.54316,-2.280267,31.94921,99.10887,98.74142,33.64052
1964-09,95.3674590232745,,94.63699,96.31269,-2.434581,31.96497,98.73296,98.27126,33.7764
1964-10,95.2134422709484,,94.40082,96.15041,-2.332655,32.01441,98.42041,97.88034,33.91327
1964-11,94.979351575422,,94.27357,96.06296,-1.974124,32.1013,98.19234,97.59509,34.05122
1964-12,94.8722459767253,,94.30476,96.0844,-1.304695,32.2431,98.06268,97.43291,34.19032
1965-01,95.2498511279782,,94.51529,96.22906,-0.3124385,32.44772,98.02415,97.38473,34.33065
1965-02,95.9753494495177,,94.88089,96.48029,0.9180438,32.70762,98.06007,97.42964,34.47229
1965-03,96.6416273333002,,95.30327,96.77052,2.223928,32.98952,98.14898,97.54086,34.6153
1965-04,97.0494815326723,,95.70714,97.04804,3.479286,33.26755,98.26385,97.68453,34.75974
1965-05,97.2936567231565,,96.06438,97.29353,4.605844,33.5319,98.37939,97.82904,34.90565
1965-06,97.6062646615652,,96.38712,97.51529,5.587493,33.78666,98.47735,97.95155,35.05309
1965-07,97.9124930872614,,96.68859,97.72245,6.488498,34.03642,98.55145,98.04424,35.2021
1965-08,98.1695029587463,,96.98879,97.92873,7.320888,34.28817,98.60172,98.10712,35.35272
1965-09,98.3611262057909,,97.30619,98.14684,8.0825,34.54854,98.63007,98.14256,35.50498
1965-10,98.5914348551196,,97.66965,98.39658,8.788299,34.82793,98.63737,98.1517,35.65891
1965-11,98.9427706027074,,98.07592,98.67576,9.420615,35.12543,98.62539,98.13672,35.81453
1965-12,99.3462464340236,,98.49886,98.96638,9.889842,35.43189,98.59987,98.1048,35.97188
1966-01,99.8322632320986,,98.91193,99.25022,10.13971,35.73782,98.57468,98.0733,36.13095
1966-02,100.277497035122,,99.28254,99.50488,10.16208,36.03139,98.56711,98.06383,36.29177
1966-03,100.671197682935,,99.59568,99.72006,10.05603,36.30695,98.59289,98.09606,36.45434
1966-04,100.870070922265,,99.84255,99.8897,9.899904,36.561,98.65976,98.1797,36.61866
1966-05,100.907240384136,,100.03,100.0185,9.733598,36.79576,98.7672,98.31409,36.78473
1966-06,100.843027163884,,100.1717,100.1159,9.557944,37.01597,98.90275,98.48362,36.95252
1966-07,100.777433178626,,100.286,100.1944,9.377582,37.22821,99.03509,98.64913,37.12202
1966-08,100.86470156817,,100.3788,100.2582,9.176078,37.43448,99.13143,98.76963,37.29322
1966-09,100.977174232871,,100.4415,100.3013,8.923554,37.6315,99.1748,98.82389,37.46609
1966-10,101.069412710833,,100.4493,100.3066,8.561445,37.8097,99.18338,98.83461,37.64059
1966-11,101.166535782778,,100.4075,100.2779,8.100617,37.97081,99.19017,98.8431,37.8167
1966-12,101.171170724511,,100.3336,100.2271,7.589862,38.12112,99.2251,98.88679,37.99438
1967-01,100.966446143232,,100.221,100.1498,7.051761,38.25797,99.29704,98.97676,38.17359
1967-02,100.71228321363,,100.0788,100.0521,6.530763,38.38452,99.4023,99.10841,38.35428
1967-03,100.448267903505,,99.92734,99.94796,6.06344,38.5084,99.53013,99.2683,38.5364
1967-04,100.347813903373,,99.78732,99.85175,5.679698,38.63756,99.66541,99.43749,38.71991
1967-05,100.380325580934,,99.65536,99.76107,5.367192,38.77066,99.79311,99.59721,38.90474
1967-06,100.361999161862,,99.52033,99.66829,5.098738,38.90332,99.90199,99.7334,39.09083
1967-07,100.273890049417,,99.37939,99.57143,4.851546,39.03435,99.98853,99.84163,39.27812
1967-08,100.080123335257,,99.23633,99.47314,4.62319,39.16515,100.0511,99.91991,39.46655
1967-09,99.9664660007975,,99.10596,99.38355,4.437792,39.30151,100.0857,99.9632,39.65604
1967-10,99.9322412757172,,98.97812,99.2957,4.310158,39.43936,100.083,99.95981,39.84655
1967-11,100.004796241991,,98.84572,99.20473,4.226984,39.57583,100.0361,99.90112,40.03798
1967-12,100.073610650712,,98.71807,99.11701,4.179926,39.71456,99.9506,99.7942,40.23028
1968-01,100.069015314308,,98.61981,99.04949,4.201716,39.86546,99.85773,99.67805,40.42338
1968-02,100.043840786731,,98.58312,99.02428,4.317317,40.0417,99.79736,99.60255,40.6172
1968-03,100.07720243029,,98.62612,99.05383,4.525136,40.25096,99.80199,99.60834,40.81166
1968-04,100.198864673655,,98.75185,99.14023,4.807013,40.49487,99.87858,99.70412,41.00669
1968-05,100.355879368297,,98.94911,99.27577,5.154858,40.76923,100.0207,99.88187,41.20222
1968-06,100.641502542295,,99.2076,99.45339,5.569651,41.0701,100.2153,100.1252,41.39814
1968-07,101.088526886352,,99.51727,99.66618,6.044013,41.39359,100.4443,100.4117,41.59438
1968-08,101.583774488051,,99.84756,99.89314,6.541492,41.72713,100.6892,100.718,41.79084
1968-09,101.92211457388,,100.1608,100.1084,7.006003,42.05497,100.933,101.023,41.98745
1968-10,102.113184171446,,100.4672,100.3189,7.459095,42.38118,101.1606,101.3076,42.1841
1968-11,102.143858293214,,100.783,100.5359,7.925871,42.71256,101.3593,101.5561,42.38071
1968-12,102.238569605687,,101.0979,100.7523,8.385104,43.04467,101.5201,101.7573,42.57721
1969-01,102.577360949151,,101.402,100.9613,8.798889,43.37318,101.6413,101.9088,42.7735
1969-02,103.001058116942,,101.6716,101.1466,9.105806,43.68782,101.72,102.0072,42.96952
1969-03,103.474446775899,,101.8886,101.2957,9.265532,43.98043,101.7469,102.0409,43.1652
1969-04,103.76338556814,,102.0398,101.3995,9.260576,44.24493,101.7044,101.9878,43.36047
1969-05,103.913848804931,,102.1067,101.4455,9.08431,44.47283,101.5729,101.8233,43.55527
1969-06,103.862177404876,,102.0797,101.4269,8.739429,44.65939,101.3428,101.5354,43.74954
1969-07,103.73600492386,,101.9741,101.3544,8.25519,44.81071,101.0318,101.1465,43.94324
1969-08,103.705813046855,,101.8233,101.2508,7.702267,44.94107,100.6805,100.7071,44.13633
1969-09,103.709367621535,,101.6591,101.1379,7.155523,45.06422,100.352,100.2962,44.32877
1969-10,103.733183893764,,101.5009,101.0293,6.624564,45.18875,100.1364,100.0265,44.52053
1969-11,103.759319113577,,101.3702,100.9394,6.114458,45.3242,100.1106,99.99432,44.71157
1969-12,103.591093174036,,101.2384,100.8489,5.606457,45.45795,100.2915,100.2206,44.90186
1970-01,103.228689838817,,101.085,100.7435,5.089392,45.58061,100.6259,100.6388,45.09136
1970-02,102.786109323266,,100.9059,100.6204,4.583429,45.69022,101.0133,101.1233,45.28002
1970-03,102.202066454623,,100.7077,100.4842,4.113503,45.78956,101.3688,101.5679,45.4678
1970-04,101.632918368228,,100.4975,100.3397,3.69954,45.88179,101.6494,101.919,45.65467
1970-05,101.133928842681,,100.2852,100.1939,3.369527,45.97136,101.8522,102.1726,45.8406
1970-06,100.7770271195,,100.0824,100.0545,3.144057,46.06351,101.9843,102.3378,46.02557
1970-07,100.498292253669,,99.8488,99.89399,2.965757,46.13969,102.0393,102.4066,46.20956
1970-08,100.104275839648,,99.56106,99.69627,2.776653,46.18893,102.0026,102.3607,46.39257
1970-09,99.6003896965489,,99.22388,99.46458,2.549466,46.21312,101.8636,102.1868,46.5746
1970-10,99.0838801960742,,98.85252,99.2094,2.280212,46.21915,101.6332,101.8987,46.75566
1970-11,98.796325138872,,98.48247,98.95512,1.984162,46.22351,101.3335,101.5238,46.93578
1970-12,98.486091363044,,98.12773,98.71136,1.704677,46.23286,100.9926,101.0975,47.11497
1971-01,98.0464687985162,,97.81544,98.49677,1.490829,46.26014,100.6464,100.6644,47.29329
1971-02,97.5249780650397,,97.54929,98.31388,1.350783,46.3074,100.33,100.2687,47.47077
1971-03,97.1116037699773,,97.36108,98.18455,1.311437,46.39006,100.0708,99.94454,47.64744
1971-04,97.0584328861245,,97.28474,98.1321,1.401528,46.52484,99.88016,99.70609,47.82336
1971-05,97.0894402437181,,97.31674,98.15408,1.608148,46.71064,99.75863,99.55409,47.99857
1971-06,96.9547015003711,,97.39465,98.20762,1.855093,46.91803,99.69698,99.47697,48.17311
1971-07,96.8011222308788,,97.53079,98.30117,2.196685,47.15323,99.6719,99.44561,48.34702
1971-08,96.6556714955698,,97.71804,98.42984,2.650415,47.41313,99.65752,99.42764,48.52034
1971-09,96.8798872876254,,97.95872,98.59522,3.215607,47.69915,99.63422,99.39848,48.69312
1971-10,97.3628959155647,,98.26452,98.80535,3.890548,48.01733,99.59669,99.35154,48.86538
1971-11,97.7982382972717,,98.57696,99.02004,4.577396,48.33934,99.5461,99.28828,49.03716
1971-12,98.15329268488,,98.88512,99.2318,5.249591,48.65989,99.48337,99.20982,49.20851
1972-01,98.334742552638,,99.16868,99.42664,5.855609,48.96895,99.40337,99.10976,49.37946
1972-02,98.5361848345278,,99.43023,99.60637,6.392724,49.2677,99.30064,98.98128,49.55002
1972-03,98.7061010593382,,99.6976,99.79009,6.854544,49.56989,99.17618,98.8256,49.72024
1972-04,98.8474571548577,,99.98594,99.98823,7.21828,49.88313,99.04585,98.6626,49.89014
1972-05,99.0479031313191,,100.2889,100.1964,7.47951,50.20437,98.92899,98.51643,50.05975
1972-06,99.3880698052221,,100.6247,100.4272,7.725857,50.54285,98.83749,98.40199,50.22906
1972-07,99.7907756422128,,100.9909,100.6788,7.94068,50.89752,98.76434,98.31049,50.39811
1972-08,100.332365258177,,101.3728,100.9412,8.115748,51.26106,98.69643,98.22556,50.56689
1972-09,100.940813851824,,101.7657,101.2112,8.243474,51.63122,98.62611,98.13761,50.73541
1972-10,101.455989944373,,102.167,101.4869,8.308208,52.00671,98.56213,98.05759,50.90364
1972-11,101.723869411137,,102.5691,101.7633,8.36657,52.38369,98.52489,98.01102,51.07159
1972-12,101.984137922454,,102.9752,102.0423,8.433655,52.7637,98.54124,98.03147,51.23922
1973-01,102.402195568673,100.837816339744,103.3957,102.3313,8.542487,53.15212,98.63768,98.15209,51.40651
1973-02,102.909698618399,100.54423545298,103.7785,102.5943,8.63526,53.52209,98.83779,98.40237,51.57342
1973-03,103.287543958368,100.1527438528,104.1517,102.8507,8.71109,53.88797,99.15402,98.79789,51.7399
1973-04,103.610797396536,99.7611009991384,104.5219,103.1051,8.760299,54.25304,99.57169,99.32028,51.90591
1973-05,103.870848322116,99.5209548419134,104.9005,103.3653,8.801557,54.62314,100.0638,99.93574,52.07138
1973-06,103.953082445235,99.4962113911485,105.2541,103.6083,8.780525,54.98078,100.5981,100.6041,52.23624
1973-07,103.828220138094,99.6365442324252,105.5328,103.7998,8.649011,55.29965,101.1395,101.2812,52.40042
1973-08,103.771008489681,99.8021379776478,105.693,103.9099,8.379284,55.55637,101.6533,101.9239,52.56388
1973-09,103.631957898766,99.8899920655381,105.6522,103.8818,7.893534,55.70675,102.1096,102.4945,52.72654
1973-10,103.345942989057,99.6683270164131,105.4156,103.7192,7.202665,55.75257,102.4883,102.9681,52.88836
1973-11,103.22171628903,98.955366986066,105.0263,103.4517,6.360766,55.71569,102.7764,103.3285,53.04929
1973-12,103.073871249666,98.1076414566625,104.5313,103.1116,5.414121,55.62039,102.9707,103.5715,53.2093
1974-01,102.748805391884,97.3997620582307,103.9621,102.7205,4.38512,55.4829,103.0861,103.7159,53.36839
1974-02,102.272565345896,97.0722381727509,103.34,102.293,3.348574,55.31432,103.1405,103.7839,53.52654
1974-03,101.724523442258,96.9728097655007,102.6689,101.8318,2.279806,55.11651,103.1439,103.7882,53.68377
1974-04,101.111765402194,96.8839712705355,101.9358,101.3281,1.159906,54.88232,103.0933,103.7249,53.84011
1974-05,100.416090155159,96.6223999979387,101.1159,100.7647,-0.04573149,54.59816,102.9738,103.5753,53.9956
1974-06,99.6049155232394,96.1277946287863,100.2091,100.1416,-1.304509,54.26355,102.7635,103.3124,54.1503
1974-07,98.7251011125423,95.4578098459731,99.21333,99.45732,-2.572479,53.87708,102.4448,102.9138,54.30428
1974-08,97.6608813227127,94.7493884198213,98.15492,98.73004,-3.786291,53.45284,102.0051,102.3638,54.45763
1974-09,96.4118274019782,94.0888360655802,97.12881,98.02495,-4.782663,53.04248,101.4465,101.6651,54.61045
1974-10,95.3039415228367,93.6869695860347,96.25486,97.42441,-5.453859,52.71191,100.8033,100.8607,54.76285
1974-11,94.482806455168,93.7397593004321,95.62588,96.9922,-5.748424,52.51292,100.1237,100.0107,54.91496
1974-12,94.118692911893,94.0302855987134,95.28304,96.75662,-5.665123,52.46943,99.45808,99.17819,55.06691
1975-01,94.1248001749041,94.4092225106589,95.20039,96.69982,-5.252725,52.56854,98.85078,98.41862,55.21883
1975-02,94.2700962798548,94.7709480493781,95.31545,96.77889,-4.587159,52.77697,98.3394,97.77901,55.37084
1975-03,94.3733266614035,95.2078805829074,95.56445,96.94999,-3.730636,53.06031,97.95019,97.29221,55.52307
1975-04,94.4089914067492,95.6487532954905,95.90359,97.18304,-2.710161,53.39492,97.687,96.96304,55.67562
1975-05,94.4041148740823,95.9549549375921,96.31044,97.4626,-1.51906,53.76878,97.54343,96.78347,55.82861
1975-06,94.4522337665809,96.0129303968577,96.75523,97.76824,-0.1804577,54.16563,97.50555,96.7361,55.98211
1975-07,94.7679264844186,95.961252339555,97.22717,98.09254,1.304019,54.57965,97.54591,96.78658,56.13621
1975-08,95.3874208737806,95.8660091095366,97.7338,98.44067,2.923038,55.01529,97.63696,96.90046,56.29096
1975-09,96.1041748675117,95.7724827855429,98.25417,98.79825,4.559499,55.46095,97.75887,97.05293,56.44641
1975-10,96.7521606292366,95.8003924112205,98.74694,99.13685,6.035497,55.89333,97.90363,97.23398,56.6026
1975-11,97.2414260041977,95.9707836773442,99.16789,99.42611,7.187438,56.28725,98.07172,97.44422,56.75955
1975-12,97.8128872910125,96.1781192961398,99.47433,99.63668,7.906809,56.61808,98.26714,97.68864,56.91728
1976-01,98.3986007777986,96.2865243769317,99.63507,99.74712,8.177825,56.8675,98.49049,97.96799,57.07579
1976-02,98.9530799888418,96.1890874491184,99.69551,99.78866,8.116848,57.06079,98.7422,98.28281,57.23507
1976-03,99.3189714645511,95.9660920231525,99.69965,99.7915,7.844673,57.22272,99.02352,98.63467,57.3951
1976-04,99.5753540838975,95.7158168765823,99.69116,99.78567,7.459866,57.37812,99.33547,99.02484,57.55587
1976-05,99.7726578582775,95.5108948382462,99.69967,99.79152,7.021199,57.54399,99.67669,99.45161,57.71733
1976-06,99.8763972204214,95.3819512930718,99.70934,99.79816,6.545855,57.71123,100.039,99.90473,57.87946
1976-07,99.9716036974137,95.2558895786403,99.71124,99.79947,6.036995,57.87462,100.4004,100.3568,58.04222
1976-08,99.9078131900625,95.0848345303607,99.66705,99.7691,5.446603,58.01175,100.7313,100.7706,58.20555
1976-09,99.7560590322212,94.972194195902,99.56966,99.70219,4.791285,58.11824,101.0001,101.1068,58.36943
1976-10,99.5220835009705,95.0770782417004,99.42265,99.60117,4.119517,58.19587,101.1817,101.3339,58.53381
1976-11,99.0468186159736,95.4603016456475,99.20929,99.45455,3.459534,58.23453,101.2552,101.4259,58.69867
1976-12,98.4404775789824,95.9795006512915,98.92236,99.25739,2.846334,58.22963,101.2087,101.3678,58.86396
1977-01,97.8551570336067,96.4391826474326,98.5919,99.0303,2.340516,58.19849,101.0505,101.1699,59.02969
1977-02,97.3388626577376,96.6048004460226,98.24583,98.79251,1.9219,58.15744,100.7968,100.8526,59.19584
1977-03,96.9197876228397,96.5429802113377,97.93793,98.58094,1.600039,58.13831,100.4676,100.4408,59.3624
1977-04,96.5207546141658,96.4559036613883,97.68899,98.40987,1.351574,58.15362,100.0887,99.96693,59.52935
1977-05,96.2774805960821,96.476491660833,97.50924,98.28635,1.157074,58.20982,99.68829,99.46611,59.69672
1977-06,96.2349471955153,96.7554807709276,97.41342,98.22051,1.048016,58.31605,99.29707,98.9768,59.86449
1977-07,96.2897485422086,97.1741986083089,97.40181,98.21254,1.033769,58.47291,98.95015,98.5429,60.03267
1977-08,96.2822774886302,97.5988480184432,97.47225,98.26094,1.151064,58.6795,98.6814,98.20678,60.20124
1977-09,96.1931976217655,97.995062521788,97.61755,98.36079,1.400003,58.9319,98.51508,97.99875,60.37019
1977-10,96.2005671360378,98.269893545429,97.84618,98.51789,1.78659,59.23559,98.45198,97.91983,60.5395
1977-11,96.4183397030032,98.4088692032777,98.15193,98.72799,2.322775,59.58718,98.48197,97.95734,60.70913
1977-12,96.6888790488235,98.4677999142028,98.51142,98.97501,2.993628,59.9728,98.58865,98.09077,60.87904
1978-01,96.9173859236142,98.4338027441806,98.88887,99.23438,3.732615,60.37082,98.74724,98.28912,61.04916
1978-02,97.2030952030236,98.4330073371418,99.25885,99.48861,4.48482,60.7657,98.93156,98.51965,61.21943
1978-03,97.6107690134425,98.4979164432225,99.65534,99.76106,5.228718,61.17819,99.11722,98.75186,61.38978
1978-04,98.0851033608495,98.5682013258022,100.0902,100.0598,5.953192,61.61562,99.28304,98.95925,61.56012
1978-05,98.393633317562,98.6924292971954,100.5478,100.3743,6.628968,62.06853,99.41458,99.12378,61.73037
1978-06,98.6559874778828,98.9577788360713,101.0472,100.7175,7.258072,62.54867,99.50911,99.24201,61.90043
1978-07,98.985705182047,99.365811616061,101.5826,101.0854,7.832036,63.05253,99.58289,99.33429,62.07021
1978-08,99.3286926254726,99.8337596086528,102.0944,101.4371,8.288488,63.54315,99.65874,99.42917,62.2396
1978-09,99.6857046909106,100.319765586745,102.5504,101.7504,8.60026,64.0002,99.75512,99.54971,62.40851
1978-10,99.9694734132737,100.621571773828,102.8902,101.9839,8.693821,64.38542,99.87499,99.69963,62.57681
1978-11,100.148738000282,100.690423791201,103.1274,102.1469,8.591546,64.70664,100.0124,99.87144,62.7444
1978-12,100.366212557499,100.595901112665,103.2898,102.2585,8.350488,64.98083,100.157,100.0523,62.91115
1979-01,100.60885841241,100.45706504715,103.4203,102.3482,8.056168,65.23439,100.298,100.2287,63.07696
1979-02,100.690525465458,100.270344775479,103.5566,102.4418,7.776173,65.49094,100.4282,100.3916,63.24169
1979-03,101.062547957534,100.048373415879,103.7011,102.5411,7.476116,65.75195,100.5493,100.5431,63.40523
1979-04,101.578025524957,99.7400716538857,103.8428,102.6385,7.1323,66.01023,100.6772,100.7029,63.56746
1979-05,102.022579240879,99.4526191019427,103.9956,102.7435,6.776525,66.27462,100.8325,100.8972,63.72827
1979-06,102.151073584179,99.2264827778496,104.1026,102.817,6.330971,66.50861,101.0307,101.1451,63.88755
1979-07,101.995378168108,99.0562330149347,104.1209,102.8296,5.760128,66.68443,101.2703,101.4447,64.04517
1979-08,101.886336485904,98.8500431443771,104.046,102.7781,5.123274,66.79864,101.5371,101.7784,64.20105
1979-09,101.756335612721,98.599939258121,103.85,102.6434,4.425817,66.83273,101.8058,102.1146,64.35507
1979-10,101.54927406566,98.3213534376623,103.5786,102.4569,3.774398,66.81559,102.0397,102.4071,64.50713
1979-11,101.350562676949,98.0365909985327,103.2677,102.2433,3.188777,66.77,102.2029,102.6112,64.65717
1979-12,101.293259963186,97.7867796689876,102.9154,102.0012,2.63702,66.69438,102.2757,102.7023,64.80508
1980-01,101.154931158383,97.6499953873637,102.5176,101.7279,2.071959,66.58602,102.2747,102.7011,64.95084
1980-02,100.565414016653,97.7244369898531,102.0845,101.4303,1.466355,66.45128,102.2308,102.6461,65.09438
1980-03,99.5468840644061,97.9985738503553,101.6528,101.1336,0.8546731,66.31391,102.1718,102.5723,65.23567
1980-04,98.551172205771,98.2767042779882,101.2671,100.8686,0.2921211,66.20306,102.1092,102.494,65.3747
1980-05,97.9240109663587,98.4380919401286,100.9815,100.6723,-0.1813194,66.15445,102.0449,102.4136,65.51147
1980-06,97.7978519101622,98.4254720765508,100.7784,100.5328,-0.5287334,66.15696,101.9782,102.3301,65.64597
1980-07,97.7154380759135,98.3503004790575,100.5955,100.4071,-0.7715406,66.16994,101.9132,102.2488,65.77821
1980-08,97.55793129719,98.2387367132863,100.4052,100.2764,-0.9331179,66.17533,101.8533,102.174,65.90824
1980-09,97.3760526781781,98.106815716203,100.2288,100.1551,-0.965925,66.18718,101.7959,102.1022,66.03609
1980-10,97.1458529249961,98.0720115618727,100.083,100.0549,-0.896288,66.21673,101.7263,102.0151,66.16181
1980-11,97.0002437840483,98.2185218167717,99.99181,99.99226,-0.7338003,66.28004,101.6274,101.8914,66.28547
1980-12,96.8573454395517,98.3654350523463,99.95033,99.96375,-0.4801619,66.37414,101.4901,101.7197,66.40713
1981-01,96.7165587433976,98.4534938736568,99.9624,99.97205,-0.1263907,66.50186,101.326,101.5145,66.52688
1981-02,96.5501902011622,98.3981816838029,99.98489,99.98751,0.2760928,66.63474,101.1554,101.3011,66.64481
1981-03,96.3945858489194,98.2683005043847,99.99491,99.99439,0.6691279,66.75764,100.9968,101.1027,66.76103
1981-04,96.4156895259038,98.0746465235847,99.98394,99.98685,0.9997346,66.86491,100.8584,100.9296,66.87566
1981-05,96.6132579600122,97.8998912755868,99.96951,99.97694,1.230324,66.96836,100.743,100.7852,66.98878
1981-06,96.7997570908193,97.8255989796041,99.98877,99.99017,1.414911,67.09302,100.6517,100.6711,67.10056
1981-07,96.9038357215521,97.8403451461058,100.0536,100.0348,1.627935,67.24714,100.5863,100.5893,67.21108
1981-08,96.9839422965378,97.9140088727999,100.1349,100.0906,1.867718,67.4113,100.5472,100.5403,67.3205
1981-09,97.0234360008993,97.983026678131,100.2204,100.1493,2.100637,67.57753,100.5291,100.5177,67.42894
1981-10,97.101753544055,98.1433654163585,100.3022,100.2056,2.301446,67.74067,100.5157,100.501,67.53654
1981-11,97.1036420968718,98.5815044722247,100.3684,100.2511,2.433065,67.89268,100.4874,100.4656,67.64345
1981-12,96.9914207456778,99.1474603809565,100.4144,100.2826,2.495509,68.03051,100.428,100.3912,67.74979
1982-01,96.9039022090183,99.716557697713,100.4444,100.3032,2.489242,68.15726,100.3337,100.2733,67.85573
1982-02,96.9180351916804,100.156746372397,100.4424,100.3018,2.442107,68.26203,100.2074,100.1154,67.96141
1982-03,96.9363070130977,100.292777716441,100.3721,100.2536,2.340789,68.32029,100.0556,99.9255,68.06699
1982-04,96.7222634440289,100.265925653438,100.2035,100.1377,2.163161,68.31131,99.88764,99.71545,68.17262
1982-05,96.3336261518827,100.131318733324,99.89433,99.92529,1.848547,68.20631,99.71244,99.49632,68.27845
1982-06,96.0354100919583,99.6181555536149,99.42896,99.60549,1.343099,67.99415,99.53605,99.2757,68.38465
1982-07,95.8354350854515,99.064221604828,98.86765,99.21979,0.6969337,67.71581,99.36002,99.05554,68.49137
1982-08,95.6817316098059,98.5958692413384,98.28674,98.82062,0.0180791,67.42348,99.18425,98.8357,68.59876
1982-09,95.6625158052205,98.1486783466213,97.76291,98.46067,-0.6031579,67.16993,99.0097,98.61738,68.70697
1982-10,95.7085036835541,97.6691720549709,97.32903,98.16252,-1.125768,66.97807,98.84106,98.40646,68.81613
1982-11,95.7625900218237,97.2953710044457,97.0126,97.94509,-1.510323,66.86727,98.6849,98.21114,68.92638
1982-12,95.8843235727854,97.0363897032044,96.829,97.81893,-1.737216,66.84868,98.5472,98.03893,69.03786
1983-01,95.9445473681785,96.8796009382604,96.75408,97.76746,-1.835672,66.90611,98.43019,97.89258,69.15069
1983-02,96.0047072538464,97.0496170767223,96.77315,97.78055,-1.805036,67.02988,98.33831,97.77765,69.26496
1983-03,96.1558178247717,97.3651689054238,96.89776,97.86618,-1.598156,67.22842,98.28268,97.70808,69.38078
1983-04,96.458302539408,97.602362776005,97.08843,97.9972,-1.224606,67.47477,98.28368,97.70934,69.49825
1983-05,96.840535968096,97.7124020597536,97.30022,98.14273,-0.686714,67.73792,98.3634,97.80904,69.61745
1983-06,97.2477483451689,97.851029918795,97.53798,98.30611,0.04015796,68.02145,98.53394,98.02234,69.73843
1983-07,97.3606024098364,98.0018533805726,97.77222,98.46707,0.8699409,68.30489,98.77985,98.3299,69.86124
1983-08,97.4413385597631,98.1043521205774,97.97255,98.60473,1.696052,68.56702,99.07051,98.69344,69.98595
1983-09,97.5694156114047,98.1696916423419,98.13038,98.71318,2.429367,68.80173,99.36687,99.06411,70.11257
1983-10,97.8617008279088,98.1782245374358,98.28522,98.81958,3.073523,69.03665,99.62484,99.38676,70.24113
1983-11,98.1939297785594,98.2807876054722,98.45968,98.93945,3.619753,69.2877,99.8056,99.61284,70.37166
1983-12,98.5102734779279,98.5235323172429,98.63873,99.06249,4.032596,69.54441,99.88876,99.71685,70.50416
1984-01,98.7920356130495,98.7453617466815,98.79013,99.16653,4.30143,69.78403,99.89059,99.71915,70.63867
1984-02,99.0918878412247,98.868459142636,98.90396,99.24475,4.430264,69.99948,99.84366,99.66044,70.7752
1984-03,99.3529179244689,98.9430951412014,98.99357,99.30632,4.420239,70.20008,99.78176,99.58302,70.91378
1984-04,99.3600508598236,99.0245303697653,99.05488,99.34845,4.309919,70.38287,99.72844,99.51633,71.05442
1984-05,99.3817973295949,99.3650160902139,99.14317,99.40912,4.206188,70.5871,99.69635,99.4762,71.19714
1984-06,99.5116155910017,99.7990856868249,99.26665,99.49397,4.112409,70.81877,99.68596,99.4632,71.34195
1984-07,99.6461650064047,100.202978871134,99.41651,99.59695,4.05071,71.07173,99.68252,99.4589,71.48886
1984-08,99.6564139597274,100.593845368865,99.56499,99.69897,4.024106,71.32623,99.66759,99.44024,71.63786
1984-09,99.6036694382216,100.992488377397,99.67876,99.77715,4.006627,71.55836,99.62981,99.39298,71.78897
1984-10,99.5292121708897,101.299134709796,99.71907,99.80485,3.915931,71.74008,99.57626,99.326,71.94219
1984-11,99.4573883306489,101.428065069835,99.67905,99.77735,3.7213,71.86611,99.52342,99.25992,72.0975
1984-12,99.5197196210048,101.534241003133,99.56637,99.69992,3.446986,71.9416,99.48915,99.21705,72.25492
1985-01,99.5753378495508,101.617737895345,99.37087,99.56558,3.116483,71.95884,99.48449,99.21122,72.41442
1985-02,99.5699502865706,101.417569038863,99.14748,99.41208,2.796862,71.95727,99.51463,99.24891,72.576
1985-03,99.4651751276008,101.101435001745,98.94296,99.27155,2.522301,71.97074,99.57747,99.32751,72.73962
1985-04,99.4696236897819,100.985946529002,98.81819,99.18581,2.359675,72.04368,99.6596,99.43023,72.90528
1985-05,99.5267769062818,100.999521326054,98.77554,99.15649,2.254069,72.17819,99.74387,99.53564,73.07294
1985-06,99.5813703241591,101.171163829952,98.79843,99.17223,2.179844,72.36251,99.81551,99.62523,73.24257
1985-07,99.6576576678859,101.430244763082,98.86895,99.22069,2.127499,72.58378,99.86777,99.69061,73.41413
1985-08,99.7295858770135,101.541513285978,98.97163,99.29124,2.109475,72.83084,99.89895,99.72959,73.58759
1985-09,99.8401097780336,101.485944004445,99.10296,99.38148,2.156089,73.10123,99.91032,99.74382,73.76291
1985-10,99.8035692418796,101.376132110837,99.25159,99.48362,2.295217,73.38667,99.90572,99.73806,73.94005
1985-11,99.6970176385623,101.351880680532,99.41509,99.59597,2.531551,73.68543,99.88971,99.71803,74.11897
1985-12,99.5356509599301,101.396712259584,99.57443,99.70546,2.838166,73.98342,99.8669,99.68951,74.29962
1986-01,99.4846835852267,101.628756936806,99.7392,99.81868,3.236398,74.28771,99.84191,99.65826,74.48196
1986-02,99.5542793840899,101.93595679459,99.92175,99.94412,3.683102,74.60753,99.81893,99.62951,74.66595
1986-03,99.6956580179298,102.277294515227,100.1027,100.0685,4.109574,74.92843,99.80134,99.60751,74.85154
1986-04,99.7916843766306,102.482248179832,100.2594,100.1761,4.427335,75.2333,99.79108,99.59468,75.03867
1986-05,99.921740284778,102.549381487957,100.3838,100.2616,4.624411,75.51601,99.78805,99.59088,75.22728
1986-06,100.040003509588,102.5480447497,100.4821,100.3292,4.724036,75.78094,99.78881,99.59184,75.41732
1986-07,100.086132795021,102.471250585043,100.5592,100.3822,4.750082,76.03157,99.78478,99.58681,75.60873
1986-08,100.122791888125,102.530310968058,100.6261,100.4281,4.730367,76.27601,99.76669,99.56417,75.80143
1986-09,100.139057164691,102.751685436379,100.6777,100.4635,4.663593,76.51037,99.72932,99.51743,75.99538
1986-10,100.224406860626,102.944584372362,100.6914,100.473,4.53837,76.71723,99.67713,99.45216,76.19048
1986-11,100.356853779799,102.959540489952,100.6651,100.4549,4.355401,76.89473,99.62014,99.38088,76.38668
1986-12,100.513197613696,102.895464861357,100.6337,100.4333,4.170905,77.0692,99.57079,99.31915,76.58389
1987-01,100.521531713354,102.924708814398,100.641,100.4384,4.020216,77.27425,99.54111,99.28204,76.78204
1987-02,100.446566375554,102.90385727009,100.6826,100.4669,3.885601,77.50648,99.53946,99.27998,76.98103
1987-03,100.44587796314,102.797767080612,100.7319,100.5008,3.759906,77.74567,99.56561,99.31268,77.18078
1987-04,100.483762829426,102.593763916909,100.7721,100.5285,3.649137,77.97866,99.60395,99.36063,77.38118
1987-05,100.647898217329,102.407732458165,100.8026,100.5494,3.560621,78.20484,99.63544,99.40002,77.58214
1987-06,100.765392288579,102.288164592858,100.8332,100.5704,3.497863,78.43166,99.6487,99.4166,77.78354
1987-07,100.840501091477,102.242208892429,100.8499,100.5819,3.441308,78.64805,99.65134,99.4199,77.98527
1987-08,100.982273416312,102.141929163184,100.8462,100.5794,3.373083,78.84886,99.6598,99.43048,78.18722
1987-09,101.118793667991,101.956905795952,100.8356,100.5721,3.311853,79.04428,99.6898,99.468,78.38927
1987-10,101.141289410134,101.854515495339,100.8111,100.5553,3.273783,79.22878,99.74648,99.5389,78.59129
1987-11,101.173861453464,101.931672355941,100.7927,100.5426,3.28115,79.41776,99.82796,99.64082,78.79316
1987-12,101.28015455362,102.103908849549,100.7986,100.5466,3.316965,79.62556,99.92693,99.7646,78.99474
1988-01,101.385646441154,102.161537285422,100.8437,100.5777,3.351488,79.86408,100.0304,99.89395,79.19588
1988-02,101.427141972524,102.157350264408,100.9226,100.6319,3.383557,80.12896,100.1258,100.0133,79.39645
1988-03,101.427836949262,102.135682929647,101.0328,100.7076,3.437774,80.41839,100.2073,100.1152,79.59631
1988-04,101.500961513275,102.163263651768,101.1744,100.8049,3.531415,80.73241,100.2819,100.2085,79.7953
1988-05,101.713668390085,102.084244721873,101.3478,100.924,3.665511,81.07145,100.3615,100.3082,79.9933
1988-06,101.893537853687,102.105885905496,101.5441,101.0589,3.820793,81.42837,100.4555,100.4257,80.19015
1988-07,102.017723205391,102.157654439709,101.7489,101.1997,3.996966,81.79159,100.5625,100.5595,80.38571
1988-08,102.213637016916,102.322866140516,101.9588,101.3439,4.197139,82.15826,100.6749,100.7001,80.57985
1988-09,102.514395307559,102.626934883575,102.1651,101.4856,4.398664,82.52117,100.7821,100.8342,80.77241
1988-10,102.738135277123,102.898824567566,102.3184,101.591,4.558323,82.84029,100.8735,100.9484,80.96326
1988-11,102.819201988716,103.053580983034,102.3828,101.6352,4.618804,83.08591,100.9399,101.0315,81.15225
1988-12,102.810103032551,102.980424113456,102.3433,101.6081,4.545969,83.24531,100.9765,101.0773,81.33929
1989-01,102.755302887687,102.734619354078,102.2233,101.5256,4.348169,83.33671,100.9871,101.0906,81.52422
1989-02,102.61004402484,102.290670411366,102.0516,101.4077,4.061328,83.38326,100.9806,101.0825,81.70693
1989-03,102.340285977922,101.788124062386,101.8792,101.2892,3.740133,83.42615,100.9686,101.0675,81.88733
1989-04,102.128149442454,101.415582149796,101.7544,101.2034,3.434315,83.50502,100.965,101.0629,82.0653
1989-05,101.979636731265,101.326647318925,101.694,101.1619,3.160705,83.63388,100.9822,101.0845,82.24074
1989-06,101.936768309958,101.505855311003,101.6977,101.1645,2.928182,83.81274,101.0278,101.1415,82.41357
1989-07,101.940215639166,101.830946129851,101.7465,101.198,2.73184,84.026,101.0983,101.2297,82.58369
1989-08,101.872169595855,102.160292691573,101.7932,101.2301,2.527663,84.23494,101.1847,101.3378,82.75102
1989-09,101.733448850813,102.487755960904,101.7996,101.2345,2.286096,84.40768,101.2749,101.4506,82.9155
1989-10,101.6513606764,102.640002053657,101.7907,101.2283,2.08158,84.56467,101.3559,101.5518,83.07705
1989-11,101.687402895974,102.668957900179,101.7834,101.2234,1.966813,84.72006,101.4157,101.6267,83.23562
1989-12,101.814027896066,102.646237824244,101.7905,101.2282,1.968836,84.88428,101.4463,101.6649,83.39115
1990-01,101.803368862352,102.687515024882,101.8061,101.239,2.058927,85.05254,101.4476,101.6666,83.54362
1990-02,101.642281899649,102.815259667257,101.8075,101.2399,2.185672,85.20574,101.4228,101.6356,83.69301
1990-03,101.512912447842,102.890798017844,101.7887,101.227,2.292763,85.33891,101.3747,101.5754,83.83929
1990-04,101.366976197831,102.966513757249,101.7427,101.1954,2.324406,85.44601,101.3052,101.4884,83.98246
1990-05,101.085221161114,102.83701833114,101.6484,101.1306,2.242333,85.50923,101.2143,101.3748,84.12253
1990-06,100.743734390936,102.603363151092,101.5008,101.0292,2.041908,85.52412,101.1013,101.2334,84.25951
1990-07,100.474400370038,102.24259807298,101.3116,100.8992,1.754637,85.50035,100.967,101.0655,84.39343
1990-08,100.370044822994,101.814762912845,101.0872,100.7449,1.434473,85.44327,100.8162,100.8769,84.52433
1990-09,100.332472088148,101.290379241466,100.8289,100.5675,1.121034,85.35392,100.6605,100.6821,84.65224
1990-10,100.176820664652,101.00494920867,100.5516,100.3769,0.8043624,85.24488,100.5233,100.5105,84.77723
1990-11,99.9399695073678,101.036801655096,100.2871,100.1952,0.4993277,85.14309,100.4301,100.3939,84.89934
1990-12,99.6299391102854,100.959248861446,100.0376,100.0237,0.1958841,85.05055,100.3966,100.3521,85.01862
1991-01,99.3122795748996,100.76862601244,99.82053,99.87457,-0.08252309,84.98236,100.4155,100.3757,85.13515
1991-02,99.1944063739199,100.721871012864,99.69118,99.78568,-0.2582371,84.98571,100.4695,100.4432,85.24898
1991-03,99.251129677653,101.153856038107,99.67408,99.77393,-0.3010925,85.08196,100.541,100.5327,85.36017
1991-04,99.3575738638743,101.404268638287,99.7347,99.81558,-0.2387229,85.24203,100.6202,100.6317,85.46879
1991-05,99.4130099207914,101.385401526301,99.82668,99.87879,-0.09663105,85.42661,100.702,100.734,85.57492
1991-06,99.4601058941929,101.33173997764,99.9251,99.94642,0.1056299,85.61446,100.7841,100.8367,85.67863
1991-07,99.5392129771835,101.312219323012,100.0077,100.0032,0.3347574,85.78657,100.864,100.9366,85.78
1991-08,99.5208990656512,101.363877489536,100.0579,100.0376,0.5682727,85.92882,100.9387,101.03,85.87913
1991-09,99.3879530886701,101.431384662833,100.0858,100.0568,0.8153632,86.04987,101.0048,101.1127,85.97611
1991-10,99.2536989200322,101.342048784684,100.1041,100.0694,1.074236,86.16061,101.0591,101.1806,86.07104
1991-11,99.1488762507272,101.218254334921,100.1266,100.0849,1.327235,86.27314,101.0968,101.2277,86.16403
1991-12,99.0957095220149,101.086852254385,100.155,100.1044,1.573586,86.38889,101.1108,101.2453,86.2552
1992-01,99.1224527413819,101.029618058868,100.201,100.136,1.807334,86.51827,101.0929,101.2229,86.34469
1992-02,99.1961857401227,101.048017277876,100.2254,100.1528,1.93175,86.62742,101.0346,101.1499,86.43262
1992-03,99.2562561895385,101.173766978502,100.1942,100.1313,1.886595,86.68711,100.9316,101.0212,86.51913
1992-04,99.245870764436,101.13047257629,100.086,100.057,1.685582,86.67886,100.7906,100.8448,86.60438
1992-05,99.157348855951,100.90113340322,99.88696,99.92022,1.36251,86.59055,100.6222,100.6342,86.68854
1992-06,98.9221375255201,100.584791460673,99.60078,99.72356,0.9471531,86.42535,100.4373,100.4029,86.77177
1992-07,98.5896112667137,100.279242958204,99.242,99.47703,0.4771237,86.19588,100.2452,100.1626,86.85424
1992-08,98.3064960845137,99.7841159800094,98.81978,99.1869,-0.02179598,85.91009,100.0529,99.9222,86.93613
1992-09,98.047543398465,99.0130736441101,98.3832,98.8869,-0.5103465,85.61072,99.8658,99.68813,87.01762
1992-10,97.8986452248757,98.5156047447192,97.96531,98.59975,-0.9678839,85.32668,99.68713,99.46467,87.09888
1992-11,97.7590734338842,98.5149279166283,97.58369,98.33752,-1.39046,85.07355,99.51898,99.25436,87.18008
1992-12,97.6257947030717,98.5255596167529,97.24844,98.10715,-1.769361,84.86036,99.36195,99.05796,87.26141
1993-01,97.6126718373225,98.4472011834857,96.96313,97.9111,-2.112547,84.69054,99.21435,98.87334,87.34303
1993-02,97.7226310862431,98.3141341589778,96.72578,97.74801,-2.383559,84.56261,99.07412,98.69795,87.42509
1993-03,97.8607850099121,98.2669240656975,96.55329,97.62948,-2.53265,84.49163,98.94018,98.53043,87.50777
1993-04,97.889982627764,98.3921871249897,96.43826,97.55043,-2.546683,84.47142,98.81314,98.37154,87.59119
1993-05,97.8838595260964,98.7164730220016,96.37592,97.50759,-2.416506,84.49809,98.69636,98.22547,87.67551
1993-06,97.8568992979559,98.8143652046192,96.35371,97.49234,-2.157357,84.56085,98.59646,98.10053,87.76086
1993-07,97.8758808070456,98.9240328520211,96.39798,97.52276,-1.755087,84.68307,98.52314,98.00883,87.84734
1993-08,98.0116068714083,98.8361194533297,96.51644,97.60416,-1.208577,84.8718,98.48636,97.96283,87.93507
1993-09,98.3048764454456,98.5839850855232,96.7198,97.7439,-0.5536018,85.13677,98.49164,97.96942,88.02414
1993-10,98.6608511733381,98.5316198121271,96.99456,97.9327,0.1637383,85.46639,98.5326,98.02066,88.11462
1993-11,99.0071750817491,98.5059041555813,97.31977,98.15617,0.9038085,85.84245,98.59888,98.10356,88.20659
1993-12,99.2238797208684,98.8355299451895,97.7052,98.42101,1.665573,86.27377,98.68125,98.20658,88.30009
1994-01,99.5042367738955,99.3368330707571,98.14175,98.72099,2.434767,86.75255,98.77487,98.32367,88.39515
1994-02,99.8973124756591,99.8907322750057,98.64458,99.06651,3.228113,87.29238,98.87828,98.45301,88.49182
1994-03,100.25330519296,100.448035647371,99.19245,99.44298,4.004023,87.87469,98.99149,98.59461,88.5901
1994-04,100.52259993181,101.088805695829,99.75381,99.82872,4.735614,88.47166,99.11323,98.74687,88.69001
1994-05,100.715748106851,101.518383302885,100.2918,100.1984,5.387735,89.05061,99.2422,98.90818,88.79154
1994-06,100.950145289227,101.759800885971,100.796,100.5449,5.961905,89.60229,99.37761,99.07755,88.89468
1994-07,101.332114575991,101.724204790392,101.2431,100.8521,6.403524,90.10577,99.51906,99.25445,88.99941
1994-08,101.722509407739,101.609365646491,101.6292,101.1174,6.699075,90.55743,99.66603,99.43827,89.10571
1994-09,102.076967108625,101.455328510037,101.9247,101.3205,6.805419,90.93069,99.81686,99.62693,89.21355
1994-10,102.386532850226,101.285915670308,102.161,101.4828,6.770823,91.25317,99.96716,99.8149,89.32289
1994-11,102.594035510699,101.289427450717,102.3555,101.6165,6.637601,91.54033,100.1101,99.99371,89.4337
1994-12,102.67572596436,101.534772757536,102.4968,101.7136,6.384306,91.78175,100.2369,100.1523,89.54594
1995-01,102.659469054577,101.834638978593,102.5756,101.7677,6.012803,91.96881,100.3373,100.2778,89.65958
1995-02,102.708562537916,101.820110646584,102.5936,101.7801,5.510913,92.10299,100.4031,100.3601,89.77456
1995-03,102.671558418292,101.600695128393,102.5807,101.7712,4.934292,92.21069,100.4333,100.3979,89.89086
1995-04,102.604929201498,101.698859964568,102.5781,101.7694,4.359905,92.32894,100.4415,100.4081,90.00845
1995-05,102.539238454791,101.90960151448,102.5818,101.772,3.82206,92.45419,100.4462,100.4141,90.1273
1995-06,102.500631097009,102.055517373812,102.5571,101.755,3.295505,92.55514,100.4628,100.4348,90.24738
1995-07,102.41101474747,102.122692458955,102.4605,101.6886,2.759451,92.59219,100.4948,100.4748,90.36868
1995-08,102.156759701541,102.088119483495,102.277,101.5625,2.20212,92.55161,100.5387,100.5297,90.49116
1995-09,101.843824677982,101.985842193959,102.0152,101.3826,1.660819,92.44088,100.5863,100.5893,90.61481
1995-10,101.525391053673,101.834873688564,101.7036,101.1685,1.131243,92.28547,100.6271,100.6403,90.73961
1995-11,101.228918018241,101.661482714225,101.3462,100.9229,0.5991056,92.08875,100.6497,100.6686,90.86555
1995-12,100.973650020538,101.436852858526,100.9421,100.6452,0.07417387,91.84983,100.6451,100.6628,90.99261
1996-01,100.570561610658,101.277137188246,100.5041,100.3443,-0.4226222,91.58013,100.6099,100.6189,91.12081
1996-02,100.073227453233,101.214805814035,100.0759,100.05,-0.850785,91.31939,100.5443,100.5368,91.25014
1996-03,99.7144751616727,101.30503423235,99.6951,99.78838,-1.202354,91.10199,100.451,100.42,91.38061
1996-04,99.4858946132222,101.60804370713,99.38203,99.57326,-1.497075,90.94671,100.337,100.2774,91.51222
1996-05,99.3461271516051,102.072209187301,99.14148,99.40795,-1.726239,90.8582,100.2098,100.1183,91.645
1996-06,99.2839367376698,102.284377160356,98.95261,99.27817,-1.877231,90.81767,100.0744,99.94909,91.77895
1996-07,99.2322827776362,102.125574067622,98.79237,99.16806,-1.93113,90.80412,99.93217,99.77115,91.9141
1996-08,99.2057420814871,101.798811308796,98.6489,99.06947,-1.885274,90.80676,99.78381,99.58559,92.05045
1996-09,99.2167460429805,101.347960394431,98.51587,98.97807,-1.75359,90.81985,99.63408,99.39832,92.18803
1996-10,99.272028718015,100.904524712231,98.40892,98.90458,-1.546946,90.85786,99.49599,99.22559,92.32685
1996-11,99.3164839364628,100.71187181458,98.35314,98.86625,-1.242962,90.94412,99.38668,99.08888,92.46692
1996-12,99.4938551138539,100.795422839607,98.37982,98.88458,-0.8078543,91.10782,99.32246,99.00855,92.60824
1997-01,99.7712612373182,100.941996095416,98.49851,98.96614,-0.2423787,91.35816,99.31173,98.99514,92.7508
1997-02,99.927335085999,100.909556341011,98.67583,99.08799,0.3779503,91.66453,99.35777,99.05273,92.89461
1997-03,100.012086243267,100.733923821494,98.89352,99.23757,0.9968829,92.01017,99.45747,99.17743,93.03963
1997-04,100.175780939147,100.62789570159,99.15884,99.41989,1.600167,92.40201,99.59587,99.35052,93.18584
1997-05,100.46382042192,100.650268965797,99.44443,99.61613,2.153336,92.81468,99.75552,99.55019,93.33322
1997-06,100.788463042265,100.758541209932,99.73259,99.81414,2.658151,93.23174,99.92297,99.75964,93.48171
1997-07,101.077127728335,101.159828675406,100.0221,100.0131,3.136295,93.652,100.0937,99.97321,93.63129
1997-08,101.218584925459,101.589329729019,100.2881,100.1959,3.573935,94.05213,100.2643,100.1866,93.78191
1997-09,101.346051647943,101.815601979501,100.5273,100.3602,3.973744,94.42879,100.424,100.3863,93.93352
1997-10,101.379761795228,101.744334507449,100.7039,100.4816,4.282009,94.7484,100.5464,100.5394,94.08608
1997-11,101.350888696145,101.778676226736,100.8288,100.5674,4.482423,95.02062,100.6031,100.6103,94.23956
1997-12,101.397927579415,101.770629461128,100.9027,100.6182,4.542119,95.24605,100.58,100.5814,94.39392
1998-01,101.539781421577,101.893272807017,100.934,100.6397,4.459401,95.43219,100.4979,100.4787,94.54913
1998-02,101.613675754828,101.955552630425,100.9116,100.6243,4.258919,95.56845,100.3903,100.3441,94.70515
1998-03,101.554601473819,101.972894989718,100.8151,100.558,3.939785,95.63518,100.2846,100.2119,94.86198
1998-04,101.396652046862,102.02493481967,100.6556,100.4484,3.507045,95.64259,100.1863,100.089,95.01961
1998-05,101.16658839913,102.024864258754,100.4588,100.3132,3.016785,95.61471,100.088,99.96606,95.17799
1998-06,100.996649412944,101.907365796777,100.2523,100.1713,2.516266,95.57769,99.97823,99.82875,95.33712
1998-07,100.797902146524,101.788664820868,100.0592,100.0386,2.030456,95.55356,99.85004,99.66842,95.49698
1998-08,100.460273437954,101.764064107322,99.88702,99.92026,1.592025,95.54946,99.70202,99.48329,95.65753
1998-09,100.036250862715,101.97331746916,99.74166,99.82037,1.20984,95.57124,99.54041,99.28115,95.81877
1998-10,99.7625389555334,102.278602835369,99.62624,99.74107,0.9219533,95.62193,99.38263,99.08382,95.98067
1998-11,99.7167200321621,102.508551180076,99.55664,99.69323,0.7327917,95.71693,99.24881,98.91644,96.14319
1998-12,99.6847157564924,102.606243447348,99.53426,99.67786,0.6422456,95.85776,99.15307,98.7967,96.3063
1999-01,99.6429490217764,102.612571519908,99.54949,99.68832,0.6320216,96.03534,99.09321,98.72183,96.46995
1999-02,99.6248388284914,102.355236638441,99.55433,99.69164,0.6643969,96.20341,99.06109,98.68166,96.63408
1999-03,99.7023817834906,101.949030948402,99.57393,99.70512,0.7852923,96.38619,99.05022,98.66805,96.79862
1999-04,99.8537992043738,101.626553754649,99.62296,99.73881,0.9988508,96.59792,99.0614,98.68205,96.96351
1999-05,100.201966651208,101.557816599582,99.74568,99.82314,1.325029,96.88163,99.10043,98.73085,97.12865
1999-06,100.62225556338,101.746101830066,99.92992,99.94974,1.724326,97.22576,99.1741,98.82301,97.29394
1999-07,100.920986623965,101.856726774896,100.1429,100.0961,2.140144,97.59855,99.28445,98.96103,97.45928
1999-08,101.122317365443,101.935323096347,100.3779,100.2576,2.557881,97.99351,99.43037,99.14352,97.62456
1999-09,101.335020506924,102.05723886774,100.6355,100.4346,2.971447,98.41108,99.60665,99.36401,97.78964
1999-10,101.581245830449,102.275605916173,100.8859,100.6066,3.346714,98.82213,99.80045,99.6064,97.95439
1999-11,101.824557981774,102.47276038695,101.1031,100.7559,3.639957,99.20098,99.99658,99.85171,98.11868
1999-12,102.069776251345,102.701812642867,101.2785,100.8764,3.84023,99.53892,100.1816,100.0831,98.28236
2000-01,102.285171820777,102.909501800903,101.421,100.9743,3.966065,99.84416,100.3478,100.291,98.44527
2000-02,102.42808305333,102.840461797195,101.5364,101.0537,4.07359,100.1223,100.4916,100.4708,98.6073
2000-03,102.545492411193,102.656105818482,101.6297,101.1177,4.141355,100.3779,100.6133,100.6231,98.76827
2000-04,102.616068914045,102.49705668646,101.6951,101.1627,4.148168,100.605,100.7189,100.7551,98.92807
2000-05,102.658453414555,102.347538866358,101.7258,101.1838,4.040952,100.7966,100.817,100.8779,99.08655
2000-06,102.630589477754,102.354409584033,101.7415,101.1945,3.853016,100.9719,100.9182,101.0044,99.24358
2000-07,102.567894587221,102.443403362519,101.7563,101.2047,3.633459,101.1448,101.0339,101.1491,99.39904
2000-08,102.445614684073,102.498906953601,101.7549,101.2038,3.374074,101.2999,101.1722,101.3221,99.55281
2000-09,102.361889528635,102.461611208562,101.7063,101.1704,3.043338,101.4061,101.3321,101.522,99.70478
2000-10,102.283874881302,102.592971457231,101.6289,101.1172,2.690997,101.4814,101.496,101.7271,99.85485
2000-11,102.206699202433,102.605938670996,101.5059,101.0327,2.326494,101.5089,101.6391,101.906,100.0029
2000-12,102.050922592986,102.626809445402,101.3447,100.9219,1.965793,101.4956,101.7369,102.0284,100.1489
2001-01,101.709619855608,102.595658174484,101.1246,100.7707,1.578952,101.4207,101.776,102.0772,100.2927
2001-02,101.309481266319,102.538766582315,100.8818,100.6038,1.196186,101.32,101.7497,102.0444,100.4344
2001-03,101.010448191802,102.57311132974,100.6441,100.4405,0.8405354,101.2216,101.6591,101.931,100.5738
2001-04,100.894277176386,102.749946293137,100.4253,100.2901,0.5310982,101.1393,101.5175,101.754,100.711
2001-05,100.887415294276,103.100448809514,100.2392,100.1623,0.2882861,101.0872,101.3426,101.5352,100.8459
2001-06,100.832032238297,103.43222104894,100.0575,100.0374,0.06411944,101.0366,101.1512,101.2958,100.9786
2001-07,100.673437908697,103.565388110067,99.86143,99.90267,-0.173792,100.969,100.9573,101.0533,101.1091
2001-08,100.319863453544,103.427444407533,99.6533,99.75965,-0.4081972,100.8864,100.7721,100.8216,101.2374
2001-09,99.7709629805355,103.080068595902,99.45962,99.62656,-0.5821095,100.8158,100.6041,100.6115,101.3635
2001-10,99.4864343210511,102.723748951309,99.34468,99.54758,-0.6492997,100.8225,100.4592,100.4303,101.4876
2001-11,99.5957980118234,102.485222235377,99.34209,99.54581,-0.5593437,100.9411,100.3418,100.2834,101.6096
2001-12,99.9271387032708,102.61381135474,99.44114,99.61387,-0.3296015,101.1611,100.2539,100.1735,101.7296
2002-01,100.258852882118,102.813387494953,99.59351,99.71857,0.01291678,101.4338,100.1932,100.0976,101.8477
2002-02,100.650345771169,102.860363598095,99.75041,99.82639,0.3844378,101.7095,100.1558,100.0508,101.964
2002-03,100.899668825982,102.697418528499,99.87769,99.91385,0.7231426,101.9536,100.1368,100.027,102.0784
2002-04,100.964527525948,102.386520969611,99.95139,99.96449,0.9908695,102.1414,100.1297,100.0182,102.1911
2002-05,100.938652952855,102.111892508522,99.98423,99.98705,1.185921,102.286,100.1285,100.0167,102.3021
2002-06,100.806387384219,101.904304582965,99.98427,99.98708,1.344788,102.3954,100.1284,100.0165,102.4115
2002-07,100.66416088197,101.755724957332,99.94875,99.96268,1.483396,102.4667,100.1267,100.0144,102.5193
2002-08,100.581923301042,101.560269006468,99.8726,99.91035,1.594335,102.4948,100.1207,100.0069,102.6256
2002-09,100.715278173837,101.34277033383,99.75919,99.83241,1.653812,102.4831,100.1056,99.98803,102.7305
2002-10,100.740729008827,101.187600080582,99.61829,99.7356,1.605708,102.4414,100.0729,99.94718,102.834
2002-11,100.730427113478,101.002883307219,99.47174,99.6349,1.437747,102.3924,100.0139,99.87334,102.9361
2002-12,100.720470419194,100.728996575172,99.31717,99.52868,1.15895,102.3335,99.92398,99.7609,103.0371
2003-01,100.766344303343,100.576612048525,99.16671,99.42529,0.831744,102.2774,99.80972,99.618,103.1368
2003-02,100.757276267948,100.500674300746,99.01386,99.32027,0.4994208,102.2175,99.68252,99.4589,103.2355
2003-03,100.641195615586,100.379448505513,98.87567,99.2253,0.2135342,102.1713,99.5546,99.29892,103.3331
2003-04,100.433801484783,100.357094826265,98.78056,99.15995,0.02641647,102.1684,99.43591,99.15046,103.4297
2003-05,100.214273031241,100.431620927888,98.72405,99.12112,-0.07975601,102.2044,99.33531,99.02464,103.5253
2003-06,100.061829998604,100.557226648499,98.70918,99.11089,-0.1102213,102.2825,99.26139,98.93218,103.62
2003-07,100.004427611949,100.543114233646,98.73718,99.13014,-0.06102525,102.4042,99.22182,98.8827,103.7139
2003-08,100.156153301534,100.487819563413,98.8217,99.18822,0.08679646,102.5838,99.22202,98.88294,103.807
2003-09,100.338286131602,100.500024261325,98.96581,99.28725,0.3333205,102.8247,99.26121,98.93195,103.8992
2003-10,100.469238230886,100.513877386991,99.13409,99.40289,0.6332498,103.0901,99.32577,99.0127,103.9906
2003-11,100.487746124784,100.436772723252,99.28369,99.50568,0.9212447,103.3357,99.39794,99.10297,104.0812
2003-12,100.372381724982,100.295477635577,99.39211,99.58018,1.176763,103.5377,99.46281,99.1841,104.171
2004-01,100.303600142258,100.153255750743,99.44236,99.61471,1.369946,103.6786,99.51468,99.24898,104.26
2004-02,100.342761128433,100.011189066911,99.45271,99.62183,1.525716,103.777,99.55264,99.29645,104.3481
2004-03,100.470818041308,99.9770635026392,99.44118,99.61389,1.644737,103.8517,99.5769,99.32679,104.4353
2004-04,100.624388402953,99.9808169538813,99.43806,99.61175,1.728443,103.9343,99.5863,99.33855,104.5217
2004-05,100.703113766848,100.048637835851,99.46211,99.62828,1.800359,104.0444,99.57931,99.32981,104.6071
2004-06,100.732061842961,100.21922063925,99.52698,99.67285,1.871118,104.1963,99.55618,99.30088,104.6915
2004-07,100.722815898287,100.289299399057,99.6154,99.73361,1.921587,104.372,99.52225,99.25845,104.775
2004-08,100.71975822519,100.362983823912,99.73014,99.81245,1.940394,104.5743,99.48407,99.21069,104.8573
2004-09,100.688945614949,100.488380230358,99.85662,99.89937,1.909446,104.788,99.44617,99.16329,104.9385
2004-10,100.671630119762,100.663898110525,99.96767,99.97568,1.83766,104.9846,99.40839,99.11604,105.0185
2004-11,100.589377029627,100.712853725676,100.0247,100.0149,1.729884,105.1233,99.37026,99.06835,105.0973
2004-12,100.456982383107,100.69455283794,100.0117,100.006,1.592959,105.1871,99.33541,99.02476,105.1747
2005-01,100.329309277447,100.722016774277,99.92239,99.94456,1.437555,105.169,99.31611,99.00062,105.2507
2005-02,100.177895263943,100.793637664971,99.77503,99.84331,1.263479,105.0882,99.32668,99.01385,105.3251
2005-03,99.9734865269201,100.765714507294,99.59412,99.71899,1.077004,104.9702,99.37598,99.0755,105.398
2005-04,99.7772666616809,100.600796244941,99.38953,99.57841,0.8571991,104.8253,99.45769,99.1777,105.4691
2005-05,99.7045244692595,100.235622940641,99.21239,99.45668,0.6369607,104.7072,99.55816,99.30335,105.5384
2005-06,99.7898550260528,99.93268968775,99.11632,99.39066,0.4569582,104.6725,99.66192,99.43314,105.6057
2005-07,100.059901876242,99.8721736534144,99.12521,99.39677,0.358782,104.7465,99.756,99.55081,105.6709
2005-08,100.387841239433,99.9482577120967,99.21926,99.4614,0.3193576,104.9083,99.83093,99.64452,105.7338
2005-09,100.644631809426,100.096283121682,99.37519,99.56855,0.329523,105.1334,99.88249,99.70901,105.7944
2005-10,100.807418348876,100.349983785681,99.56738,99.70061,0.3904223,105.3945,99.9151,99.7498,105.8524
2005-11,100.928435752668,100.480151530229,99.78887,99.85281,0.5335922,105.6842,99.93771,99.77808,105.9078
2005-12,101.062500361814,100.514181701224,100.0335,100.0209,0.7689486,105.9959,99.96126,99.80753,105.9604
2006-01,101.236270413013,100.499250763068,100.2853,100.1939,1.087179,106.3124,99.997,99.85223,106.01
2006-02,101.404459282854,100.628268112738,100.5202,100.3554,1.446386,106.6082,100.0548,99.92455,106.0565
2006-03,101.561945305547,100.828188391107,100.7405,100.5068,1.824525,106.8854,100.1408,100.0321,106.0997
2006-04,101.695953374219,100.950958103394,100.9558,100.6547,2.221605,107.1541,100.2536,100.1731,106.1396
2006-05,101.779032007131,101.026877631816,101.1503,100.7883,2.569125,107.3972,100.389,100.3426,106.1759
2006-06,101.815600985705,101.008513202407,101.3195,100.9046,2.806312,107.6099,100.5438,100.5362,106.2084
2006-07,101.743826412718,101.121395983436,101.486,101.019,2.930347,107.8159,100.717,100.7528,106.2372
2006-08,101.699977911559,101.215794910382,101.6613,101.1395,2.973058,108.0273,100.9065,100.9897,106.2619
2006-09,101.714045476927,101.320425509339,101.8312,101.2562,2.944289,108.2288,101.1039,101.2367,106.2825
2006-10,101.723495358214,101.254750664118,101.9942,101.3682,2.869445,108.4187,101.2893,101.4685,106.2989
2006-11,101.694619274151,101.297596278428,102.157,101.4801,2.762782,108.604,101.4401,101.6572,106.3109
2006-12,101.673269767094,101.426252531606,102.3172,101.5902,2.628479,108.782,101.5428,101.7856,106.3183
2007-01,101.678319507061,101.300291928484,102.4439,101.6772,2.452436,108.9196,101.6057,101.8642,106.3213
2007-02,101.783196034353,101.172795949119,102.5595,101.7566,2.281783,109.0407,101.6465,101.9153,106.3195
2007-03,101.915230004003,101.029760077359,102.6524,101.8205,2.102681,109.1329,101.6821,101.9599,106.3131
2007-04,101.961426982961,100.74425344439,102.6949,101.8497,1.878179,109.1666,101.7203,102.0076,106.3019
2007-05,101.832035496032,100.432764013909,102.6838,101.8421,1.621229,109.1384,101.7626,102.0606,106.2859
2007-06,101.624998371395,100.1541046032,102.6266,101.8028,1.344098,109.0563,101.8081,102.1174,106.2651
2007-07,101.439371740819,100.060920328546,102.5393,101.7428,1.040071,108.9373,101.8557,102.1769,106.2395
2007-08,101.311528604249,100.011756411514,102.4491,101.6808,0.7248893,108.8104,101.9068,102.2408,106.2092
2007-09,101.220229753692,99.9842064237349,102.3693,101.626,0.4258768,108.6897,101.967,102.3162,106.1741
2007-10,101.184374291998,99.9107668905147,102.2899,101.5714,0.1346864,108.5647,102.0485,102.4182,106.1344
2007-11,101.173742776722,99.7330509427945,102.1897,101.5026,-0.1757249,108.4132,102.1603,102.5579,106.0901
2007-12,101.159898990712,99.5285551787231,102.0839,101.4298,-0.4880772,108.251,102.2976,102.7297,106.0412
2008-01,101.096728839599,99.3417479770747,102.0116,101.3802,-0.734044,108.1201,102.4294,102.8944,105.988
2008-02,100.979423064486,99.281910604612,101.9428,101.3329,-0.9649526,107.9886,102.5134,102.9995,105.9306
2008-03,100.802323230815,99.3099894550772,101.8438,101.2649,-1.202028,107.8211,102.513,102.999,105.869
2008-04,100.600995959029,99.4584154067178,101.6832,101.1545,-1.449287,107.5845,102.4171,102.8791,105.8036
2008-05,100.448777051541,99.5363883300496,101.409,100.9661,-1.753866,107.2242,102.2252,102.6391,105.7344
2008-06,100.251848424457,99.248087777988,101.0102,100.692,-2.13391,106.7291,101.939,102.2812,105.6618
2008-07,100.021827486196,98.9412736520072,100.4933,100.3369,-2.59825,106.1068,101.5612,101.8086,105.5859
2008-08,99.7717695867407,99.1223404930648,99.8616,99.90279,-3.170003,105.3611,101.0953,101.2259,105.5071
2008-09,99.3700312336216,99.5099393912569,99.12388,99.39586,-3.85293,104.502,100.5518,100.5462,105.4256
2008-10,98.6850038291269,99.7071483984289,98.29852,98.82872,-4.619653,103.5494,99.96085,99.80701,105.3418
2008-11,97.8062963167273,99.613783555298,97.47817,98.26501,-5.360668,102.6015,99.36159,99.0575,105.2559
2008-12,97.052678685459,99.4958265260527,96.80152,97.80005,-5.95527,101.8044,98.79596,98.35005,105.1682
2009-01,96.586899535447,99.4655251654089,96.34338,97.48524,-6.366479,101.2367,98.30289,97.73336,105.079
2009-02,96.3568030290401,99.4926958911472,96.11224,97.32641,-6.557776,100.9069,97.91673,97.25037,104.9886
2009-03,96.3805523341256,99.5416797014649,96.117,97.32967,-6.489415,100.8241,97.66058,96.93,104.8973
2009-04,96.7209388793835,99.7308170984779,96.35036,97.49003,-6.138677,100.9802,97.53214,96.76936,104.8052
2009-05,97.1456605624818,99.9368366436,96.77084,97.77897,-5.495889,101.3313,97.51795,96.75161,104.7126
2009-06,97.4941117227132,100.16565450825,97.31406,98.15224,-4.609258,101.8097,97.59818,96.85194,104.6197
2009-07,97.8244211957692,100.426345921261,97.89652,98.55248,-3.561426,102.3279,97.74299,97.03307,104.5266
2009-08,98.1552790068569,100.688972953471,98.46665,98.94424,-2.400356,102.832,97.92323,97.2585,104.4334
2009-09,98.4365530754701,100.943857074835,99.01553,99.3214,-1.137793,103.313,98.1165,97.50023,104.3401
2009-10,98.6698206710435,101.20558876399,99.49641,99.65184,0.1667217,103.7221,98.31097,97.74346,104.247
2009-11,98.8678352866009,101.364798043597,99.88059,99.91584,1.392006,104.0297,98.50274,97.98331,104.1541
2009-12,99.1071389121178,101.193059432958,100.1586,100.1069,2.379026,104.2263,98.6931,98.22141,104.0613
2010-01,99.3751863456389,100.74361961613,100.3425,100.2332,3.050444,104.3248,98.88601,98.46268,103.9687
2010-02,99.6018751278051,100.229835746615,100.459,100.3133,3.415294,104.3532,99.08582,98.71259,103.8764
2010-03,99.7827021395086,99.9146783164663,100.54,100.3689,3.491791,104.3447,99.29488,98.97406,103.7843
2010-04,99.9777694530971,99.6912867796052,100.6221,100.4253,3.324634,104.3374,99.51054,99.2438,103.6924
2010-05,100.191142556236,99.3181359894386,100.7149,100.4891,2.970447,104.3413,99.72836,99.51624,103.6007
2010-06,100.341292436124,98.9890553700221,100.8455,100.5788,2.528792,104.3842,99.94475,99.78688,103.5091
2010-07,100.453972816424,98.8798061167356,101.0345,100.7087,2.110537,104.4875,100.1596,100.0556,103.4177
2010-08,100.527116586264,98.9705521963339,101.2911,100.8851,1.778103,104.6605,100.3744,100.3242,103.3264
2010-09,100.583664817741,99.0751186077022,101.5841,101.0864,1.507595,104.8705,100.5902,100.5941,103.2352
2010-10,100.658608231649,99.0968729365601,101.8669,101.2807,1.299125,105.0695,100.806,100.8641,103.144
2010-11,100.757485274896,99.1374682575106,102.1093,101.4473,1.15038,105.2264,101.0186,101.13,103.0528
2010-12,100.901809177719,99.1551248350568,102.3009,101.5789,1.059513,105.3306,101.2222,101.3846,102.9616
2011-01,100.985051983772,98.8973711384739,102.4127,101.6558,0.9849521,105.3524,101.4089,101.6181,102.8704
2011-02,100.959339442906,98.629969861223,102.449,101.6807,0.903832,105.2964,101.569,101.8184,102.7793
2011-03,100.932763911817,98.3547887146258,102.4143,101.6569,0.7883111,105.1672,101.693,101.9734,102.6881
2011-04,100.909217025976,98.1305290334693,102.3067,101.583,0.6001301,104.9636,101.7751,102.0761,102.597
2011-05,100.814965230712,98.0546066166547,102.1365,101.466,0.3399163,104.696,101.8108,102.1208,102.5059
2011-06,100.597428211517,98.1407837740509,101.8991,101.3028,-0.02328889,104.3599,101.7969,102.1034,102.415
2011-07,100.319430689307,98.0484641090063,101.5925,101.0921,-0.5108478,103.9538,101.7349,102.0259,102.3243
2011-08,100.030674335117,97.8764162787985,101.2231,100.8383,-1.123781,103.4843,101.628,101.8921,102.2339
2011-09,99.7147164966973,97.6951567119589,100.8078,100.553,-1.813123,102.9691,101.4807,101.708,102.144
2011-10,99.5175413171399,97.559015453417,100.3953,100.2696,-2.485537,102.458,101.3026,101.4852,102.0545
2011-11,99.3713873642958,97.6074047388094,100.0096,100.0045,-3.089405,101.9756,101.1046,101.2376,101.9658
2011-12,99.2370617370052,97.4543776560615,99.63006,99.74368,-3.635888,101.5009,100.8984,100.9796,101.8778
2012-01,99.1748624734858,97.340103747966,99.2545,99.48562,-4.10088,101.032,100.6963,100.7268,101.7909
2012-02,99.1027464563382,97.4039951770857,98.90891,99.24815,-4.464575,100.5953,100.5096,100.4933,101.705
2012-03,98.9939454560884,97.2123800219515,98.58026,99.02231,-4.744366,100.1777,100.3455,100.2881,101.6205
2012-04,98.8287116772038,96.5211844374342,98.25964,98.802,-4.947719,99.77029,100.2039,100.111,101.5374
2012-05,98.6880724494521,96.0008210934215,97.98909,98.61609,-5.043365,99.41576,100.0804,99.95657,101.456
2012-06,98.6783230645235,95.9009462818725,97.78948,98.47893,-5.006284,99.13538,99.96822,99.81623,101.3763
2012-07,98.6503693548241,96.1708682981735,97.66149,98.39098,-4.832921,98.92977,99.85818,99.67861,101.2987
2012-08,98.6458200362545,96.4794312601551,97.58526,98.3386,-4.54705,98.77885,99.74174,99.53296,101.2231
2012-09,98.6089679311901,96.5316937036883,97.53778,98.30597,-4.185427,98.65936,99.61324,99.37225,101.1499
2012-10,98.5869413026386,96.4802845534867,97.52724,98.29872,-3.785267,98.57968,99.47289,99.19672,101.0791
2012-11,98.6461854881738,96.2865400676747,97.55004,98.3144,-3.372683,98.53626,99.32584,99.01279,101.011
2012-12,98.7289801306815,96.1452042864707,97.60645,98.35316,-2.927571,98.52942,99.18213,98.83304,100.9456
2013-01,98.7597043906295,96.1982275628091,97.68996,98.41055,-2.453976,98.5527,99.05684,98.67635,100.8831
2013-02,98.7576443191477,96.3561383734195,97.79262,98.48108,-1.985344,98.59816,98.96574,98.56241,100.8237
2013-03,98.7460833625152,96.5116566842595,97.91618,98.56599,-1.507385,98.66766,98.91937,98.50441,100.7675
2013-04,98.7694087425325,96.8084017667382,98.07417,98.67456,-0.9976512,98.77493,98.91451,98.49833,100.7145
2013-05,98.9197187220463,97.0587552600425,98.28098,98.81667,-0.4841157,98.93448,98.94144,98.53201,100.6649
2013-06,99.1931267538007,97.3803443348582,98.52683,98.9856,0.001149263,99.13652,98.98791,98.59013,100.6188
2013-07,99.5200072076199,97.5190695732312,98.78493,99.16296,0.42898,99.35416,99.0407,98.65615,100.5762
2013-08,99.8376524431558,97.6207261250149,99.0416,99.33932,0.8046838,99.57371,99.08887,98.71642,100.5373
2013-09,100.10945746057,97.69232350684,99.28192,99.50446,1.136147,99.78028,99.12658,98.76357,100.502
2013-10,100.26306191615,97.5270927145082,99.47935,99.64013,1.3873,99.94728,99.15578,98.80009,100.4704
2013-11,100.400026989424,97.5127897590122,99.65074,99.7579,1.578572,100.0917,99.18179,98.83263,100.4425
2013-12,100.476721529768,97.5170705783652,99.79302,99.85567,1.706309,100.2106,99.20903,98.86669,100.4185
2014-01,100.49837577875,97.6217129258798,99.92621,99.94718,1.797462,100.3242,99.23685,98.90149,100.3982
2014-02,100.502572065344,98.0116808941058,100.0508,100.0328,1.860695,100.4328,99.26222,98.93322,100.3818
2014-03,100.507497939174,98.6571732538992,100.1589,100.1071,1.886164,100.5287,99.28208,98.95806,100.3692
2014-04,100.507749883909,99.2969467846757,100.2165,100.1467,1.825177,100.5777,99.29568,98.97507,100.3604
2014-05,100.469407443443,99.6193975041088,100.1922,100.1299,1.631181,100.5483,99.30299,98.98421,100.3554
2014-06,100.38996651272,99.422697062668,100.0826,100.0546,1.311947,100.4371,99.30328,98.98457,100.3543
2014-07,100.261450233745,98.9322699644365,99.91647,99.94049,0.9248391,100.273,99.29401,98.97298,100.3569
2014-08,100.104710999631,98.5175480533639,99.73666,99.81693,0.5274287,100.0989,99.27346,98.94727,100.3632
2014-09,100.02271518912,98.3558240220062,99.59863,99.72209,0.1904926,99.97035,99.24387,98.91027,100.3732
2014-10,100.026263605085,98.233709046524,99.51978,99.66791,-0.04247754,99.90482,99.21517,98.87437,100.3869
2014-11,100.085894667258,98.1621391090519,99.52337,99.67037,-0.1659462,99.92563,99.19969,98.85501,100.4042
2014-12,100.158428614047,98.2318533314087,99.616,99.73402,-0.1708984,100.0394,99.20664,98.8637,100.425
2015-01,100.27779952928,98.7382912409244,99.78525,99.85033,-0.09026524,100.2336,99.23544,98.89973,100.4493
2015-02,100.452428777628,99.5786052645401,99.99527,99.99464,0.03930307,100.4722,99.28075,98.9564,100.477
2015-03,100.666224560508,100.091850453595,100.1899,100.1284,0.1692257,100.6988,99.33569,99.02512,100.508
2015-04,100.794230521083,100.138454280966,100.3376,100.2299,0.3020855,100.8816,99.39373,99.0977,100.5422
2015-05,100.840219228119,99.960262750492,100.4246,100.2896,0.4557187,101.0065,99.45021,99.16834,100.5795
2015-06,100.838778833199,99.7873089352989,100.4783,100.3266,0.6610046,101.101,99.50356,99.23507,100.6198
2015-07,100.809324363679,99.7227042023273,100.5224,100.3568,0.91324,101.1888,99.55634,99.30107,100.6629
2015-08,100.81772335318,100.102237676764,100.5894,100.4029,1.202302,101.3024,99.61248,99.3713,100.7088
2015-09,100.870333531086,100.732407385524,100.7008,100.4795,1.493624,101.4635,99.67442,99.44877,100.7574
2015-10,100.905603833038,101.257469379771,100.8085,100.5534,1.720288,101.6235,99.7397,99.53042,100.8085
2015-11,100.861834694161,101.515823600713,100.8668,100.5935,1.81185,101.7361,99.80363,99.61039,100.8619
2015-12,100.762278218246,101.441570512191,100.866,100.5929,1.751399,101.7915,99.86151,99.68277,100.9175
2016-01,100.653583154383,101.312766499101,100.84,100.5751,1.586171,101.8235,99.91075,99.74435,100.9753
2016-02,100.569934592858,101.185749015664,100.7972,100.5457,1.361699,101.8404,99.95084,99.79449,101.0349
2016-03,100.566517484554,100.997276934341,100.7394,100.506,1.137183,101.8439,99.98373,99.83562,101.0964
2016-04,100.607563186892,100.798202685976,100.6649,100.4548,0.9422115,101.8321,100.0147,99.8744,101.1595
2016-05,100.644998116593,100.541989378466,100.5587,100.3818,0.7753904,101.7897,100.0498,99.91823,101.2241
2016-06,100.667675900685,100.417103366008,100.4443,100.3032,0.6321182,101.7401,100.0926,99.97186,101.2901
2016-07,100.648896137908,100.276653967119,100.3094,100.2105,0.4763969,101.6708,100.1419,100.0334,101.3572
2016-08,100.598958159088,99.9499251263349,100.1879,100.127,0.3095465,101.616,100.194,100.0986,101.4254
2016-09,100.568894481012,99.7027887832242,100.1052,100.0702,0.1356365,101.6012,100.2463,100.1641,101.4944
2016-10,100.580038314127,99.6845327953259,100.0879,100.0583,0.0295593,101.6535,100.2996,100.2307,101.5642
2016-11,100.639040931715,99.7750423186034,100.1302,100.0874,0.03022337,101.7669,100.356,100.3013,101.6346
2016-12,100.771866763461,99.8430287729373,100.2091,100.1416,0.1243614,101.9181,100.4174,100.378,101.7053
2017-01,100.949744468966,99.8954932964419,100.3045,100.2071,0.2581283,102.0863,100.4829,100.46,101.7764
2017-02,101.121850503811,99.8764219702454,100.4007,100.2732,0.4078559,102.2557,100.5509,100.545,101.8476
2017-03,101.278172356312,99.8542942725802,100.4887,100.3337,0.5625249,102.4168,100.6198,100.6312,101.9188
2017-04,101.367680366025,99.6678631064988,100.5736,100.3921,0.7294205,102.5749,100.6892,100.718,101.9899
2017-05,101.382746813506,99.4282284527277,100.6785,100.4641,0.9464675,102.7531,100.7591,100.8054,102.0606
2017-06,101.390008381729,99.3053135730918,100.8166,100.559,1.203885,102.9649,100.8294,100.8934,102.1309
2017-07,101.44006816415,99.5541903508684,101.0039,100.6877,1.530363,103.2268,100.8989,100.9803,102.2007
2017-08,101.560234096479,100.158048215234,101.2305,100.8434,1.881953,103.5283,100.9647,101.0626,102.2699
2017-09,101.67436655648,100.792626676907,101.4515,100.9953,2.187485,103.8237,101.022,101.1343,102.3383
2017-10,101.738499682795,101.182249374154,101.6414,101.1258,2.393539,104.0866,101.0635,101.1861,102.4058
2017-11,101.747079386072,101.345146528969,101.7773,101.2192,2.482828,104.2936,101.0818,101.2091,102.4723
2017-12,101.713969149326,101.390477899061,101.8357,101.2593,2.454926,104.4201,101.0736,101.1988,102.5378
2018-01,101.678916633553,101.328771958867,101.8013,101.2357,2.315727,104.4503,101.0442,101.1619,102.6021
2018-02,101.635339752238,101.319894835405,101.7023,101.1676,2.109632,104.413,101.0026,101.1099,102.6653
2018-03,101.565379187124,101.334801285809,101.5597,101.0696,1.867468,104.3294,100.9581,101.0543,102.7272
2018-04,101.468428960638,101.324393805859,101.3831,100.9483,1.593603,104.2095,100.9172,101.0032,102.7878
2018-05,101.355865456552,101.177952515399,101.1856,100.8126,1.278143,104.0664,100.8847,100.9625,102.8471
2018-06,101.24267348422,101.266815921827,100.988,100.6768,0.9292244,103.9217,100.8633,100.9357,102.905
2018-07,101.154685620436,101.390957322583,100.7895,100.5404,0.5304549,103.7743,100.8543,100.9245,102.9615
2018-08,101.07626478395,101.49003132404,100.6026,100.412,0.1052961,103.6373,100.8578,100.9289,103.0165
2018-09,101.008199481477,101.62588709745,100.4329,100.2953,-0.296007,103.5163,100.8728,100.9476,103.0702
2018-10,100.910707864156,101.670185064078,100.2758,100.1874,-0.6531129,103.4068,100.8961,100.9767,103.1224
2018-11,100.80159564781,101.56849608444,100.1269,100.0851,-0.9487934,103.304,100.9241,101.0118,103.1731
2018-12,100.673192023563,101.402658148393,99.97873,99.98328,-1.167942,103.2005,100.9538,101.0489,103.2225
2019-01,100.541276638631,101.225828712992,99.82124,99.87506,-1.306429,103.0858,100.9831,101.0855,103.2704
2019-02,100.453112749428,101.015013325129,99.67757,99.77633,-1.368774,102.9838,101.0102,101.1194,103.3169
2019-03,100.43880689981,100.821231392751,99.5676,99.70076,-1.355607,102.9151,101.0321,101.1469,103.3621
2019-04,100.46405603025,100.687031266775,99.48964,99.64719,-1.27752,102.8782,101.0438,101.1616,103.406
2019-05,100.47454594524,100.573635531697,99.4268,99.60402,-1.163504,102.8556,101.0384,101.1548,103.4486
2019-06,100.400794800634,100.495141131567,99.36088,99.55872,-1.051902,102.8286,101.0078,101.1165,103.49
2019-07,100.313172586464,100.525260448356,99.29959,99.5166,-0.9339334,102.8051,100.945,101.0379,103.5303
2019-08,100.239865020389,100.449197075256,99.25135,99.48345,-0.8135985,102.7941,100.8453,100.9132,103.5695
2019-09,100.179264217415,100.426781768491,99.23606,99.47295,-0.6762756,102.8163,100.7095,100.7433,103.6078
2019-10,100.173276255963,100.455271544351,99.24537,99.47934,-0.5258583,102.8631,100.5501,100.544,103.6452
2019-11,100.202412583043,100.498419642656,99.27045,99.49657,-0.3665158,102.9254,100.3836,100.3358,103.6818
2019-12,100.221870593486,100.644631400143,99.30324,99.51911,-0.1989812,102.9952,100.2239,100.1361,103.7178
2020-01,100.102304685083,100.557206532793,99.32233,99.53223,-0.03454975,103.0502,100.077,99.95235,103.7533
2020-02,99.5953219392479,99.941391654415,99.30503,99.52034,0.08076932,103.067,99.94433,99.78635,103.7883
2020-03,98.5884648094438,98.9517691141287,94.1097,95.95036,-5.060192,97.70744,86.72765,83.25584,103.8229
2020-04,97.5670549403457,98.4881079046116,90.16614,93.24053,-8.975705,93.64417,86.51023,82.98391,103.8574
2020-05,96.9509100107005,98.6252744413811,92.95888,95.15957,-6.104743,96.57654,86.39108,82.83488,103.8917
2020-06,97.1377435244864,99.2902030857287,96.50568,97.59676,-2.46439,100.2945,89.51388,86.74066,103.926
2020-07,97.7500956314433,99.7247746452936,97.83868,98.51273,-1.061918,101.7134,92.63536,90.6448,103.9604
2020-08,98.4265096912256,99.980644528063,98.78951,99.1661,-0.0565101,102.7361,95.75487,94.54646,103.9949
2020-09,99.0367271554714,100.031388891797,99.34541,99.54809,0.5178545,103.3487,95.5567,94.29861,104.0297
2020-10,99.3663849214127,99.7566077388511,99.68383,99.78063,0.8484357,103.7358,95.35822,94.05036,104.0648
2020-11,99.4547153277866,99.5844358210518,99.85502,99.89827,0.9948674,103.9494,95.15961,93.80196,104.1003
2020-12,99.7012313467436,99.8864228747935,100.0843,100.0558,1.193139,104.224,95.25379,93.91975,104.1363
2021-01,99.9799418062312,100.243140956816,100.3837,100.2616,1.477274,104.5725,95.34868,94.03844,104.1728
2021-02,100.370845448976,100.582035256029,100.7648,100.5234,1.882097,105.0068,95.44503,94.15894,104.2098
2021-03,100.805988928538,100.927360668196,101.3256,100.9088,8.107687,105.6293,96.03067,94.89142,104.2474
2021-04,101.280415522224,101.514569787737,101.9316,101.3252,13.51482,106.3,96.61848,95.6266,104.2856
2021-05,101.732994138243,102.311669174673,102.5324,101.738,10.75806,106.9663,97.20782,96.36372,104.3244
2021-06,102.05347460654,102.938619854449,103.0498,102.0936,7.230914,107.5467,97.93535,97.27366,104.3638
2021-07,102.231761418439,103.150093811505,103.4153,102.3447,6.150702,107.9695,98.65688,98.17609,104.4038
2021-08,102.293220509496,103.061760563164,103.6178,102.4839,5.340899,108.2231,99.36337,99.05974,104.4445
2021-09,102.36113338986,102.992140530933,103.6756,102.5236,4.816054,108.326,99.54128,99.28225,104.4856
2021-10,102.429728655414,102.884346684418,103.5831,102.4601,4.37352,108.2727,99.67372,99.4479,104.5273
2021-11,102.431685887434,102.589013886965,103.3315,102.2871,3.947947,108.0533,99.80128,99.60744,104.5695
2021-12,102.38018871151,102.132074727245,102.9236,102.0068,3.306818,107.6705,99.91962,99.75546,104.6121
2022-01,102.246597094397,101.290173383919,102.3524,101.6143,2.433304,107.1171,100.0359,99.90095,104.6552
2022-02,102.057083446615,100.127595777896,101.6727,101.1473,1.374196,106.4498,100.1607,100.057,104.6985
2022-03,101.815575915081,98.6916333560318,100.9287,100.6361,0.08112626,105.715,100.2992,100.2302,104.7422
2022-04,101.648133104216,97.9618513837449,100.1812,100.1224,-1.245532,104.976,100.4431,100.4102,104.7861
2022-05,101.502784487393,97.606465710429,99.4543,99.62291,-2.531749,104.2582,100.5771,100.5778,104.8302
2022-06,101.316973217797,97.2720616894614,98.75935,99.14537,-3.694478,103.5734,100.6864,100.7144,104.8745
2022-07,101.072626891903,96.9656435156962,98.14336,98.7221,-4.629611,102.971,100.764,100.8115,104.9189
2022-08,100.801413112377,96.9624196195977,97.64907,98.38245,-5.292125,102.4958,100.8083,100.867,104.9634
2022-09,100.573298562813,97.0990016022737,97.28357,98.13129,-5.69631,102.1555,100.823,100.8853,105.0079
2022-10,100.481882918325,97.6032017210656,97.07824,97.9902,-5.808995,101.9831,100.8183,100.8795,105.0525
2022-11,100.511401981717,98.5041686158614,97.03397,97.95978,-5.620708,101.9799,100.8059,100.8639,105.0971
2022-12,100.583004401298,99.128187190303,97.09719,98.00322,,,,,
2023-01,100.690742005294,99.4107958436939,97.22189,98.08891,,,,,
2023-02,100.799874764486,99.6727228592147,97.36797,98.18929,,,,,
2023-03,100.919688894907,99.9906501162292,97.50557,98.28384,,,,,
