country,ESP,ESP,ESP,ESP,ESP,ESP,ESP,ESP,ESP
subject,BSCICP03,CSCICP03,LOLITOAA,LOLITONO,LOLITOTR_GYSA,LOLITOTR_STSA,LORSGPNO,LORSGPRT,LORSGPTD
measure,,,,,,,,,
unit,Index,Index,Index,Index,Percentage,Index,Index,Index,Index
powercode,Units,Units,Units,Units,Units,Units,Units,Units,Units
reference_period,,,,,,,,,
time,,,,,,,,,
1960-02,,,,,,,98.26674,97.52354,15.80639
1960-03,,,,,,,98.28927,97.55202,15.92459
1960-04,,,,,,,98.31384,97.58309,16.04367
1960-05,,,,,,,98.3435,97.62058,16.16363
1960-06,,,,,,,98.3812,97.66824,16.28447
1960-07,,,,,,,98.42857,97.72813,16.40619
1960-08,,,,,,,98.48744,97.80256,16.52877
1960-09,,,,,,,98.5611,97.89568,16.65221
1960-10,,,,,,,98.65536,98.01484,16.77648
1960-11,,,,,,,98.77663,98.16814,16.90157
1960-12,,,,,,,98.92966,98.36161,17.02746
1961-01,,,,,,,99.11491,98.59578,17.15413
1961-02,,,,,,,99.32846,98.86576,17.28153
1961-03,,,,,,,99.56168,99.16058,17.40965
1961-04,,,,,,,99.80002,99.46189,17.53845
1961-05,,,,,,,100.028,99.7501,17.66789
1961-06,,,,,,,100.2338,100.0103,17.79792
1961-07,,,,,,,100.4142,100.2383,17.92852
1961-08,,,,,,,100.5706,100.4361,18.05964
1961-09,,,,,,,100.7064,100.6077,18.19123
1961-10,,,,,,,100.8234,100.7556,18.32327
1961-11,,,,,,,100.9227,100.8812,18.4557
1961-12,,,,,,,101.0053,100.9855,18.58848
1962-01,,,,,,,101.0725,101.0706,18.72158
1962-02,,,,,,,101.1263,101.1385,18.85494
1962-03,,,,,,,101.1684,101.1917,18.98854
1962-04,,,,,,,101.2006,101.2325,19.12232
1962-05,,,,,,,101.2249,101.2632,19.25625
1962-06,,,,,,,101.2438,101.287,19.39029
1962-07,,,,,,,101.2603,101.3079,19.52441
1962-08,,,,,,,101.2796,101.3324,19.65855
1962-09,,,,,,,101.3099,101.3707,19.7927
1962-10,,,,,,,101.3635,101.4385,19.92682
1962-11,,,,,,,101.4495,101.5472,20.06087
1962-12,,,,,,,101.5662,101.6947,20.19482
1963-01,,,,,,,101.693,101.855,20.32864
1963-02,,,,,,,101.8029,101.9939,20.4623
1963-03,,,,,,,101.875,102.085,20.59577
1963-04,,,,,,,101.9064,102.1248,20.72903
1963-05,,,,,,,101.9045,102.1223,20.86205
1963-06,,,,,,,101.8786,102.0896,20.99483
1963-07,,,,,,,101.8334,102.0324,21.12735
1963-08,,,,,,,101.7697,101.9519,21.25959
1963-09,,,,,,,101.6865,101.8467,21.39156
1963-10,101.9322,,,,,,101.5826,101.7155,21.52324
1963-11,102.5454,,,,,,101.4582,101.5582,21.65464
1963-12,102.7879,,,,,,101.3159,101.3782,21.78576
1964-01,102.7408,,,,,,101.1627,101.1845,21.9166
1964-02,102.6293,,,,,,101.0074,100.9883,22.04718
1964-03,102.6744,,,,,,100.8579,100.7993,22.17751
1964-04,102.8772,,,,,,100.7186,100.6232,22.3076
1964-05,103.1706,,,,,,100.5922,100.4634,22.43746
1964-06,103.4767,,,,,,100.4814,100.3233,22.56712
1964-07,103.5447,,,,,,100.3902,100.208,22.69659
1964-08,103.4273,,,,,,100.3217,100.1215,22.8259
1964-09,103.2826,,,,,,100.2759,100.0635,22.95505
1964-10,103.0995,,,,,,100.2467,100.0266,23.08407
1964-11,102.9082,,,,,,100.2248,99.99885,23.21299
1964-12,102.8324,,,,,,100.1995,99.96695,23.34182
1965-01,102.7584,,,,,,100.1614,99.91869,23.47058
1965-02,102.8683,,,,,,100.1036,99.84573,23.5993
1965-03,102.8649,,,,,,100.0251,99.7465,23.728
1965-04,102.7759,,,,,,99.93254,99.62943,23.85671
1965-05,102.6309,,,,,,99.83686,99.50848,23.98545
1965-06,102.4853,,,,,,99.75029,99.39902,24.11425
1965-07,102.369,,,,,,99.68298,99.31393,24.24314
1965-08,102.3673,,,,,,99.64211,99.26226,24.37214
1965-09,102.4758,,,,,,99.63064,99.24777,24.50127
1965-10,102.6024,,,,,,99.64577,99.26689,24.63056
1965-11,102.7193,,,,,,99.6843,99.31561,24.76003
1965-12,102.7371,,,,,,99.74771,99.39577,24.88971
1966-01,102.7134,,,,,,99.84664,99.52084,25.0196
1966-02,102.7054,,,,,,99.99155,99.70402,25.14973
1966-03,102.7276,,,,,,100.1826,99.94559,25.28013
1966-04,102.6297,,,,,,100.3991,100.2192,25.41081
1966-05,102.4005,,,,,,100.6096,100.4853,25.54178
1966-06,102.1355,,,,,,100.7827,100.7041,25.67305
1966-07,101.8741,,,,,,100.8968,100.8484,25.80465
1966-08,101.6039,,,,,,100.9398,100.9027,25.9366
1966-09,101.3263,,,,,,100.9089,100.8637,26.06891
1966-10,101.0656,,,,,,100.8121,100.7413,26.20163
1966-11,100.82,,,,,,100.6633,100.5533,26.33477
1966-12,100.5616,,,,,,100.4792,100.3205,26.46839
1967-01,100.2861,,,,,,100.2759,100.0635,26.6025
1967-02,99.94479,,,,,,100.0674,99.79993,26.73715
1967-03,99.58955,,,,,,99.86351,99.54216,26.87238
1967-04,99.38795,,,,,,99.66813,99.29516,27.00823
1967-05,99.19527,,,,,,99.4812,99.05885,27.14472
1967-06,98.95189,,,,,,99.30034,98.83021,27.2819
1967-07,98.68018,,,,,,99.12234,98.60519,27.41979
1967-08,98.40157,,,,,,98.94655,98.38295,27.55844
1967-09,98.21246,,,,,,98.77811,98.17002,27.69787
1967-10,98.04072,,,,,,98.63115,97.98423,27.8381
1967-11,97.83479,,,,,,98.52271,97.84715,27.97918
1967-12,97.73543,,,,,,98.4666,97.7762,28.12111
1968-01,97.75957,,,,,,98.46823,97.77827,28.26392
1968-02,97.83437,,,,,,98.52624,97.8516,28.40761
1968-03,97.90358,,,,,,98.63457,97.98856,28.5522
1968-04,98.04858,,,,,,98.78384,98.17727,28.69767
1968-05,98.28863,,,,,,98.96526,98.40661,28.84404
1968-06,98.63165,,,,,,99.17395,98.67043,28.99128
1968-07,98.96474,,,,,,99.4118,98.97112,29.13938
1968-08,99.36373,,,,,,99.6817,99.31232,29.28834
1968-09,99.89066,,,,,,99.98134,99.69112,29.43814
1968-10,100.3906,,,,,,100.2963,100.0893,29.58875
1968-11,100.8783,,,,,,100.6051,100.4797,29.74015
1968-12,101.3648,,,,,,100.8838,100.832,29.89232
1969-01,101.7611,,,,,,101.1108,101.1189,30.04523
1969-02,102.1097,,,,,,101.2705,101.3208,30.19887
1969-03,102.449,,,,,,101.3581,101.4316,30.3532
1969-04,102.7263,,,,,,101.3847,101.4652,30.50823
1969-05,102.9805,,,,,,101.3687,101.4449,30.66394
1969-06,103.1949,,,,,,101.3281,101.3936,30.82033
1969-07,103.3695,,,,,,101.2735,101.3246,30.97741
1969-08,103.5682,,,,,,101.2098,101.2442,31.13515
1969-09,103.678,,,,,,101.1386,101.1541,31.29359
1969-10,103.7332,,,,,,101.0598,101.0545,31.4527
1969-11,103.8053,,,,,,100.9716,100.9429,31.61251
1969-12,103.8827,,,,,,100.8696,100.8141,31.77302
1970-01,103.9286,,,,,,100.7471,100.6592,31.93424
1970-02,103.8696,,,,,,100.5973,100.4698,32.0962
1970-03,103.6798,,,,,,100.4169,100.2417,32.25888
1970-04,103.2442,,,,,,100.209,99.97897,32.42234
1970-05,102.7443,,,,,,99.98109,99.69081,32.58657
1970-06,102.18,,,,,,99.74204,99.3886,32.7516
1970-07,101.6084,,,,,,99.50073,99.08354,32.91746
1970-08,100.9899,,,,,,99.26549,98.78615,33.08416
1970-09,100.4995,,,,,,99.04382,98.50591,33.25171
1970-10,100.1657,,,,,,98.842,98.25078,33.42014
1970-11,99.83888,,,,,,98.66563,98.02781,33.58945
1970-12,99.46014,,,,,,98.51978,97.84344,33.75965
1971-01,99.12677,,,,,,98.40888,97.70324,33.93075
1971-02,98.94896,,,,,,98.33606,97.61118,34.10273
1971-03,98.92637,,,,,,98.30203,97.56816,34.27558
1971-04,99.06062,,,,,,98.30341,97.5699,34.44928
1971-05,99.24741,,,,,,98.33475,97.60954,34.62381
1971-06,99.46851,,,,,,98.39016,97.67957,34.79914
1971-07,99.80086,,,,,,98.4642,97.77318,34.97522
1971-08,100.1954,,,,,,98.55239,97.88466,35.152
1971-09,100.4709,,,,,,98.65118,98.00954,35.32944
1971-10,100.7032,,,,,,98.75787,98.14442,35.50746
1971-11,100.8834,,,,,,98.87097,98.28741,35.68601
1971-12,101.013,,,,,,98.99058,98.43861,35.865
1972-01,101.3144,,,,,,99.11842,98.60023,36.04436
1972-02,101.7102,,,,,,99.25666,98.77499,36.22401
1972-03,102.1091,,,,,,99.40642,98.96431,36.40385
1972-04,102.5318,,,,,,99.56616,99.16625,36.58379
1972-05,102.9087,,,,,,99.7328,99.37692,36.76373
1972-06,103.2439,,,,,,99.90263,99.59161,36.94355
1972-07,103.4993,,,,,,100.0721,99.80579,37.12316
1972-08,103.6517,,,,,,100.238,100.0155,37.30243
1972-09,103.8935,,,,,,100.3979,100.2178,37.48125
1972-10,104.1544,,,,,,100.5507,100.4109,37.65951
1972-11,104.3816,,,,,,100.6957,100.5942,37.83709
1972-12,104.54,,,,,,100.8332,100.768,38.01387
1973-01,104.7112,,,,,,100.9639,100.9332,38.18973
1973-02,104.8048,,,,,,101.089,101.0914,38.36455
1973-03,104.8438,,,,,,101.2098,101.2441,38.53822
1973-04,104.8711,,,,,,101.3276,101.3931,38.71062
1973-05,104.9103,,,,,,101.4437,101.5398,38.88165
1973-06,105.004,,,,,,101.5591,101.6857,39.05117
1973-07,105.1092,,,,,,101.6748,101.832,39.2191
1973-08,105.1995,,,,,,101.7912,101.9791,39.38533
1973-09,105.3554,,,,,,101.908,102.1268,39.54976
1973-10,105.6089,,,,,,102.0238,102.2731,39.71228
1973-11,105.7877,,,,,,102.1357,102.4146,39.87281
1973-12,105.7182,,,,,,102.2396,102.546,40.03128
1974-01,105.3734,,,,,,102.3302,102.6605,40.18758
1974-02,104.9424,,,,,,102.4008,102.7497,40.34167
1974-03,104.4568,,,,,,102.4447,102.8053,40.49347
1974-04,103.8961,,,,,,102.4562,102.8198,40.64293
1974-05,103.2813,,,,,,102.4302,102.7869,40.79
1974-06,102.5829,,,,,,102.3627,102.7015,40.93465
1974-07,101.8137,,,,,,102.2521,102.5618,41.07684
1974-08,101.0093,,,,,,102.0987,102.3679,41.21656
1974-09,100.149,,,,,,101.9048,102.1227,41.35379
1974-10,99.43805,,,,,,101.6757,101.8331,41.48854
1974-11,98.79729,,,,,,101.4189,101.5085,41.62081
1974-12,98.24784,,,,,,101.144,101.1609,41.75062
1975-01,97.83392,,,,,,100.8623,100.8048,41.87799
1975-02,97.45444,,,,,,100.5859,100.4553,42.00293
1975-03,97.14639,,,,,,100.3257,100.1265,42.12549
1975-04,97.00739,,,,,,100.0907,99.82935,42.24568
1975-05,97.04702,,,,,,99.88744,99.5724,42.36355
1975-06,97.12997,,,,,,99.72044,99.3613,42.47911
1975-07,97.1322,,,,,,99.59145,99.19823,42.59241
1975-08,97.11902,,,,,,99.50048,99.08322,42.70346
1975-09,97.14709,,,,,,99.44635,99.01479,42.8123
1975-10,97.40817,,,,,,99.42666,98.9899,42.91894
1975-11,97.80938,,,,,,99.43837,99.0047,43.02341
1975-12,98.16904,,,,,,99.47787,99.05464,43.12573
1976-01,98.46807,,,,,,99.54073,99.13409,43.22591
1976-02,98.81667,,,,,,99.62208,99.23695,43.32396
1976-03,99.28578,,,,,,99.7169,99.35681,43.41989
1976-04,99.88486,,,,,,99.81992,99.48705,43.51372
1976-05,100.419,,,,,,99.92611,99.62129,43.60544
1976-06,100.6732,,,,,,100.0311,99.75403,43.69506
1976-07,100.6611,,,,,,100.1316,99.88107,43.78259
1976-08,100.4362,,,,,,100.2252,99.99939,43.86804
1976-09,100.1693,,,,,,100.3103,100.107,43.9514
1976-10,100.1124,,,,,,100.3863,100.203,44.03269
1976-11,100.1473,,,,,,100.4529,100.2873,44.1119
1976-12,100.2998,,,,,,100.5102,100.3597,44.18906
1977-01,100.3784,,,,,,100.5581,100.4203,44.26416
1977-02,100.409,,,,,,100.5969,100.4693,44.33723
1977-03,100.3605,,,,,,100.6275,100.508,44.40826
1977-04,99.85317,,,,,,100.6519,100.5389,44.47728
1977-05,99.05568,,,,,,100.6729,100.5654,44.54431
1977-06,98.27866,,,,,,100.6933,100.5912,44.60936
1977-07,97.7933,,,,,,100.716,100.6199,44.67246
1977-08,97.56406,,,,,,100.7431,100.6542,44.73363
1977-09,97.47308,,,,,,100.7752,100.6948,44.7929
1977-10,97.09251,,,,,,100.8108,100.7397,44.8503
1977-11,96.36285,,,,,,100.8466,100.7849,44.90586
1977-12,95.58199,,,,,,100.8784,100.8252,44.95961
1978-01,94.96007,,,,,,100.9018,100.8547,45.01158
1978-02,95.0088,,,,,,100.9121,100.8677,45.06182
1978-03,95.27072,,,,,,100.9058,100.8597,45.11038
1978-04,95.641,,,,,,100.8811,100.8285,45.15729
1978-05,96.17076,,,,,,100.8377,100.7737,45.20261
1978-06,96.76209,,,,,,100.7768,100.6968,45.2464
1978-07,97.22567,,,,,,100.7012,100.6011,45.2887
1978-08,97.60307,,,,,,100.6144,100.4914,45.32959
1978-09,97.89905,,,,,,100.5207,100.373,45.36912
1978-10,98.16093,,,,,,100.4245,100.2513,45.40736
1978-11,98.31322,,,,,,100.33,100.1319,45.44439
1978-12,98.28723,,,,,,100.2414,100.0199,45.48025
1979-01,98.26042,,,,,,100.1627,99.92038,45.51504
1979-02,98.29081,,,,,,100.0971,99.83749,45.54881
1979-03,98.40902,,,,,,100.0472,99.77441,45.58163
1979-04,98.58791,,,,,,100.0142,99.73262,45.61357
1979-05,98.62436,,,,,,99.99823,99.71247,45.64471
1979-06,98.35197,,,,,,99.99911,99.71359,45.6751
1979-07,97.80041,,,,,,100.016,99.73492,45.70481
1979-08,97.27197,,,,,,100.0476,99.77491,45.73392
1979-09,97.04478,,,,,,100.0923,99.83138,45.76247
1979-10,96.92217,,,,,,100.1475,99.90121,45.79054
1979-11,96.85157,,,,,,100.2101,99.98029,45.81818
1979-12,96.78595,,,,,,100.2758,100.0633,45.84547
1980-01,96.7545,,,,,,100.3392,100.1435,45.87245
1980-02,96.66717,,,,,,100.3945,100.2135,45.89919
1980-03,96.4766,,,,,,100.4369,100.267,45.92577
1980-04,96.20029,,,,,,100.4629,100.2998,45.95223
1980-05,95.98055,,,,,,100.471,100.3102,45.97865
1980-06,95.90398,,,,,,100.462,100.2987,46.00509
1980-07,96.02547,,,,,,100.4388,100.2695,46.03162
1980-08,96.24892,,,,,,100.4053,100.2271,46.05832
1980-09,96.27103,,,,,,100.3637,100.1745,46.08526
1980-10,96.14104,,,,,,100.3134,100.1109,46.11251
1980-11,96.04279,,,,,,100.2527,100.0342,46.14013
1980-12,95.96788,,,,,,100.1815,99.94421,46.16821
1981-01,95.87922,,,,,,100.1034,99.84541,46.19682
1981-02,95.78591,,,,,,100.0238,99.74478,46.22603
1981-03,95.70135,,,,,,99.94845,99.64953,46.25592
1981-04,95.73659,,,,,,99.88147,99.56487,46.28657
1981-05,95.85854,,,,,,99.82536,99.49393,46.31804
1981-06,96.1158,,,,,,99.78078,99.43757,46.35041
1981-07,96.45146,,,,,,99.74619,99.39384,46.38374
1981-08,96.77213,,,,,,99.71941,99.35999,46.41811
1981-09,97.00387,,,,,,99.69896,99.33414,46.45356
1981-10,97.09785,,,,,,99.68532,99.31689,46.49018
1981-11,97.05965,,,,,,99.67993,99.31008,46.52803
1981-12,97.11639,,,,,,99.68417,99.31543,46.56715
1982-01,97.29797,,,,,,99.69804,99.33298,46.60761
1982-02,97.57626,,,,,,99.72082,99.36177,46.64946
1982-03,97.87921,,,,,,99.75134,99.40034,46.69276
1982-04,98.07365,,,,,,99.78821,99.44696,46.73756
1982-05,98.11919,,,,,,99.8298,99.49954,46.7839
1982-06,97.87376,,,,,,99.87402,99.55544,46.83183
1982-07,97.57019,,,,,,99.91798,99.61103,46.88139
1982-08,97.34374,,,,,,99.95886,99.6627,46.93264
1982-09,97.27464,,,,,,99.99448,99.70773,46.98561
1982-10,97.15765,,,,,,100.0241,99.74517,47.04036
1982-11,97.22381,,,,,,100.048,99.77532,47.0969
1982-12,97.34377,,,,,,100.0668,99.79914,47.1553
1983-01,97.54899,,,,,,100.0815,99.81779,47.2156
1983-02,97.78122,,,,,,100.093,99.83226,47.27782
1983-03,97.81786,,,,,,100.1015,99.84299,47.34202
1983-04,97.62704,,,,,,100.1067,99.84953,47.40824
1983-05,97.33105,,,,,,100.1081,99.85139,47.47652
1983-06,97.26661,,,,,,100.1061,99.84888,47.54689
1983-07,97.3671,,,,,,100.1023,99.84399,47.6194
1983-08,97.55342,,,,,,100.0983,99.83898,47.69408
1983-09,97.76396,,,,,,100.0951,99.83497,47.77099
1983-10,97.89883,,,,,,100.0915,99.83038,47.85015
1983-11,97.93567,,,,,,100.0848,99.82187,47.93162
1983-12,97.92521,,,,,,100.0714,99.80503,48.01542
1984-01,97.88928,,,,,,100.0479,99.77521,48.1016
1984-02,97.89646,,,,,,100.0115,99.7292,48.1902
1984-03,97.77174,,,,,,99.96233,99.66708,48.28124
1984-04,97.74191,,,,,,99.90461,99.59412,48.37479
1984-05,97.90773,,,,,,99.84399,99.51749,48.47087
1984-06,98.14318,,,,,,99.78509,99.44302,48.56952
1984-07,98.25597,,,,,,99.72887,99.37195,48.67078
1984-08,98.20893,,,,,,99.67451,99.30324,48.7747
1984-09,98.13776,,,,,,99.6212,99.23584,48.88129
1984-10,98.07172,,,,,,99.56969,99.17072,48.99059
1984-11,97.93961,,,,,,99.52115,99.10935,49.10263
1984-12,97.83152,,,,,,99.47578,99.05201,49.21743
1985-01,97.6741,,96.13594,98.18393,,47.4287,99.43147,98.99598,49.33503
1985-02,97.53448,,95.98205,98.11163,,47.46834,99.38596,98.93845,49.45543
1985-03,97.58191,,95.86088,98.0547,,47.52654,99.33904,98.87913,49.57867
1985-04,97.70522,,95.77576,98.0147,,47.60509,99.29459,98.82293,49.70474
1985-05,97.79173,,95.73392,97.99504,,47.70772,99.25807,98.77677,49.83367
1985-06,97.79975,,95.74471,98.00011,,47.83928,99.23396,98.74628,49.96546
1985-07,97.86784,,95.79926,98.02574,,47.99554,99.22292,98.73234,50.10011
1985-08,98.11098,,95.88268,98.06494,,48.16919,99.22317,98.73264,50.23763
1985-09,98.35676,,95.99021,98.11546,,48.35794,99.23139,98.74305,50.37799
1985-10,98.55476,,96.11411,98.17367,,48.558,99.24359,98.75847,50.5212
1985-11,98.72667,,96.24174,98.23363,,48.76302,99.25609,98.77427,50.66722
1985-12,98.8988,,96.37403,98.29579,,48.97348,99.26645,98.78737,50.81605
1986-01,98.9301,,96.52346,98.366,3.725688,49.19574,99.27437,98.79737,50.96765
1986-02,98.86225,,96.72729,98.46176,4.172406,49.44891,99.2792,98.80348,51.12199
1986-03,98.823,,97.0208,98.59966,4.681133,49.75132,99.27757,98.80142,51.27903
1986-04,98.76775,,97.39883,98.77728,5.242352,50.10072,99.26091,98.78036,51.43873
1986-05,98.71458,,97.84485,98.98683,5.829756,50.48896,99.22101,98.72992,51.60105
1986-06,98.73425,101.5769,98.31666,99.2085,6.386475,50.89452,99.15565,98.64729,51.76592
1986-07,98.87276,101.6007,98.67633,99.37749,6.772167,51.24588,99.0744,98.54458,51.9333
1986-08,99.0013,101.6208,99.0129,99.53562,7.099216,51.58882,98.99328,98.44202,52.10313
1986-09,99.19971,101.5778,99.31101,99.67569,7.356049,51.91518,98.9295,98.3614,52.27535
1986-10,99.36698,101.5336,99.56286,99.79401,7.542723,52.2206,98.89637,98.31951,52.44988
1986-11,99.47964,101.5173,99.76405,99.88854,7.668614,52.50247,98.90285,98.3277,52.62664
1986-12,99.55502,101.429,99.9133,99.95866,7.731304,52.75977,98.95278,98.39083,52.80555
1987-01,99.66913,101.2808,100.0247,100.011,7.732019,52.99957,99.0434,98.50539,52.9865
1987-02,99.88128,101.1166,100.1186,100.0551,7.651366,53.23243,99.1684,98.66341,53.16939
1987-03,100.1852,100.9637,100.2108,100.0984,7.4676,53.46656,99.32037,98.85554,53.3541
1987-04,100.4276,100.9127,100.3231,100.1512,7.211002,53.71349,99.4927,99.07339,53.54049
1987-05,100.6564,101.0172,100.4653,100.218,6.911392,53.97845,99.67899,99.30888,53.72845
1987-06,100.9117,101.3171,100.6363,100.2984,6.614461,54.26092,99.87222,99.55318,53.91784
1987-07,101.1527,101.6775,100.8127,100.3812,6.444127,54.54823,100.0637,99.79526,54.10851
1987-08,101.3754,101.9665,100.9588,100.4499,6.265117,54.82092,100.244,100.0232,54.30032
1987-09,101.3315,102.0607,101.0527,100.494,6.070645,55.06676,100.4039,100.2253,54.49311
1987-10,101.1484,101.9211,101.0993,100.5159,5.873803,55.28793,100.5357,100.3919,54.68675
1987-11,101.1182,101.6953,101.1311,100.5308,5.712775,55.50182,100.6343,100.5166,54.88108
1987-12,101.117,101.6051,101.1917,100.5593,5.63407,55.73229,100.6995,100.599,55.07595
1988-01,101.1448,101.7217,101.3045,100.6123,5.646596,55.99223,100.7379,100.6476,55.27121
1988-02,101.0518,101.944,101.4663,100.6883,5.725054,56.28001,100.7593,100.6746,55.46672
1988-03,100.9812,102.1911,101.6677,100.7829,5.84298,56.5906,100.7731,100.692,55.66233
1988-04,100.9722,102.3768,101.888,100.8864,5.955653,56.91248,100.7851,100.7072,55.8579
1988-05,100.8938,102.4151,102.1043,100.9881,6.029038,57.23284,100.7983,100.7239,56.05328
1988-06,100.8257,102.3999,102.3055,101.0826,6.052669,57.54516,100.8128,100.7422,56.24833
1988-07,100.7453,102.4827,102.4838,101.1664,6.043478,57.84484,100.8266,100.7597,56.4429
1988-08,100.772,102.6064,102.6305,101.2353,6.030142,58.1267,100.8383,100.7745,56.63685
1988-09,100.9341,102.5911,102.7296,101.2818,6.019032,58.38125,100.8496,100.7888,56.83003
1988-10,101.2597,102.5167,102.7913,101.3108,6.015831,58.61396,100.8683,100.8124,57.02232
1988-11,101.5166,102.4006,102.8285,101.3283,5.999899,58.83187,100.9029,100.8561,57.21356
1988-12,101.5724,102.3563,102.8575,101.342,5.942099,59.04396,100.9581,100.9259,57.40364
1989-01,101.5286,102.3165,102.8867,101.3557,5.827084,59.25495,101.029,101.0156,57.5924
1989-02,101.4497,102.1611,102.9868,101.4027,5.731104,59.50548,101.1061,101.113,57.77973
1989-03,101.3873,102.0669,103.1126,101.4618,5.617706,59.76969,101.1787,101.2048,57.96548
1989-04,101.3615,102.1284,103.2768,101.539,5.521666,60.05499,101.2397,101.2819,58.14952
1989-05,101.3248,102.2837,103.4772,101.6331,5.464019,60.36005,101.2842,101.3382,58.33174
1989-06,101.247,102.4496,103.6959,101.7359,5.43813,60.67454,101.3088,101.3693,58.512
1989-07,101.2305,102.507,103.9049,101.834,5.42339,60.98199,101.3114,101.3726,58.69022
1989-08,101.1761,102.6126,104.0791,101.9159,5.403307,61.26746,101.292,101.348,58.86626
1989-09,101.1138,102.6639,104.188,101.967,5.363636,61.5126,101.2545,101.3007,59.04004
1989-10,101.0605,102.7834,104.2145,101.9795,5.276838,61.70692,101.2088,101.2429,59.21145
1989-11,100.8674,102.8459,104.1489,101.9487,5.119976,61.84405,101.167,101.1901,59.38042
1989-12,100.665,102.8372,103.9966,101.8771,4.882391,61.92672,101.1401,101.156,59.54687
1990-01,100.4881,102.5661,103.7678,101.7697,4.565933,61.96049,101.1346,101.149,59.7107
1990-02,100.1258,102.2917,103.4996,101.6437,4.136885,61.96715,101.1532,101.1726,59.87185
1990-03,99.74881,102.0112,103.2243,101.5143,3.674266,61.96579,101.195,101.2255,60.03025
1990-04,99.33181,101.8741,102.9649,101.3924,3.189208,61.97027,101.2555,101.3019,60.18583
1990-05,98.99154,101.9012,102.7277,101.281,2.691034,61.98436,101.3293,101.3951,60.33851
1990-06,98.93369,102.0371,102.4991,101.1736,2.184431,61.99993,101.4129,101.5008,60.48826
1990-07,98.83391,102.0391,102.2514,101.0572,1.669609,62.00015,101.5072,101.6201,60.63501
1990-08,98.67879,101.5658,101.9661,100.9231,1.152698,61.97369,101.6124,101.7531,60.77874
1990-09,98.61109,100.7093,101.6538,100.7764,0.6734943,61.92689,101.7221,101.8917,60.91939
1990-10,98.49753,100.4684,101.3598,100.6383,0.2921774,61.88722,101.8182,102.0132,61.05695
1990-11,98.29014,100.5984,101.1229,100.527,0.05568938,61.87849,101.8812,102.0929,61.19138
1990-12,98.21815,100.7225,100.9559,100.4485,-0.02886577,61.90884,101.9006,102.1174,61.32267
1991-01,97.97726,100.6524,100.8662,100.4064,0.03655027,61.98314,101.886,102.0989,61.45083
1991-02,97.50649,101.0219,100.8767,100.4113,0.2397215,62.1157,101.8565,102.0616,61.57588
1991-03,97.18993,101.5312,100.9561,100.4486,0.5195438,62.28772,101.831,102.0294,61.69786
1991-04,97.11352,101.7293,101.0565,100.4958,0.8061896,62.46987,101.8187,102.0138,61.8168
1991-05,97.06846,101.8817,101.1589,100.5439,1.074666,62.65049,101.8215,102.0174,61.93274
1991-06,96.99955,101.8447,101.2336,100.579,1.308379,62.81112,101.8372,102.0372,62.04574
1991-07,97.24604,101.7567,101.2668,100.5946,1.521162,62.94327,101.8615,102.068,62.15587
1991-08,97.69037,101.6528,101.2471,100.5853,1.720032,63.03966,101.889,102.1027,62.26319
1991-09,97.86403,101.5814,101.1655,100.547,1.885762,63.09468,101.9133,102.1335,62.36779
1991-10,97.99133,101.3429,101.0098,100.4739,1.960655,63.10061,101.9279,102.152,62.46977
1991-11,98.07164,100.9824,100.7818,100.3667,1.906767,63.05837,101.9256,102.149,62.56923
1991-12,98.04588,100.5785,100.4945,100.2317,1.723982,62.97614,101.8982,102.1144,62.66628
1992-01,98.08814,100.351,100.1664,100.0776,1.423538,62.86549,101.837,102.037,62.76105
1992-02,98.04408,100.1937,99.79274,99.90202,0.9783515,62.72341,101.7349,101.908,62.85368
1992-03,97.95647,99.9017,99.37447,99.70551,0.422018,62.55059,101.5899,101.7246,62.94433
1992-04,97.81554,99.61006,98.92424,99.49397,-0.1837824,62.35506,101.4081,101.4948,63.03315
1992-05,97.45087,99.32674,98.44144,99.26714,-0.8203242,62.13655,101.1993,101.2309,63.12031
1992-06,96.94637,98.94327,97.92789,99.02585,-1.456446,61.89631,100.973,100.9447,63.20601
1992-07,96.59374,98.20902,97.38713,98.77178,-2.075743,61.63673,100.7342,100.6428,63.29043
1992-08,96.51605,97.31135,96.85168,98.52021,-2.63501,61.37856,100.4858,100.3289,63.37376
1992-09,96.27622,96.79485,96.36958,98.2937,-3.078234,61.15248,100.2307,100.0064,63.45621
1992-10,95.56175,96.54813,95.95042,98.09676,-3.384558,60.96494,99.97408,99.68194,63.53796
1992-11,94.81609,96.54514,95.60001,97.93213,-3.549696,60.81999,99.7229,99.3644,63.61923
1992-12,94.21057,96.61405,95.30663,97.79429,-3.597571,60.71053,99.48595,99.06485,63.70021
1993-01,93.92017,96.74951,95.06171,97.67921,-3.553731,60.63142,99.27329,98.79602,63.78111
1993-02,94.04378,96.87502,94.86818,97.58829,-3.409528,60.58484,99.09483,98.5704,63.86213
1993-03,94.17014,97.12904,94.73532,97.52586,-3.155129,60.57704,98.95834,98.39786,63.94346
1993-04,94.31155,97.51465,94.66843,97.49444,-2.795823,60.61172,98.86726,98.28271,64.02528
1993-05,94.48376,97.64555,94.64801,97.48485,-2.349383,60.67672,98.82115,98.22443,64.10777
1993-06,94.66256,97.28781,94.66317,97.49197,-1.827252,60.76531,98.81567,98.21749,64.19109
1993-07,94.86598,96.9315,94.73717,97.52673,-1.207137,60.89269,98.84165,98.25034,64.2754
1993-08,95.32798,96.43427,94.87539,97.59167,-0.5147527,61.06261,98.88831,98.30932,64.36086
1993-09,96.02091,96.27682,95.10171,97.69801,0.2261179,61.29076,98.94574,98.38193,64.44759
1993-10,96.54594,96.14931,95.4119,97.84374,1.000309,61.57478,99.00732,98.45978,64.53574
1993-11,96.86942,96.06419,95.80746,98.02959,1.802056,61.916,99.0687,98.53738,64.62544
1993-12,97.20893,96.17461,96.28375,98.25338,2.637517,62.31178,99.12682,98.61086,64.71681
1994-01,97.67078,96.38183,96.82101,98.5058,3.493633,62.74966,99.17886,98.67663,64.80996
1994-02,98.16491,96.87112,97.40866,98.78189,4.354651,63.2231,99.22287,98.73228,64.90501
1994-03,98.76543,97.31441,98.01819,99.06828,5.178206,63.71384,99.25861,98.77746,65.00206
1994-04,99.35354,97.78609,98.63255,99.35692,5.938226,64.21098,99.28826,98.81493,65.10121
1994-05,99.72182,98.40405,99.23268,99.63889,6.634385,64.70225,99.31507,98.84883,65.20256
1994-06,100.0434,99.0266,99.78071,99.89637,7.237147,65.16299,99.34205,98.88293,65.3062
1994-07,100.3863,99.53378,100.243,100.1136,7.683187,65.57119,99.37057,98.919,65.41222
1994-08,100.6071,99.96356,100.599,100.2808,7.943542,65.91315,99.40128,98.95781,65.52069
1994-09,100.8107,100.2576,100.8294,100.3891,7.970643,66.17603,99.43471,99.00008,65.63169
1994-10,101.1297,100.2812,100.9247,100.4339,7.760471,66.35327,99.47205,99.04727,65.7453
1994-11,101.4425,100.2876,100.8995,100.422,7.329283,66.45399,99.51406,99.1004,65.86159
1994-12,101.7,100.1362,100.763,100.3579,6.695726,66.484,99.56007,99.15856,65.9806
1995-01,101.8289,99.79182,100.5368,100.2516,5.908496,66.45722,99.6067,99.2175,66.1024
1995-02,101.8847,99.50395,100.2734,100.1279,5.037785,66.40814,99.64943,99.27152,66.22705
1995-03,101.7667,99.30831,100.0029,100.0007,4.147699,66.3565,99.6842,99.31549,66.3546
1995-04,101.4944,99.31462,99.74785,99.88093,3.28053,66.31744,99.70892,99.34673,66.48508
1995-05,100.8954,99.34024,99.51104,99.76967,2.458306,66.29283,99.72311,99.36467,66.61857
1995-06,100.4063,99.26912,99.29689,99.66905,1.722962,66.28572,99.72771,99.37049,66.75508
1995-07,100.2027,99.27918,99.12115,99.58648,1.121796,66.30676,99.72499,99.36704,66.89467
1995-08,100.0232,99.43564,98.98907,99.52443,0.6774564,66.35968,99.7176,99.3577,67.03738
1995-09,99.70529,99.54047,98.88049,99.47341,0.3854737,66.43111,99.70784,99.34537,67.18324
1995-10,99.32635,99.56605,98.7848,99.42845,0.2423343,66.51406,99.69683,99.33144,67.33229
1995-11,99.01202,99.74711,98.70579,99.39133,0.236503,66.61116,99.68501,99.3165,67.48455
1995-12,98.66912,100.0212,98.63076,99.35608,0.3458157,66.71391,99.6726,99.30081,67.64007
1996-01,98.35885,100.3814,98.55308,99.31958,0.5426557,66.81786,99.66006,99.28497,67.79885
1996-02,98.26755,100.5745,98.46358,99.27753,0.7659036,66.91676,99.64788,99.26956,67.96093
1996-03,98.37092,100.696,98.3661,99.23174,0.9896632,67.01321,99.63633,99.25496,68.12632
1996-04,98.56448,100.6879,98.264,99.18376,1.194248,67.10944,99.62521,99.2409,68.29504
1996-05,98.79514,100.6385,98.17241,99.14073,1.392264,67.2158,99.61403,99.22678,68.46709
1996-06,99.0634,100.4819,98.09754,99.10555,1.585384,67.3366,99.60222,99.21184,68.6425
1996-07,99.40811,100.2159,98.05176,99.08405,1.77009,67.48045,99.58918,99.19536,68.82126
1996-08,99.65775,100.1143,98.06007,99.08795,1.966668,67.66476,99.57484,99.17722,69.00336
1996-09,99.92764,100.1504,98.13216,99.12182,2.205851,67.89648,99.56008,99.15857,69.18883
1996-10,99.99831,100.4075,98.26731,99.18532,2.497913,68.17553,99.54723,99.14232,69.37763
1996-11,99.94621,100.762,98.44854,99.27047,2.821236,68.49042,99.53912,99.13207,69.56976
1996-12,99.9752,101.2439,98.66043,99.37002,3.172881,68.83067,99.53823,99.13094,69.76522
1997-01,100.2141,101.6268,98.87983,99.47311,3.535587,69.18026,99.54554,99.14018,69.96397
1997-02,100.5114,101.6767,99.09135,99.57248,3.902866,69.52843,99.56127,99.16007,70.166
1997-03,100.7449,101.7237,99.30305,99.67194,4.279174,69.88082,99.58539,99.19056,70.37127
1997-04,101.0328,101.8825,99.52157,99.77461,4.667957,70.24208,99.6179,99.23167,70.57975
1997-05,101.4228,102.1451,99.74499,99.87959,5.051007,70.61088,99.65869,99.28323,70.7914
1997-06,101.7797,102.5316,99.96691,99.98385,5.414707,70.98268,99.70708,99.3444,71.00618
1997-07,102.1591,102.7431,100.1748,100.0815,5.732146,71.34853,99.76125,99.4129,71.22404
1997-08,102.5096,102.815,100.3675,100.172,5.974581,71.70744,99.8187,99.4855,71.44492
1997-09,102.841,102.6527,100.5547,100.26,6.141424,72.0663,99.8763,99.55833,71.66876
1997-10,102.9332,102.5496,100.7578,100.3554,6.255644,72.44035,99.93057,99.62694,71.89552
1997-11,102.8465,102.6193,100.9855,100.4624,6.34462,72.83588,99.97838,99.68737,72.12511
1997-12,102.6331,102.7573,101.2327,100.5786,6.419752,73.24942,100.0177,99.73709,72.35748
1998-01,102.503,102.9093,101.4954,100.702,6.5017,73.67815,100.0485,99.77606,72.59257
1998-02,102.371,103.0172,101.764,100.8282,6.596735,74.11504,100.0719,99.80556,72.8303
1998-03,102.2612,103.0638,102.0244,100.9505,6.681401,74.54984,100.089,99.82723,73.07059
1998-04,102.1451,103.0773,102.2613,101.0618,6.732605,74.9712,100.1007,99.84205,73.31339
1998-05,102.2279,103.1129,102.4713,101.1605,6.749046,75.37643,100.1076,99.85076,73.55859
1998-06,102.4378,103.1265,102.6565,101.2475,6.73987,75.76682,100.1104,99.85432,73.80614
1998-07,102.4022,103.1646,102.8262,101.3273,6.728147,76.14897,100.1104,99.85428,74.05596
1998-08,102.0405,103.2939,102.9883,101.4034,6.723213,76.52848,100.109,99.85251,74.30797
1998-09,101.5994,103.4794,103.1475,101.4782,6.719636,76.90889,100.1077,99.85081,74.56207
1998-10,101.2121,103.6793,103.2994,101.5496,6.690169,77.28673,100.1074,99.85054,74.81818
1998-11,101.0067,103.8286,103.4175,101.6051,6.598526,77.64197,100.1093,99.85294,75.07623
1998-12,100.984,103.8359,103.473,101.6311,6.420626,77.95249,100.1145,99.85941,75.33611
1999-01,100.91,103.743,103.4588,101.6245,6.154286,78.21252,100.1241,99.87164,75.59773
1999-02,100.9259,103.6054,103.3895,101.5919,5.825165,78.43237,100.1398,99.89139,75.86102
1999-03,101.0936,103.4442,103.2868,101.5436,5.470305,78.62794,100.1625,99.9201,76.12585
1999-04,101.1248,103.3002,103.1759,101.4915,5.131419,78.81828,100.1928,99.95839,76.39216
1999-05,101.1341,103.2821,103.0835,101.4482,4.838673,79.02365,100.2306,100.0063,76.65981
1999-06,101.118,103.4016,103.026,101.4211,4.605954,79.25661,100.2758,100.0633,76.92873
1999-07,101.1612,103.5353,103.0123,101.4147,4.432502,79.52427,100.3274,100.1287,77.19881
1999-08,101.3349,103.6421,103.0536,101.4341,4.321366,79.83556,100.3849,100.2013,77.46992
1999-09,101.6927,103.7425,103.152,101.4803,4.269343,80.1924,100.4478,100.2808,77.74199
1999-10,101.9995,103.8675,103.2922,101.5462,4.265363,80.58329,100.516,100.3671,78.01489
1999-11,102.0195,103.8462,103.4406,101.6159,4.302024,80.98215,100.5895,100.46,78.28853
1999-12,101.8551,103.7706,103.5706,101.677,4.381441,81.36794,100.6671,100.5581,78.56279
2000-01,101.8301,103.8484,103.6669,101.7222,4.495389,81.72847,100.746,100.6578,78.83758
2000-02,102.0263,104.0009,103.703,101.7392,4.602645,82.04233,100.8225,100.7545,79.11279
2000-03,102.2507,104.0662,103.6532,101.7158,4.655585,82.28853,100.8932,100.8438,79.38831
2000-04,102.3677,103.9557,103.5075,101.6473,4.618193,82.45827,100.9556,100.9227,79.66405
2000-05,102.4659,103.7574,103.2782,101.5396,4.475649,82.56048,101.0084,100.9895,79.93992
2000-06,102.5261,103.622,102.9948,101.4065,4.241337,82.61815,101.051,101.0434,80.21582
2000-07,102.4602,103.511,102.6838,101.2603,3.932952,82.65192,101.0838,101.0849,80.49168
2000-08,102.4425,103.3045,102.3707,101.1132,3.565627,82.6822,101.1076,101.1149,80.76743
2000-09,102.3097,102.9961,102.08,100.9767,3.162785,82.72871,101.1232,101.1347,81.04298
2000-10,102.1078,102.8433,101.8289,100.8587,2.757629,82.80547,101.1317,101.1454,81.31827
2000-11,102.0673,102.8893,101.6181,100.7596,2.384884,82.91348,101.1336,101.1478,81.59323
2000-12,102.0818,102.9747,101.4297,100.6711,2.052857,83.03831,101.1291,101.1421,81.86783
2001-01,101.9629,103.0578,101.2491,100.5863,1.761411,83.16805,101.118,101.1281,82.142
2001-02,101.6417,103.0438,101.0571,100.4961,1.516991,83.2869,101.0998,101.1051,82.4157
2001-03,101.2875,102.9274,100.8379,100.3931,1.328564,83.38179,101.0745,101.073,82.68891
2001-04,101.0023,102.6657,100.5814,100.2726,1.195353,83.44393,101.0423,101.0324,82.96159
2001-05,100.8619,102.4916,100.2949,100.138,1.112794,83.4792,101.0041,100.9841,83.23373
2001-06,100.7313,102.3605,99.98653,99.99307,1.060184,83.49406,100.96,100.9283,83.5053
2001-07,100.5616,102.2931,99.67832,99.84827,1.034318,83.50681,100.9096,100.8646,83.7763
2001-08,100.3246,102.3377,99.39326,99.71433,1.033575,83.53678,100.8521,100.7919,84.04671
2001-09,100.1046,102.3567,99.13415,99.59259,1.036878,83.5865,100.787,100.7096,84.31656
2001-10,99.94376,102.3753,98.89713,99.48123,1.02347,83.65297,100.7148,100.6184,84.58584
2001-11,99.9443,102.2537,98.66402,99.37171,0.9738448,83.72092,100.6368,100.5197,84.85456
2001-12,100.0772,102.0897,98.4243,99.25908,0.8949681,83.78147,100.5549,100.4162,85.12275
2002-01,100.0641,101.9188,98.17647,99.14264,0.7998833,83.83329,100.4722,100.3116,85.39041
2002-02,100.0863,101.8223,97.93083,99.02723,0.7183401,83.88519,100.3915,100.2096,85.65759
2002-03,100.1907,101.7043,97.69571,98.91676,0.6746905,83.94436,100.315,100.113,85.9243
2002-04,100.4639,101.6133,97.48232,98.81651,0.6910455,84.02057,100.2436,100.0226,86.19057
2002-05,100.7903,101.4948,97.29422,98.72813,0.7641542,84.11711,100.177,99.93843,86.45644
2002-06,100.8923,101.2545,97.12911,98.65055,0.8841013,84.23222,100.115,99.86008,86.72192
2002-07,100.9043,101.0449,96.99928,98.58955,1.041825,84.3768,100.0577,99.78765,86.98705
2002-08,100.8014,101.0001,96.91447,98.54971,1.224478,84.55967,100.0053,99.72138,87.25185
2002-09,100.6022,101.1358,96.87375,98.53058,1.428315,84.78038,99.95769,99.66122,87.51637
2002-10,100.4521,101.0579,96.84856,98.51874,1.627298,85.01425,99.91428,99.60633,87.7806
2002-11,100.3141,100.7529,96.82494,98.50764,1.825348,85.24912,99.87389,99.55528,88.04459
2002-12,100.314,100.217,96.8008,98.49631,2.031163,85.48321,99.83488,99.50597,88.30836
2003-01,100.546,99.95784,96.80474,98.49815,2.276578,85.74182,99.7951,99.45568,88.57193
2003-02,100.7787,99.95618,96.85661,98.52252,2.572168,86.04285,99.7526,99.40195,88.8353
2003-03,100.7522,100.1221,96.96883,98.57525,2.922651,86.39776,99.70635,99.34348,89.09848
2003-04,100.6695,100.4653,97.144,98.65755,3.319151,86.80934,99.65704,99.28114,89.3615
2003-05,100.538,100.8165,97.36198,98.75996,3.736373,87.26005,99.60632,99.21702,89.62436
2003-06,100.4866,101.0466,97.603,98.8732,4.155443,87.73244,99.5562,99.15366,89.88705
2003-07,100.7022,101.1088,97.85188,98.99014,4.546562,88.21304,99.5084,99.09323,90.14957
2003-08,101.0105,101.1454,98.10728,99.11013,4.89713,88.70067,99.46424,99.03741,90.41191
2003-09,101.0718,101.1172,98.36395,99.23073,5.201926,89.1906,99.42454,98.98721,90.67406
2003-10,101.1695,100.9909,98.60999,99.34632,5.478765,89.67198,99.38941,98.94281,90.936
2003-11,101.2083,100.9929,98.84175,99.45521,5.738776,90.14138,99.35881,98.90412,91.19768
2003-12,101.1459,101.0041,99.04237,99.54948,5.966123,90.58324,99.33295,98.87143,91.45908
2004-01,101.1298,101.0083,99.20603,99.62637,6.123127,90.99191,99.3127,98.84583,91.72014
2004-02,101.2075,101.0806,99.33872,99.68871,6.194244,91.37256,99.29902,98.82854,91.9808
2004-03,101.2643,101.1863,99.44402,99.73818,6.169644,91.72819,99.29229,98.82004,92.24103
2004-04,101.4155,101.2779,99.53106,99.77908,6.056504,92.06695,99.29161,98.81918,92.50072
2004-05,101.5189,101.2169,99.6052,99.8139,5.883046,92.39359,99.29536,98.82392,92.75981
2004-06,101.513,101.0195,99.67722,99.84775,5.682622,92.71795,99.30178,98.83203,93.0182
2004-07,101.3919,100.8899,99.76466,99.88882,5.490372,93.05627,99.30937,98.84162,93.27579
2004-08,101.2898,100.7707,99.87737,99.94178,5.317996,93.41776,99.31723,98.85156,93.53246
2004-09,101.3275,100.7821,100.0216,100.0096,5.177469,93.80841,99.32536,98.86184,93.78812
2004-10,101.4213,100.9196,100.1815,100.0847,5.064329,94.21326,99.33494,98.87395,94.04262
2004-11,101.3426,101.0141,100.3291,100.154,4.953095,94.60617,99.34766,98.89004,94.29582
2004-12,101.1927,101.0446,100.449,100.2104,4.845152,94.97214,99.36506,98.91203,94.54759
2005-01,101.0499,100.9588,100.5358,100.2511,4.740833,95.30568,99.38776,98.94073,94.79778
2005-02,100.8264,100.8399,100.6011,100.2818,4.645789,95.61754,99.41598,98.97639,95.0462
2005-03,100.7042,100.7388,100.6642,100.3115,4.575942,95.92562,99.44981,99.01917,95.29269
2005-04,100.6153,100.7374,100.7448,100.3493,4.542028,96.24866,99.48959,99.06946,95.53708
2005-05,100.559,100.7684,100.8479,100.3978,4.543302,96.59131,99.5358,99.12788,95.77916
2005-06,100.6326,100.8137,100.9742,100.4571,4.568898,96.95414,99.58895,99.19506,96.01874
2005-07,100.8916,100.8446,101.1184,100.5249,4.594901,97.33212,99.64932,99.27139,96.25561
2005-08,101.1,100.8334,101.2732,100.5976,4.603281,97.71804,99.7171,99.35707,96.48956
2005-09,101.2152,100.7506,101.4283,100.6704,4.576735,98.10178,99.79227,99.4521,96.72035
2005-10,101.2189,100.6036,101.5714,100.7377,4.519504,98.47124,99.87457,99.55614,96.94778
2005-11,101.1196,100.4079,101.698,100.7972,4.45577,98.8216,99.96341,99.66845,97.17159
2005-12,101.0265,100.3613,101.815,100.8521,4.408713,99.15919,100.0579,99.78786,97.39156
2006-01,100.8383,100.2254,101.9193,100.9012,4.3808,99.48083,100.1565,99.9125,97.60743
2006-02,100.9231,100.1306,102.0228,100.9498,4.371668,99.79762,100.2576,100.0404,97.81896
2006-03,101.1131,100.122,102.1376,101.0037,4.37387,100.1213,100.3601,100.17,98.0259
2006-04,101.3042,100.1418,102.2715,101.0666,4.374732,100.4593,100.4634,100.3006,98.22801
2006-05,101.5406,100.0655,102.4341,101.143,4.378732,100.8208,100.5675,100.4322,98.42503
2006-06,101.608,99.99223,102.6395,101.2396,4.399631,101.2198,100.6728,100.5652,98.61673
2006-07,101.5416,100.0389,102.9025,101.3631,4.457392,101.6706,100.7799,100.7006,98.80284
2006-08,101.5194,100.1895,103.2246,101.5144,4.561005,102.175,100.8896,100.8393,98.98314
2006-09,101.635,100.3603,103.5888,101.6856,4.703476,102.716,101.0026,100.9822,99.15739
2006-10,101.6843,100.6148,103.9659,101.8627,4.867658,103.2645,101.1194,101.1298,99.32535
2006-11,101.7752,100.7121,104.3135,102.026,5.015635,103.7781,101.2402,101.2826,99.48681
2006-12,102.0035,100.5827,104.601,102.1611,5.10982,104.226,101.365,101.4404,99.64154
2007-01,102.1075,100.3719,104.8281,102.2678,5.153217,104.6073,101.4936,101.6028,99.78934
2007-02,102.1605,100.2883,105.0103,102.3534,5.149665,104.9369,101.6252,101.7693,99.93004
2007-03,102.1922,100.2802,105.158,102.4228,5.09725,105.2247,101.7591,101.9386,100.0634
2007-04,102.0575,100.2602,105.2751,102.4778,4.992164,105.4744,101.894,102.1091,100.1893
2007-05,101.8748,100.3101,105.369,102.522,4.832724,105.6932,102.0282,102.2788,100.3076
2007-06,101.769,100.4192,105.4261,102.5488,4.591166,105.8669,102.1599,102.4453,100.4181
2007-07,101.6824,100.4352,105.4257,102.5486,4.233453,105.9748,102.2872,102.6061,100.5208
2007-08,101.5585,100.1511,105.3507,102.5133,3.742668,105.999,102.4076,102.7584,100.6154
2007-09,101.3896,99.71123,105.194,102.4397,3.131531,105.9325,102.5188,102.8989,100.702
2007-10,101.1841,99.22063,104.942,102.3213,2.417689,105.7611,102.6177,103.024,100.7805
2007-11,101.2137,98.67926,104.576,102.1494,1.626211,105.4658,102.7013,103.1296,100.8509
2007-12,101.0833,98.16334,104.0884,101.9203,0.7798157,105.0388,102.766,103.2115,100.9131
2008-01,100.6802,97.86095,103.4867,101.6376,-0.1144773,104.4875,102.8088,103.2655,100.9671
2008-02,100.2068,97.66061,102.7757,101.3035,-1.067245,103.8169,102.8257,103.2869,101.0131
2008-03,99.81998,97.34115,101.956,100.9184,-2.087995,103.0276,102.812,103.2697,101.051
2008-04,99.43893,96.60356,101.0358,100.4861,-3.172621,102.1281,102.7622,103.2066,101.0811
2008-05,98.97526,95.559,100.0423,100.0193,-4.302177,101.1461,102.6699,103.0899,101.1033
2008-06,98.5966,94.53901,99.02917,99.54327,-5.413212,100.1361,102.5291,102.9119,101.1178
2008-07,98.32879,94.04411,98.06449,99.09003,-6.423391,99.16759,102.3356,102.6674,101.1249
2008-08,97.86674,93.99333,97.18665,98.67759,-7.282509,98.27965,102.0883,102.3547,101.1246
2008-09,97.13596,93.85384,96.39989,98.30794,-7.982008,97.47701,101.7907,101.9785,101.1173
2008-10,96.22591,93.56283,95.71453,97.98593,-8.500875,96.77048,101.4543,101.5532,101.1032
2008-11,95.39637,93.38602,95.1546,97.72286,-8.800087,96.18471,101.0959,101.1002,101.0826
2008-12,94.79319,93.22507,94.73545,97.52593,-8.857023,95.7355,100.7366,100.6459,101.0556
2009-01,94.59254,93.10352,94.48247,97.40707,-8.650599,95.44875,100.4002,100.2206,101.0227
2009-02,94.44894,93.15915,94.42713,97.38107,-8.149461,95.35641,100.109,99.85246,100.9841
2009-03,94.55732,93.90601,94.60583,97.46503,-7.311002,95.49528,99.87897,99.56171,100.9402
2009-04,94.97441,94.94232,95.00018,97.65031,-6.150455,95.84673,99.71458,99.35389,100.8911
2009-05,95.3732,96.00211,95.56816,97.91716,-4.723646,96.36829,99.6126,99.22497,100.8372
2009-06,95.78111,96.762,96.24959,98.23732,-3.132659,96.99921,99.56525,99.16512,100.7788
2009-07,96.31818,97.27081,96.99692,98.58845,-1.488415,97.69157,99.56222,99.16127,100.7162
2009-08,96.82837,97.47073,97.76572,98.94966,0.1231479,98.40068,99.59273,99.19984,100.6495
2009-09,97.10604,97.47533,98.51629,99.3023,1.651365,99.08671,99.64709,99.26856,100.579
2009-10,97.30604,97.51012,99.20584,99.62627,3.034404,99.70688,99.71779,99.35794,100.5051
2009-11,97.39183,97.62704,99.79465,99.90292,4.197016,100.2216,99.79933,99.46103,100.4278
2009-12,97.48382,97.83816,100.2591,100.1212,5.089108,100.6076,99.88795,99.57306,100.3475
2010-01,97.67556,97.83024,100.5829,100.2733,5.65772,100.849,99.98112,99.69083,100.2645
2010-02,97.94187,97.54043,100.7668,100.3597,5.862903,100.9471,100.0771,99.81222,100.1788
2010-03,98.37774,97.1923,100.8301,100.3894,5.682418,100.9217,100.1746,99.93546,100.0909
2010-04,98.71672,96.82687,100.792,100.3715,5.160409,100.7928,100.272,100.0586,100.0008
2010-05,98.85438,96.31357,100.6777,100.3178,4.376621,100.586,100.3678,100.1797,99.90885
2010-06,98.97926,95.94041,100.5323,100.2495,3.450864,100.3465,100.4607,100.2971,99.81524
2010-07,99.06319,96.05615,100.4025,100.1885,2.487392,100.1215,100.5498,100.4097,99.72019
2010-08,99.08887,96.57234,100.3155,100.1476,1.562557,99.93825,100.6344,100.5167,99.62395
2010-09,99.10291,96.95991,100.2644,100.1236,0.7096594,99.78989,100.7134,100.6166,99.52673
2010-10,99.26855,96.99761,100.2192,100.1024,-0.06034037,99.64672,100.785,100.7071,99.42879
2010-11,99.47958,96.80601,100.1675,100.0781,-0.7232614,99.49673,100.8471,100.7856,99.33033
2010-12,99.66465,96.55679,100.1085,100.0504,-1.260666,99.33926,100.8973,100.849,99.23161
2011-01,99.67404,96.49582,100.0526,100.0241,-1.649904,99.18506,100.9334,100.8947,99.13288
2011-02,99.56455,96.65839,99.99864,99.99876,-1.896062,99.03304,100.9537,100.9203,99.03439
2011-03,99.41392,96.81779,99.93577,99.96922,-2.030161,98.87284,100.9562,100.9235,98.93639
2011-04,99.33234,96.9972,99.85966,99.93346,-2.075919,98.70043,100.9398,100.9028,98.83914
2011-05,99.26077,97.28212,99.76377,99.8884,-2.064206,98.50966,100.9036,100.857,98.74292
2011-06,99.26778,97.44433,99.63627,99.82851,-2.050223,98.28919,100.8472,100.7857,98.648
2011-07,99.1317,97.41568,99.48286,99.75643,-2.074021,98.045,100.7714,100.6899,98.55466
2011-08,98.96017,97.15401,99.31684,99.67843,-2.149046,97.79053,100.6772,100.5709,98.46319
2011-09,98.73878,96.92471,99.1577,99.60365,-2.24935,97.54527,100.5661,100.4304,98.37387
2011-10,98.58098,96.8317,98.99995,99.52954,-2.350935,97.30409,100.4394,100.2702,98.287
2011-11,98.362,96.93437,98.82461,99.44716,-2.460498,97.04861,100.2986,100.0922,98.20288
2011-12,98.28792,96.77854,98.59459,99.33909,-2.613741,96.74279,100.1458,99.89899,98.1218
2012-01,98.48807,96.22115,98.29332,99.19754,-2.837417,96.37077,99.98392,99.69438,98.04407
2012-02,98.58003,95.61416,97.93069,99.02717,-3.120549,95.94267,99.81656,99.4828,97.96996
2012-03,98.58556,95.04122,97.5209,98.83463,-3.438835,95.47277,99.64738,99.26894,97.8998
2012-04,98.54485,94.61546,97.08801,98.63124,-3.76442,94.98493,99.48004,99.05738,97.83385
2012-05,98.45235,94.34989,96.65816,98.42928,-4.065232,94.50501,99.3177,98.85216,97.77241
2012-06,98.25831,94.16168,96.24176,98.23365,-4.319732,94.04337,99.16264,98.65612,97.71575
2012-07,98.11782,93.65993,95.84478,98.04713,-4.527524,93.60599,99.01561,98.47026,97.66415
2012-08,97.97803,93.06458,95.5005,97.88537,-4.668149,93.22552,98.87688,98.29487,97.61784
2012-09,98.01218,93.00557,95.248,97.76674,-4.720922,92.94022,98.74691,98.13057,97.57709
2012-10,98.13303,93.23534,95.09201,97.69345,-4.675364,92.75477,98.62701,97.979,97.54212
2012-11,98.33054,93.41853,95.0332,97.66582,-4.511892,92.66988,98.51887,97.84229,97.51317
2012-12,98.4728,93.60475,95.06924,97.68275,-4.196053,92.68341,98.42389,97.72221,97.49043
2013-01,98.57844,93.98922,95.19646,97.74252,-3.713663,92.79188,98.34235,97.61913,97.47408
2013-02,98.73305,94.27683,95.38768,97.83237,-3.099459,92.96896,98.27388,97.53257,97.46433
2013-03,98.72902,94.56236,95.63828,97.95011,-2.369726,93.21033,98.21766,97.4615,97.46132
2013-04,98.73329,94.76177,95.93913,98.09146,-1.555707,93.50725,98.17242,97.4043,97.46519
2013-05,98.86062,95.00121,96.28943,98.25604,-0.6834295,93.85914,98.13692,97.35944,97.47606
2013-06,99.01267,95.52994,96.69083,98.44463,0.2386436,94.26779,98.11028,97.32576,97.49404
2013-07,99.14227,96.25611,97.13132,98.6516,1.19194,94.72171,98.09199,97.30262,97.51923
2013-08,99.2384,96.86436,97.59155,98.86782,2.120309,95.20219,98.08195,97.28993,97.55168
2013-09,99.25539,97.29808,98.05751,99.08675,2.96484,95.69576,98.08037,97.28794,97.59146
2013-10,99.25163,97.37591,98.50301,99.29606,3.689499,96.17696,98.08736,97.29678,97.6386
2013-11,99.43144,97.48215,98.92751,99.4955,4.289924,96.64536,98.10311,97.31669,97.69311
2013-12,99.69843,97.67397,99.32823,99.68378,4.763415,97.0983,98.1279,97.34802,97.75499
2014-01,99.86728,97.96861,99.7047,99.86066,5.111937,97.53534,98.16183,97.39092,97.82422
2014-02,99.92543,98.23583,100.0488,100.0223,5.356172,97.94854,98.20516,97.4457,97.90076
2014-03,99.86422,98.57776,100.3665,100.1716,5.507247,98.34365,98.25836,97.51295,97.98456
2014-04,99.8948,98.86493,100.6589,100.309,5.576574,98.72175,98.32198,97.59338,98.07553
2014-05,100.0395,99.18123,100.9314,100.437,5.57094,99.08797,98.39668,97.68781,98.1736
2014-06,100.2382,99.50862,101.1915,100.5592,5.496887,99.44958,98.48304,97.79699,98.27863
2014-07,100.4192,99.66376,101.446,100.6788,5.375302,99.81329,98.58109,97.92093,98.39053
2014-08,100.457,99.75747,101.7116,100.8036,5.244607,100.1952,98.69057,98.05935,98.50913
2014-09,100.4221,99.70235,101.9922,100.9354,5.12411,100.5993,98.81107,98.21167,98.63428
2014-10,100.4257,99.59686,102.2818,101.0715,5.035046,101.0195,98.94166,98.37677,98.76582
2014-11,100.4978,99.66796,102.5751,101.2093,4.971825,101.4504,99.08108,98.55302,98.90356
2014-12,100.5646,100.208,102.8688,101.3473,4.93365,101.8888,99.22745,98.73806,99.0473
2015-01,100.7868,100.9698,103.1372,101.4734,4.894083,102.3088,99.37794,98.92831,99.19683
2015-02,101.1016,101.5538,103.3377,101.5676,4.818274,102.668,99.52927,99.11962,99.35194
2015-03,101.4702,101.9951,103.4473,101.6191,4.676734,102.9429,99.67817,99.30786,99.51239
2015-04,101.7594,102.1797,103.4542,101.6223,4.456232,103.121,99.82168,99.48927,99.67796
2015-05,101.9204,102.0778,103.3759,101.5855,4.169238,103.2192,99.95725,99.66067,99.84839
2015-06,101.9153,101.9239,103.2484,101.5256,3.844157,103.2726,100.0829,99.81951,100.0235
2015-07,101.8304,101.8979,103.1098,101.4605,3.512282,103.319,100.1973,99.96414,100.2029
2015-08,101.7832,102.0256,102.9837,101.4012,3.180278,103.3817,100.2995,100.0933,100.3865
2015-09,101.6353,102.289,102.8728,101.3491,2.846814,103.4632,100.3885,100.2059,100.5739
2015-10,101.4506,102.6113,102.7547,101.2937,2.495798,103.5407,100.4634,100.3005,100.765
2015-11,101.4284,102.9023,102.5952,101.2187,2.098703,103.5795,100.5233,100.3762,100.9594
2015-12,101.5392,103.0175,102.3658,101.1109,1.630505,103.5501,100.568,100.4328,101.157
2016-01,101.4299,102.6917,102.0572,100.9659,1.108071,103.4425,100.5987,100.4716,101.3574
2016-02,101.331,102.2667,101.6999,100.7981,0.6027493,103.2868,100.6175,100.4953,101.5604
2016-03,101.2847,101.8373,101.3301,100.6243,0.17138,103.1193,100.6272,100.5076,101.7658
2016-04,101.2243,101.5634,100.9845,100.462,-0.1394151,102.9773,100.6318,100.5134,101.9733
2016-05,101.1773,101.3972,100.6821,100.3199,-0.3288515,102.8798,100.635,100.5174,102.1827
2016-06,101.2082,101.3566,100.4432,100.2076,-0.4114885,102.8476,100.6398,100.5235,102.3938
2016-07,101.1522,101.3269,100.2826,100.1322,-0.4092434,102.8962,100.6475,100.5332,102.6063
2016-08,101.0935,101.4939,100.2156,100.1007,-0.3289549,103.0416,100.6586,100.5473,102.8199
2016-09,101.2253,101.7279,100.2337,100.1092,-0.1816824,103.2752,100.6736,100.5662,103.0344
2016-10,101.4389,102.0346,100.3071,100.1437,0.02510269,103.5667,100.6935,100.5915,103.2497
2016-11,101.5634,102.2652,100.4025,100.1885,0.2919382,103.8819,100.7197,100.6246,103.4654
2016-12,101.5832,102.3154,100.4986,100.2337,0.626025,104.1983,100.753,100.6666,103.6814
2017-01,101.7485,102.2318,100.5949,100.2789,1.037309,104.5155,100.7928,100.717,103.8974
2017-02,101.87,102.1621,100.7016,100.329,1.507256,104.8436,100.8378,100.7739,104.1131
2017-03,101.7605,102.3258,100.8338,100.3911,2.016125,105.1984,100.8855,100.8342,104.3285
2017-04,101.662,102.5787,100.9887,100.4639,2.524423,105.5768,100.9323,100.8933,104.5432
2017-05,101.6694,102.7825,101.158,100.5434,3.003786,105.97,100.9743,100.9465,104.757
2017-06,101.7121,102.9457,101.3382,100.6281,3.429182,106.3745,101.0086,100.9897,104.9698
2017-07,101.6634,103.1041,101.5347,100.7205,3.789521,106.7955,101.0334,101.0211,105.1813
2017-08,101.7686,103.1856,101.7469,100.8202,4.067122,107.2324,101.0485,101.0402,105.3913
2017-09,102.0272,103.161,101.9637,100.922,4.258672,107.6734,101.0545,101.0478,105.5997
2017-10,102.2839,103.0468,102.1563,101.0125,4.365245,108.0877,101.0528,101.0456,105.8062
2017-11,102.5181,102.9297,102.299,101.0795,4.395414,108.448,101.0453,101.0361,106.0108
2017-12,102.5284,102.8558,102.3748,101.1152,4.354452,108.7356,101.0342,101.0222,106.2132
2018-01,102.4035,102.7234,102.3775,101.1164,4.236497,108.9433,101.0223,101.0071,106.4133
2018-02,102.2374,102.4408,102.3069,101.0833,4.031482,109.0704,101.012,100.994,106.611
2018-03,102.0983,102.171,102.1932,101.0299,3.754962,109.1485,101.0052,100.9855,106.806
2018-04,101.9981,102.2496,102.0731,100.9734,3.44741,109.2165,101.0032,100.9829,106.9983
2018-05,101.7777,102.4984,101.9549,100.9179,3.126495,109.2832,101.0065,100.9871,107.1878
2018-06,101.5198,102.7656,101.8375,100.8627,2.794579,109.3472,101.0154,100.9984,107.3742
2018-07,101.2217,102.7329,101.7186,100.8069,2.444477,109.4061,101.0299,101.0167,107.5576
2018-08,101.0333,102.4352,101.6157,100.7585,2.09456,109.4784,101.0496,101.0416,107.7377
2018-09,101.1046,102.0684,101.5536,100.7293,1.78108,109.5911,101.0736,101.0719,107.9146
2018-10,101.2853,101.9222,101.547,100.7262,1.547324,109.7601,101.1002,101.1055,108.088
2018-11,101.3467,101.9313,101.5813,100.7424,1.403393,109.9699,101.1272,101.1397,108.258
2018-12,101.1731,101.9346,101.6317,100.766,1.340854,110.1936,101.1523,101.1714,108.4244
2019-01,101.0138,102.0311,101.6828,100.79,1.350476,110.4145,101.1733,101.198,108.5872
2019-02,100.9712,102.2113,101.7077,100.8018,1.405653,110.6035,101.1884,101.217,108.7464
2019-03,101.0234,102.4291,101.6923,100.7945,1.462441,110.7448,101.1963,101.227,108.9018
2019-04,100.9684,102.4223,101.6213,100.7611,1.469588,110.8215,101.1968,101.2277,109.0535
2019-05,100.9794,102.5058,101.5043,100.7062,1.42832,110.8441,101.1906,101.2199,109.2014
2019-06,101.072,102.5389,101.3393,100.6287,1.337749,110.81,101.1785,101.2046,109.3455
2019-07,101.1911,102.2349,101.1151,100.5233,1.188862,110.7067,101.1615,101.1831,109.4858
2019-08,101.2166,101.8313,100.8477,100.3977,0.9803079,110.5517,101.1408,101.1569,109.6224
2019-09,100.9025,101.3811,100.5399,100.2531,0.6903781,110.3477,101.1172,101.1271,109.7552
2019-10,100.7133,100.9326,100.1842,100.0859,0.2974263,110.0866,101.0917,101.0948,109.8842
2019-11,100.9047,100.6698,99.77831,99.89524,-0.1857033,109.7657,101.0647,101.0607,110.0096
2019-12,101.066,100.5462,99.32086,99.68031,-0.7352998,109.3833,101.0363,101.0247,110.1313
2020-01,100.889,100.4355,98.82162,99.44576,-1.326152,108.9503,101.0058,100.9862,110.2494
2020-02,100.2409,99.94518,98.29411,99.19791,-1.918711,108.4813,100.9722,100.9437,110.364
2020-03,98.71543,98.50011,93.66002,97.02065,-6.567972,103.4711,87.44593,83.84404,110.4752
2020-04,96.69135,96.47855,89.17561,94.91372,-11.01637,98.61303,84.4754,80.08875,110.583
2020-05,96.17326,95.70197,90.66125,95.61172,-9.466857,100.3506,82.98221,78.20107,110.6875
2020-06,97.13744,95.94856,93.8981,97.13251,-6.119839,104.0286,86.28429,82.3755,110.7888
2020-07,98.5591,96.20759,95.01174,97.65574,-4.833506,105.3557,89.5797,86.54151,110.8871
2020-08,99.48441,96.23126,94.92162,97.6134,-4.708596,105.3462,92.86876,90.6995,110.9824
2020-09,99.8996,96.30387,95.27996,97.78175,-4.092219,105.832,92.8703,90.70145,111.0748
2020-10,100.0602,96.43122,95.7326,97.99442,-3.329993,106.4207,92.87166,90.70316,111.1646
2020-11,100.1931,96.7177,96.32092,98.27084,-2.375064,107.1587,92.87331,90.70525,111.2517
2020-12,100.3366,97.26695,97.27592,98.71954,-0.9871721,108.3035,92.91332,90.75584,111.3364
2021-01,100.5395,97.61449,98.08833,99.10123,0.3107892,109.2889,92.95417,90.80747,111.4188
2021-02,100.679,98.08926,98.8024,99.43672,1.550848,110.1637,92.99597,90.86032,111.499
2021-03,101.0016,99.0447,100.3098,100.145,8.168301,111.9229,93.44499,91.42796,111.5772
2021-04,101.3572,99.84992,100.8439,100.3959,14.17937,112.5957,93.89435,91.99603,111.6535
2021-05,101.6401,100.4635,101.3456,100.6316,12.83579,113.2314,94.34395,92.56441,111.728
2021-06,101.8053,100.8812,101.7834,100.8373,9.387916,113.7947,94.85905,93.21559,111.8009
2021-07,102.0359,101.1407,102.1339,101.002,8.451167,114.2595,95.37409,93.8667,111.8723
2021-08,102.1866,101.2407,102.3809,101.118,8.791365,114.6076,95.88902,94.51767,111.9424
2021-09,102.3554,101.135,102.505,101.1763,8.489904,114.8171,96.33482,95.08125,112.0112
2021-10,102.557,100.8007,102.4795,101.1643,7.92817,114.8579,96.78087,95.64513,112.079
2021-11,102.7104,100.1752,102.2917,101.0761,7.052252,114.7158,97.22755,96.20982,112.1458
2021-12,102.9076,99.82811,101.9636,100.922,5.642982,114.4151,97.24719,96.23465,112.2117
2022-01,103.0442,99.5069,101.5051,100.7066,4.280376,113.9668,97.26965,96.26304,112.277
2022-02,102.975,98.68084,100.9453,100.4436,2.940949,113.4036,97.2962,96.29661,112.3416
2022-03,102.4951,97.08692,100.3607,100.1689,0.7935802,112.8111,97.89359,97.05182,112.4057
2022-04,101.9765,96.23047,99.82374,99.91658,-0.2883373,112.2711,98.49815,97.81609,112.4693
2022-05,101.7516,95.80823,99.35704,99.69731,-1.256133,111.8091,99.11203,98.59215,112.5326
2022-06,101.5162,95.09873,98.96378,99.51254,-2.078945,111.429,99.24466,98.75981,112.5957
2022-07,101.0825,94.45248,98.68877,99.38333,-2.69401,111.1814,99.35659,98.90131,112.6586
2022-08,100.7911,94.39954,98.56609,99.3257,-3.056205,111.105,99.44649,99.01497,112.7213
2022-09,100.6914,94.60976,98.56951,99.32731,-3.175927,111.1706,99.49162,99.07201,112.7839
2022-10,100.657,95.06972,98.66048,99.37005,-3.067296,111.3349,99.55001,99.14584,112.8465
2022-11,100.583,95.7601,98.79842,99.43485,-2.757594,111.5524,99.61878,99.23277,112.9091
2022-12,100.6754,96.47681,98.93979,99.50127,-2.308419,111.7739,99.69466,99.3287,112.9716
2023-01,100.7807,97.01173,99.05695,99.55632,-1.753637,111.9683,99.77428,99.42935,113.0342
2023-02,100.8415,97.25093,99.13605,99.59349,-1.132068,112.1198,99.85451,99.53078,113.0969
2023-03,100.9683,97.34238,99.18585,99.61688,-0.5077903,112.2383,99.93282,99.62978,113.1595
2023-04,100.9468,97.70959,99.23481,99.63988,0.07552593,112.3559,100.0076,99.72433,113.2222
2023-05,100.6211,98.22958,99.2925,99.66698,0.6031604,112.4835,100.0781,99.81345,113.285
2023-06,100.2475,98.93349,99.35851,99.69801,1.069486,112.6207,100.1443,99.89709,113.3478
2023-07,100.0765,99.37422,99.40371,99.71924,1.396839,112.7344,100.2068,99.97617,113.4106
2023-08,100.0998,99.10279,99.40922,99.72183,1.528429,112.8031,100.2669,100.0521,113.4735
2023-09,100.0449,98.49221,99.39354,99.71446,,,,,
2023-10,99.95899,98.10963,99.38583,99.71084,,,,,
2023-11,99.83297,97.89375,99.39107,99.7133,,,,,
