country,CHE,CHE,CHE,CHE,CHE,CHE,CHE,CHE,CHE
subject,BSCICP03,CSCICP03,LOLITOAA,LOLITONO,LOLITOTR_GYSA,LOLITOTR_STSA,LORSGPNO,LORSGPRT,LORSGPTD
measure,,,,,,,,,
unit,Index,Index,Index,Index,Percentage,Index,Index,Index,Index
powercode,Units,Units,Units,Units,Units,Units,Units,Units,Units
reference_period,,,,,,,,,
time,,,,,,,,,
1960-02,,,,,,,97.36461,96.87406,29.82078
1960-03,,,,,,,97.67759,97.24221,29.95369
1960-04,,,,,,,97.99763,97.61867,30.08718
1960-05,,,,,,,98.32759,98.00681,30.22124
1960-06,,,,,,,98.65756,98.39495,30.35586
1960-07,,,,,,,98.95393,98.74356,30.49102
1960-08,,,,,,,99.18168,99.01147,30.62668
1960-09,,,,,,,99.32897,99.18472,30.76282
1960-10,,,,,,,99.43601,99.31064,30.89941
1960-11,,,,,,,99.55876,99.45503,31.03641
1960-12,,,,,,,99.73516,99.66253,31.1738
1961-01,,,,,,,99.95018,99.91545,31.31152
1961-02,,,,,,,100.1648,100.1679,31.44954
1961-03,,,,,,,100.3419,100.3763,31.58781
1961-04,,,,,,,100.472,100.5292,31.7263
1961-05,,,,,,,100.5611,100.6341,31.86496
1961-06,,,,,,,100.623,100.7069,32.00375
1961-07,,,,,,,100.6726,100.7652,32.14264
1961-08,,,,,,,100.7206,100.8217,32.28158
1961-09,,,,,,,100.7687,100.8783,32.42054
1961-10,,,,,,,100.8044,100.9202,32.55947
1961-11,,,,,,,100.8112,100.9283,32.69836
1961-12,,,,,,,100.7801,100.8917,32.83715
1962-01,,,,,,,100.7217,100.823,32.97583
1962-02,,,,,,,100.6546,100.744,33.11436
1962-03,,,,,,,100.5951,100.674,33.25271
1962-04,,,,,,,100.5481,100.6188,33.39087
1962-05,,,,,,,100.5098,100.5737,33.5288
1962-06,,,,,,,100.4683,100.5249,33.66648
1962-07,,,,,,,100.4051,100.4506,33.80389
1962-08,,,,,,,100.301,100.3282,33.94101
1962-09,,,,,,,100.1432,100.1425,34.07781
1962-10,,,,,,,99.93552,99.8982,34.21428
1962-11,,,,,,,99.69867,99.6196,34.3504
1962-12,,,,,,,99.47305,99.3542,34.48614
1963-01,,,,,,,99.32447,99.17943,34.62149
1963-02,,,,,,,99.3182,99.17205,34.75644
1963-03,,,,,,,99.48836,99.37221,34.89095
1963-04,,,,,,,99.79673,99.73495,35.025
1963-05,,,,,,,100.1732,100.1778,35.15855
1963-06,,,,,,,100.5456,100.6158,35.29157
1963-07,,,,,,,100.8649,100.9914,35.42403
1963-08,,,,,,,101.1013,101.2694,35.5559
1963-09,,,,,,,101.2441,101.4375,35.68715
1963-10,,,,,,,101.3072,101.5117,35.81776
1963-11,,,,,,,101.3185,101.5249,35.9477
1963-12,,,,,,,101.3145,101.5203,36.07697
1964-01,,,,,,,101.3398,101.5501,36.20555
1964-02,,,,,,,101.4275,101.6532,36.33344
1964-03,,,,,,,101.5776,101.8298,36.46063
1964-04,,,,,,,101.7319,102.0113,36.58712
1964-05,,,,,,,101.8129,102.1066,36.71292
1964-06,,,,,,,101.7639,102.049,36.83803
1964-07,,,,,,,101.5932,101.8481,36.96247
1964-08,,,,,,,101.345,101.5561,37.08628
1964-09,,,,,,,101.0787,101.2429,37.20947
1964-10,,,,,,,100.8543,100.979,37.3321
1964-11,,,,,,,100.7185,100.8192,37.45419
1964-12,,,,,,,100.6882,100.7835,37.57579
1965-01,,,,,,,100.7282,100.8306,37.69695
1965-02,,,,,,,100.7841,100.8964,37.81771
1965-03,,,,,,,100.8094,100.9261,37.93812
1965-04,,,,,,,100.7921,100.9058,38.05823
1965-05,,,,,,,100.7361,100.8399,38.1781
1965-06,,,,,,,100.6447,100.7325,38.2978
1965-07,,,,,,,100.5087,100.5724,38.41739
1965-08,,,,,,,100.3147,100.3442,38.53692
1965-09,,,,,,,100.0577,100.042,38.65648
1965-10,,,,,,,99.75736,99.68864,38.77613
1965-11,,,,,,,99.45139,99.32873,38.89595
1965-12,,,,,,,99.19294,99.02471,39.01602
1966-01,99.84339,,,,,,99.04824,98.8545,39.13641
1966-02,99.84637,,,,,,99.06986,98.87994,39.25719
1966-03,99.93755,,,,,,99.26215,99.10612,39.37843
1966-04,100.1019,,,,,,99.53337,99.42516,39.50019
1966-05,100.3004,,,,,,99.76425,99.69674,39.62252
1966-06,100.6187,,,,,,99.87069,99.82194,39.74549
1966-07,100.7417,,,,,,99.86929,99.82029,39.86915
1966-08,100.6828,,,,,,99.82578,99.76911,39.99358
1966-09,100.7408,,,,,,99.81017,99.75075,40.11883
1966-10,100.8041,,,,,,99.855,99.8035,40.24497
1966-11,100.8505,,,,,,99.96095,99.92812,40.37206
1966-12,100.7773,,,,,,100.0975,100.0888,40.50017
1967-01,100.5286,,,,,,100.1992,100.2084,40.62934
1967-02,99.90511,,98.29863,98.67053,,40.06618,100.193,100.2011,40.75965
1967-03,99.81039,,98.32774,98.69321,,40.20735,100.0285,100.0076,40.89116
1967-04,99.58894,,98.43726,98.77857,,40.38282,99.71525,99.6391,41.02392
1967-05,99.39498,,98.63201,98.93037,,40.59498,99.2943,99.14394,41.15802
1967-06,99.31611,,98.88683,99.12897,,40.83385,98.82029,98.58637,41.29351
1967-07,99.3534,,99.18465,99.36108,,41.09268,98.35107,98.03442,41.43048
1967-08,99.47897,,99.48974,99.59887,,41.35687,97.93832,97.54892,41.56898
1967-09,99.6087,,99.80557,99.84502,,41.62798,97.61846,97.17266,41.70908
1967-10,99.67703,,100.0682,100.0497,,41.87935,97.3997,96.91533,41.85081
1967-11,99.62289,,100.2721,100.2087,,42.10852,97.27573,96.76952,41.99423
1967-12,99.62566,,100.4249,100.3277,,42.31842,97.23164,96.71764,42.13937
1968-01,99.69109,,100.5303,100.4099,,42.51049,97.24245,96.73037,42.28623
1968-02,99.95293,,100.5992,100.4636,6.546502,42.68911,97.28705,96.78283,42.43485
1968-03,100.1448,,100.6851,100.5305,6.639585,42.87695,97.35772,96.86595,42.58521
1968-04,100.3372,,100.8769,100.68,6.758402,43.11205,97.46712,96.99464,42.7373
1968-05,100.6003,,101.1111,100.8625,6.830112,43.36766,97.63331,97.19012,42.89112
1968-06,100.8434,,101.3366,101.0383,6.827969,43.62197,97.86169,97.45878,43.04662
1968-07,100.9867,,101.5155,101.1777,6.730743,43.85852,98.12247,97.76553,43.20377
1968-08,101.0404,,101.6508,101.2831,6.580396,44.07832,98.36668,98.05278,43.36251
1968-09,101.1801,,101.7709,101.3768,6.403271,44.29353,98.53963,98.25624,43.52279
1968-10,101.5747,,101.9057,101.4818,6.298224,44.51701,98.59563,98.3221,43.68453
1968-11,102.0752,,102.0451,101.5905,6.259725,44.74439,98.51229,98.22408,43.84768
1968-12,102.3427,,102.2085,101.7178,6.299144,44.98412,98.31274,97.98933,44.01213
1969-01,102.5429,,102.3808,101.8522,6.396422,45.22964,98.09612,97.73453,44.17784
1969-02,102.921,,102.4639,101.9169,6.437704,45.43731,97.98064,97.5987,44.34469
1969-03,103.501,,102.4108,101.8755,6.317493,45.5857,98.04897,97.67907,44.5126
1969-04,103.8659,,102.1525,101.6742,5.871099,45.64321,98.30862,97.9845,44.68145
1969-05,103.7116,,101.7475,101.3585,5.227925,45.63489,98.71228,98.45931,44.85112
1969-06,103.5749,,101.317,101.023,4.567516,45.61441,99.184,99.01419,45.02148
1969-07,103.6674,,100.9786,100.7592,4.049593,45.63461,99.63451,99.54413,45.19238
1969-08,103.7874,,100.712,100.5515,3.648807,45.68665,99.9873,99.95911,45.36367
1969-09,103.9245,,100.5073,100.392,3.32482,45.76622,100.2067,100.2171,45.53521
1969-10,103.947,,100.3633,100.2797,3.045805,45.87291,100.3151,100.3447,45.70684
1969-11,103.8617,,100.2054,100.1566,2.745041,45.97264,100.3678,100.4067,45.87843
1969-12,103.7848,,100.0028,99.99878,2.371958,46.05113,100.4164,100.4639,46.04982
1970-01,103.6372,,99.72179,99.77973,1.907211,46.09227,100.4782,100.5366,46.22085
1970-02,103.6039,,99.42912,99.55162,1.516887,46.12654,100.5497,100.6207,46.39138
1970-03,103.6723,,99.16161,99.34313,1.283729,46.17089,100.6201,100.7035,46.56126
1970-04,103.838,,98.88268,99.12574,1.237832,46.20819,100.6836,100.7782,46.73032
1970-05,103.9727,,98.60696,98.91084,1.337152,46.2451,100.7363,100.8402,46.89841
1970-06,103.8534,,98.31329,98.68195,1.4406,46.27153,100.7735,100.8839,47.06539
1970-07,103.5664,,98.1235,98.53403,1.556259,46.3448,100.7877,100.9007,47.2311
1970-08,103.2721,,98.11137,98.52458,1.78085,46.50026,100.7731,100.8835,47.39539
1970-09,102.9525,,98.25187,98.63409,2.098738,46.72673,100.731,100.8339,47.55811
1970-10,102.6291,,98.4827,98.814,2.446231,46.99507,100.6779,100.7715,47.71911
1970-11,102.4482,,98.80935,99.06858,2.905098,47.3082,100.6358,100.722,47.87826
1970-12,102.3138,,99.16724,99.34751,3.44022,47.63539,100.6236,100.7076,48.03541
1971-01,102.2425,,99.51115,99.61555,4.040966,47.95484,100.6475,100.7357,48.19041
1971-02,102.1857,,99.82766,99.86224,4.62484,48.25982,100.705,100.8034,48.34314
1971-03,102.0223,,100.0565,100.0406,5.08962,48.52082,100.7861,100.8987,48.49343
1971-04,101.7283,,100.1605,100.1216,5.434143,48.71921,100.8719,100.9997,48.64117
1971-05,101.535,,100.1673,100.1269,5.671325,48.86781,100.9426,101.0828,48.7862
1971-06,101.4365,,100.0787,100.0579,5.825122,48.9669,100.9846,101.1323,48.92839
1971-07,101.0932,,99.89335,99.91344,5.762213,49.01529,101.0,101.1503,49.06762
1971-08,100.6915,,99.72049,99.77871,5.518184,49.06623,100.9975,101.1474,49.20376
1971-09,100.5406,,99.6779,99.74552,5.245491,49.17777,100.9872,101.1353,49.33669
1971-10,100.3955,,99.82822,99.86268,5.077646,49.38131,100.9759,101.122,49.46628
1971-11,100.0111,,100.1959,100.1492,5.033768,49.68958,100.9667,101.1112,49.59243
1971-12,99.55255,,100.7495,100.5807,5.147957,50.08764,100.9589,101.102,49.71503
1972-01,99.1628,,101.4632,101.137,5.439093,50.56314,100.9482,101.0895,49.83395
1972-02,99.03529,,102.2643,101.7613,5.843926,51.08009,100.9314,101.0696,49.94912
1972-03,99.23923,,103.047,102.3714,6.316767,51.58576,100.9103,101.0448,50.06041
1972-04,99.39756,,103.6557,102.8458,6.737635,52.00174,100.8982,101.0306,50.16775
1972-05,99.27635,,104.0042,103.1174,6.990664,52.28399,100.9131,101.0482,50.27104
1972-06,99.21982,,104.1774,103.2524,7.162953,52.47438,100.9716,101.1169,50.3702
1972-07,99.42824,,104.2688,103.3236,7.352987,52.61938,101.0805,101.2451,50.46515
1972-08,99.81449,101.57,104.2605,103.3171,7.425677,52.70973,101.2383,101.4307,50.5558
1972-09,100.1604,101.67,104.1222,103.2094,7.222569,52.72967,101.4326,101.6592,50.6421
1972-10,100.5042,101.72,103.7801,102.9427,6.601792,52.64137,101.6347,101.897,50.72397
1972-11,100.9137,101.9252,103.2472,102.5274,5.557304,52.45098,101.8114,102.1048,50.80135
1972-12,101.2276,101.51,102.6628,102.0719,4.274981,52.22887,101.9368,102.2523,50.8742
1973-01,101.5925,101.1094,102.0818,101.6191,2.847647,52.00301,102.0061,102.3338,50.94247
1973-02,101.7997,100.7553,101.478,101.1485,1.331066,51.76,102.0286,102.3603,51.00613
1973-03,101.727,100.484,100.8849,100.6862,-0.1332526,51.51702,102.0245,102.3555,51.06516
1973-04,101.5115,100.278,100.3789,100.2918,-1.323997,51.31323,102.0257,102.3569,51.11956
1973-05,101.3096,100.1297,100.0273,100.0178,-2.105232,51.18329,102.0672,102.4057,51.16932
1973-06,101.3143,100.0413,99.85921,99.88683,-2.538417,51.14236,102.1783,102.5363,51.21446
1973-07,101.4015,99.96546,99.76527,99.81361,-2.821553,51.13469,102.3721,102.7643,51.255
1973-08,101.525,99.84718,99.67245,99.74128,-3.010363,51.12298,102.6513,103.0927,51.29098
1973-09,101.6162,99.65321,99.53133,99.63129,-3.124954,51.08189,103.0081,103.5125,51.32243
1973-10,101.6754,99.44358,99.35815,99.49632,-3.080362,51.01982,103.4192,103.996,51.3494
1973-11,101.6908,99.30077,99.16418,99.34512,-2.875798,50.9426,103.8522,104.5054,51.37198
1973-12,101.7018,99.27448,98.92593,99.15944,-2.66252,50.83827,104.2699,104.9967,51.39024
1974-01,101.7165,99.25969,98.65503,98.9483,-2.480803,50.71291,104.6329,105.4237,51.40429
1974-02,101.5896,99.09981,98.40834,98.75604,-2.249023,50.59591,104.8987,105.7364,51.41425
1974-03,101.4197,98.67846,98.16878,98.56932,-2.015612,50.47864,105.0252,105.8851,51.42026
1974-04,101.2571,98.15621,97.94951,98.39843,-1.841913,50.36809,104.9817,105.8339,51.4225
1974-05,101.0737,97.75478,97.72504,98.22349,-1.820798,50.25135,104.7465,105.5574,51.42116
1974-06,100.8056,97.642,97.5398,98.07911,-1.937466,50.1515,104.3167,105.0518,51.41644
1974-07,100.4856,97.696,97.44114,98.00221,-2.036912,50.09312,103.7108,104.3391,51.4086
1974-08,100.145,97.76094,97.38306,97.95695,-2.093283,50.05283,102.9679,103.4652,51.39788
1974-09,99.68365,97.73591,97.31925,97.90721,-2.104104,50.00708,102.1383,102.4893,51.38457
1974-10,98.97027,97.65286,97.24462,97.84905,-2.089924,49.95354,101.2849,101.4855,51.36895
1974-11,98.20848,97.57596,97.15208,97.77692,-2.068432,49.88889,100.4686,100.5252,51.35133
1974-12,97.58503,97.55891,97.09232,97.73034,-1.96474,49.83943,99.73579,99.66326,51.332
1975-01,96.88512,97.59615,97.13153,97.76091,-1.722399,49.83944,99.10513,98.92142,51.31128
1975-02,96.08769,97.68454,97.30591,97.89681,-1.360243,49.90768,98.57979,98.30346,51.28947
1975-03,95.51801,97.83065,97.63467,98.15305,-0.8407922,50.05422,98.15237,97.8007,51.26685
1975-04,95.12057,98.00703,98.10993,98.52346,-0.1844439,50.27519,97.80212,97.38869,51.24373
1975-05,94.90583,98.18745,98.70007,98.98341,0.6033598,50.55455,97.50677,97.04128,51.22038
1975-06,94.9615,98.35197,99.28159,99.43664,1.351434,50.82926,97.2489,96.73795,51.19706
1975-07,95.11797,98.48788,99.80294,99.84297,1.956516,51.0732,97.0182,96.46658,51.17405
1975-08,95.14205,98.56977,100.2064,100.1574,2.406072,51.25714,96.81012,96.22181,51.15158
1975-09,94.97005,98.56824,100.5063,100.3912,2.762973,51.38876,96.62248,96.0011,51.12988
1975-10,95.16228,98.51257,100.8109,100.6285,3.143016,51.52359,96.46731,95.81857,51.10916
1975-11,95.58883,98.43887,101.1266,100.8746,3.56059,51.66522,96.3559,95.68752,51.08964
1975-12,96.05239,98.39208,101.4245,101.1068,3.931789,51.79901,96.29848,95.61998,51.07149
1976-01,96.55115,98.44637,101.7011,101.3224,4.181334,51.92339,96.30047,95.62231,51.05488
1976-02,97.16557,98.73706,101.9162,101.49,4.228421,52.01799,96.36702,95.70061,51.03996
1976-03,97.76181,99.39164,102.0564,101.5993,4.039514,52.07617,96.50311,95.86068,51.02686
1976-04,98.27322,100.2244,102.1082,101.6396,3.612107,52.09118,96.70871,96.10252,51.01569
1976-05,98.50229,101.0097,102.0322,101.5804,2.944454,52.0431,96.98048,96.42221,51.00656
1976-06,98.50162,101.577,101.8937,101.4725,2.235048,51.96532,97.30822,96.80773,50.99955
1976-07,98.46318,101.954,101.706,101.3262,1.549737,51.8647,97.66607,97.22867,50.99471
1976-08,98.40292,102.1446,101.4793,101.1495,0.9546139,51.74644,98.02204,97.64738,50.99212
1976-09,98.49218,102.0982,101.2461,100.9678,0.4640515,51.62723,98.34521,98.02753,50.99182
1976-10,98.64672,101.8653,101.0228,100.7937,-0.01588352,51.51541,98.61312,98.34268,50.99384
1976-11,98.49274,101.4447,100.7574,100.5869,-0.5433924,51.38448,98.81107,98.57552,50.9982
1976-12,98.13989,100.8182,100.5264,100.4068,-1.014673,51.27342,98.9351,98.72143,51.00495
1977-01,98.05629,100.1719,100.3039,100.2334,-1.452617,51.16914,98.99977,98.79749,51.0141
1977-02,98.18845,99.76401,100.1615,100.1225,-1.749229,51.10807,99.02715,98.8297,51.02565
1977-03,98.32402,99.81224,100.1644,100.1247,-1.829238,51.12357,99.03996,98.84476,51.03964
1977-04,98.4017,100.1431,100.2406,100.1841,-1.751302,51.17891,99.05691,98.86469,51.05606
1977-05,98.50958,100.5649,100.4048,100.3121,-1.463024,51.2817,99.09004,98.90367,51.07492
1977-06,98.5492,100.9584,100.6081,100.4705,-1.074562,51.40692,99.14147,98.96417,51.09622
1977-07,98.61456,101.2758,100.7761,100.6015,-0.6709633,51.51671,99.19865,99.03143,51.11995
1977-08,98.69865,101.4692,100.8969,100.6956,-0.2737129,51.60481,99.24378,99.08452,51.1461
1977-09,98.7289,101.4935,100.949,100.7362,0.06400591,51.66027,99.26263,99.10669,51.17465
1977-10,98.79134,101.4347,100.8842,100.6857,0.2774587,51.65834,99.2538,99.09631,51.2056
1977-11,98.88865,101.3819,100.7911,100.6131,0.5056167,51.64429,99.22282,99.05985,51.23893
1977-12,99.04984,101.3844,100.6844,100.53,0.686735,51.62553,99.17776,99.00686,51.2746
1978-01,99.07599,101.4012,100.5428,100.4196,0.8246775,51.59112,99.12634,98.94637,51.31261
1978-02,98.97337,101.3604,100.3757,100.2894,0.8565257,51.54583,99.0746,98.88551,51.35291
1978-03,98.80161,101.2044,100.196,100.1493,0.7288709,51.4962,99.02592,98.82824,51.39548
1978-04,98.67806,100.9922,100.0356,100.0243,0.5464873,51.45859,98.97973,98.77392,51.44028
1978-05,98.63532,100.7976,99.90079,99.91924,0.3012468,51.43618,98.9346,98.72083,51.48726
1978-06,98.75908,100.663,99.75546,99.80596,0.006699931,51.41036,98.89079,98.66929,51.53639
1978-07,98.844,100.5361,99.59312,99.67944,-0.269813,51.37771,98.85257,98.62434,51.58761
1978-08,98.85506,100.3356,99.44556,99.56444,-0.4849471,51.35455,98.82632,98.59345,51.64087
1978-09,98.70307,100.0098,99.37294,99.50784,-0.5581567,51.37193,98.81796,98.58362,51.69609
1978-10,98.35323,99.66796,99.40651,99.534,-0.4108959,51.44608,98.82938,98.59705,51.75323
1978-11,98.05701,99.48071,99.59341,99.67966,-0.08278251,51.60154,98.86037,98.63351,51.8122
1978-12,98.05084,99.59631,99.94772,99.95581,0.4266824,51.84581,98.90884,98.69053,51.87293
1979-01,98.24903,99.90238,100.3442,100.2648,1.013646,52.11407,98.96953,98.76191,51.93533
1979-02,98.51891,100.2693,100.6752,100.5228,1.560931,52.35042,99.03793,98.84238,51.99931
1979-03,98.88654,100.6034,100.8945,100.6937,2.008507,52.5305,99.11328,98.93102,52.06477
1979-04,99.32202,100.8392,100.9713,100.7536,2.29194,52.63799,99.20065,99.03378,52.13163
1979-05,99.7153,100.8785,100.9302,100.7216,2.42855,52.68533,99.3093,99.16159,52.19977
1979-06,100.0388,100.6289,100.8045,100.6236,2.4883,52.68961,99.44996,99.32704,52.26908
1979-07,100.2233,100.2377,100.658,100.5094,2.5422,52.68384,99.63035,99.53923,52.33946
1979-08,100.4882,99.87777,100.5833,100.4512,2.652055,52.7165,99.85609,99.80477,52.41079
1979-09,100.7915,99.67492,100.5638,100.4359,2.73865,52.77883,100.1285,100.1252,52.48296
1979-10,101.1405,99.60383,100.6061,100.4689,2.776281,52.87437,100.4388,100.4902,52.55583
1979-11,101.3813,99.63907,100.6556,100.5075,2.660355,52.97432,100.7712,100.8812,52.6293
1979-12,101.4761,99.77419,100.64,100.4953,2.304343,53.04052,101.103,101.2715,52.70323
1980-01,101.4694,99.93454,100.5576,100.4311,1.837738,53.07179,101.4028,101.6241,52.77752
1980-02,101.5132,100.0368,100.4002,100.3085,1.362244,53.06356,101.6398,101.9029,52.85205
1980-03,101.4464,100.0232,100.1423,100.1075,0.8976163,53.00202,101.7957,102.0864,52.92672
1980-04,101.1193,99.95387,99.87132,99.89626,0.5608585,52.93322,101.881,102.1867,53.00142
1980-05,100.7378,99.90701,99.64464,99.7196,0.3836502,52.88746,101.9181,102.2303,53.07607
1980-06,100.4898,99.93439,99.49809,99.60538,0.3686114,52.88383,101.9294,102.2435,53.15059
1980-07,100.3984,99.99471,99.49413,99.60229,0.5159431,52.95566,101.9294,102.2436,53.2249
1980-08,100.3009,100.0225,99.58239,99.67108,0.6826382,53.07637,101.9256,102.2391,53.29895
1980-09,100.2079,99.9641,99.686,99.75184,0.8075994,53.20507,101.92,102.2325,53.37266
1980-10,100.2614,99.84609,99.79958,99.84035,0.8785148,53.33888,101.9116,102.2226,53.44599
1980-11,100.2697,99.69526,99.89983,99.91849,0.9268215,53.4653,101.9,102.209,53.51891
1980-12,100.1784,99.51797,99.9858,99.9855,1.024223,53.58377,101.8895,102.1967,53.59138
1981-01,100.021,99.31253,100.0848,100.0626,1.200393,53.70886,101.8936,102.2015,53.66338
1981-02,99.87926,99.06012,100.1506,100.1139,1.417618,53.8158,101.926,102.2397,53.73489
1981-03,99.73629,98.74398,100.155,100.1174,1.674099,53.88933,101.9916,102.3168,53.80592
1981-04,99.58898,98.4155,100.0848,100.0626,1.868252,53.92214,102.0748,102.4146,53.87646
1981-05,99.45679,98.14814,99.96191,99.96687,1.96364,53.92598,102.1501,102.5032,53.94653
1981-06,99.28986,98.00375,99.82495,99.86013,1.962346,53.92159,102.192,102.5525,54.01614
1981-07,99.23434,97.93771,99.67167,99.74066,1.797926,53.90776,102.1847,102.5439,54.08534
1981-08,99.20284,97.90488,99.48672,99.59651,1.506934,53.87619,102.1185,102.4661,54.15416
1981-09,99.08248,97.88725,99.28338,99.43803,1.182235,53.83408,101.9897,102.3146,54.22265
1981-10,98.9978,97.88833,99.09454,99.29086,0.8632112,53.7993,101.8045,102.0967,54.29088
1981-11,98.97495,97.93297,98.94674,99.17566,0.6005689,53.78639,101.5725,101.8237,54.35893
1981-12,98.87914,98.04834,98.83238,99.08653,0.3874504,53.79138,101.304,101.508,54.42688
1982-01,98.57695,98.20151,98.71958,98.99861,0.1642006,53.79705,101.0117,101.1641,54.49482
1982-02,98.16038,98.34849,98.57851,98.88866,-0.05308822,53.78723,100.7068,100.8055,54.56284
1982-03,97.8048,98.44558,98.45885,98.79541,-0.1859689,53.78911,100.399,100.4434,54.63105
1982-04,97.58086,98.46683,98.39161,98.743,-0.1898292,53.81978,100.0957,100.0866,54.69957
1982-05,97.40662,98.35988,98.34131,98.7038,-0.1222707,53.86005,99.80331,99.74269,54.76849
1982-06,97.22765,98.07767,98.28729,98.6617,-0.04244008,53.8987,99.52821,99.41908,54.83792
1982-07,96.95949,97.73829,98.23226,98.6188,0.05488884,53.93735,99.27657,99.12309,54.90798
1982-08,96.72494,97.49638,98.18179,98.57947,0.1910847,53.97914,99.05583,98.86343,54.97877
1982-09,96.6288,97.47185,98.16686,98.56783,0.3848354,54.04125,98.87429,98.64989,55.0504
1982-10,96.62381,97.58093,98.20778,98.59972,0.6240603,54.13504,98.73855,98.49021,55.12297
1982-11,96.73239,97.73106,98.30929,98.67884,0.8867717,54.26336,98.65263,98.38915,55.19657
1982-12,96.86823,97.88203,98.47066,98.80461,1.179801,54.42601,98.61379,98.34347,55.27129
1983-01,96.99065,98.06617,98.63223,98.93053,1.474319,54.59019,98.60458,98.33263,55.34722
1983-02,97.21268,98.3602,98.84632,99.0974,1.855037,54.785,98.60406,98.33202,55.42442
1983-03,97.47083,98.82397,99.15947,99.34145,2.318954,55.03646,98.59673,98.32339,55.50298
1983-04,97.80815,99.32933,99.52635,99.6274,2.786873,55.31967,98.58065,98.30448,55.58294
1983-05,98.21743,99.69525,99.89071,99.91138,3.237066,55.60353,98.56125,98.28165,55.66437
1983-06,98.55596,99.78156,100.1777,100.1351,3.613618,55.8464,98.54555,98.26319,55.74731
1983-07,98.80875,99.72198,100.3458,100.2661,3.870343,56.02491,98.53659,98.25266,55.83182
1983-08,98.92216,99.68981,100.4381,100.338,4.045527,56.16288,98.53593,98.25187,55.91793
1983-09,98.95361,99.80956,100.5262,100.4067,4.18031,56.30034,98.5455,98.26314,56.00565
1983-10,98.93517,100.0411,100.5879,100.4548,4.229732,56.42481,98.56882,98.29056,56.09503
1983-11,98.9416,100.3235,100.6446,100.4989,4.210715,56.54823,98.60952,98.33844,56.18607
1983-12,99.09233,100.6066,100.7256,100.5621,4.154513,56.68715,98.66893,98.40833,56.27878
1984-01,99.26725,100.8324,100.7837,100.6074,4.075371,56.81495,98.74208,98.49436,56.37316
1984-02,99.45148,100.9176,100.8156,100.6322,3.914817,56.92974,98.82371,98.59039,56.4692
1984-03,99.61531,100.7943,100.7725,100.5987,3.574797,57.0039,98.9131,98.69554,56.56689
1984-04,99.6738,100.5903,100.6506,100.5036,3.100549,57.03489,99.01814,98.81909,56.66622
1984-05,99.65724,100.4679,100.4858,100.3752,2.588638,57.0429,99.14888,98.97289,56.76715
1984-06,99.71529,100.5444,100.3567,100.2745,2.195478,57.07249,99.30994,99.16234,56.86967
1984-07,99.72446,100.7288,100.2839,100.2178,1.982256,57.13547,99.49067,99.37493,56.97372
1984-08,99.80386,100.9,100.2945,100.2261,1.931033,57.24741,99.6751,99.59188,57.07929
1984-09,99.98351,100.9749,100.3445,100.2651,1.923581,57.38332,99.8503,99.79797,57.18632
1984-10,100.1449,100.991,100.4062,100.3132,1.954308,57.52753,100.0143,99.99084,57.29477
1984-11,100.2582,101.0055,100.4555,100.3515,1.976754,57.66605,100.1692,100.173,57.4046
1984-12,100.3106,101.054,100.4572,100.3529,1.925623,57.77872,100.315,100.3446,57.51576
1985-01,100.3539,101.1094,100.4789,100.3698,1.917168,57.90418,100.4442,100.4966,57.62821
1985-02,100.3721,101.1223,100.5356,100.414,1.969823,58.05115,100.5453,100.6155,57.74191
1985-03,100.3555,101.0529,100.5932,100.4589,2.09832,58.20002,100.6085,100.6898,57.85681
1985-04,100.3879,100.946,100.6483,100.5018,2.303514,58.34869,100.6329,100.7185,57.97288
1985-05,100.5171,100.865,100.6982,100.5407,2.546765,58.49566,100.6227,100.7066,58.09007
1985-06,100.6456,100.8626,100.7428,100.5755,2.747769,58.64071,100.5872,100.6648,58.20837
1985-07,100.7245,100.9266,100.7997,100.6198,2.903087,58.79416,100.5418,100.6114,58.32774
1985-08,100.7465,101.0535,100.9025,100.6999,3.01885,58.97562,100.5019,100.5644,58.44814
1985-09,100.6796,101.2566,101.0458,100.8116,3.134616,59.18207,100.477,100.5352,58.56957
1985-10,100.6412,101.5105,101.2238,100.9504,3.27281,59.41029,100.4646,100.5205,58.692
1985-11,100.6729,101.7962,101.3981,101.0863,3.419109,59.63771,100.4566,100.5112,58.8154
1985-12,100.8249,102.0942,101.5034,101.1683,3.543059,59.82586,100.4455,100.4981,58.93975
1986-01,101.0316,102.3467,101.3365,101.0382,3.368103,59.85446,100.429,100.4787,59.06505
1986-02,101.2024,102.4567,101.0985,100.8527,3.084094,59.8415,100.4065,100.4523,59.19127
1986-03,101.2172,102.3322,100.7909,100.613,2.727745,59.78757,100.3751,100.4153,59.31841
1986-04,101.0267,102.0732,100.4719,100.3644,2.362183,59.72699,100.3262,100.3578,59.44645
1986-05,100.6848,101.7911,100.1629,100.1236,2.011785,59.67246,100.2494,100.2674,59.57538
1986-06,100.314,101.5626,99.83427,99.86739,1.646537,59.60625,100.1369,100.135,59.7052
1986-07,100.2078,101.4062,99.57812,99.66775,1.342498,59.58347,99.99036,99.96271,59.83591
1986-08,100.2996,101.3485,99.43258,99.55431,1.104857,59.62721,99.81644,99.75813,59.96748
1986-09,100.2749,101.4175,99.3971,99.52666,0.9386628,59.73759,99.6244,99.53223,60.09993
1986-10,100.116,101.5373,99.44075,99.56069,0.8182163,59.8964,99.42599,99.29885,60.23325
1986-11,99.94018,101.6169,99.50859,99.61356,0.7261487,60.07077,99.23422,99.07327,60.36742
1986-12,99.84639,101.5878,99.62698,99.70583,0.7536797,60.27676,99.06255,98.87134,60.50245
1987-01,99.856,101.4813,99.83969,99.87162,1.147173,60.54109,98.92363,98.70792,60.6383
1987-02,99.87236,101.3328,100.0804,100.0592,1.641514,60.82381,98.82879,98.59636,60.77496
1987-03,99.91684,101.1622,100.3477,100.2675,2.235602,61.12418,98.78512,98.54499,60.91241
1987-04,99.93638,100.9974,100.5909,100.4571,2.820142,61.41138,98.78938,98.55001,61.05061
1987-05,99.87765,100.8707,100.772,100.5983,3.333949,61.66191,98.83325,98.60162,61.18951
1987-06,99.87016,100.8099,100.9052,100.702,3.821666,61.88421,98.90494,98.68594,61.32907
1987-07,99.96976,100.7914,100.9557,100.7414,4.150843,62.05669,98.9879,98.78352,61.46923
1987-08,100.1053,100.791,100.8364,100.6484,4.189365,62.12522,99.06519,98.87444,61.60993
1987-09,100.2681,100.7929,100.5854,100.4528,3.975685,62.11257,99.12292,98.94235,61.7511
1987-10,100.3909,100.7803,100.2549,100.1952,3.59621,62.0504,99.15408,98.979,61.89265
1987-11,100.3045,100.7278,99.92696,99.93963,3.193632,61.98921,99.15663,98.982,62.03452
1987-12,100.0983,100.609,99.67916,99.7465,2.820945,61.97713,99.13348,98.95477,62.17662
1988-01,99.95084,100.4429,99.56655,99.65874,2.490275,62.04873,99.09441,98.90882,62.31885
1988-02,99.9287,100.2511,99.56026,99.65383,2.240309,62.18645,99.0527,98.85976,62.46112
1988-03,100.0302,100.061,99.63018,99.70832,2.041125,62.3718,99.0228,98.82458,62.60332
1988-04,100.2177,99.93595,99.74615,99.79871,1.912843,62.58609,99.0183,98.81928,62.74536
1988-05,100.4661,99.98479,99.91851,99.93304,1.903852,62.83586,99.05154,98.85838,62.88711
1988-06,100.7158,100.306,100.1588,100.1203,2.010752,63.12855,99.13139,98.95232,63.02845
1988-07,100.8839,100.7587,100.3911,100.3014,2.190935,63.41631,99.25838,99.10168,63.16926
1988-08,101.0083,101.176,100.5689,100.44,2.485865,63.66956,99.42693,99.29996,63.30939
1988-09,101.0997,101.4472,100.6898,100.5341,2.855755,63.88635,99.62434,99.53217,63.44871
1988-10,101.2212,101.6361,100.7799,100.6044,3.275657,64.08295,99.82659,99.77007,63.58706
1988-11,101.354,101.8294,100.8656,100.6712,3.68885,64.2759,100.0094,99.98511,63.72431
1988-12,101.4897,102.0688,100.9822,100.7621,4.050509,64.48752,100.1591,100.1612,63.86029
1989-01,101.5224,102.2783,101.1039,100.8569,4.274987,64.7013,100.2847,100.309,63.99485
1989-02,101.4509,102.3132,101.2337,100.9581,4.39416,64.91902,100.4041,100.4494,64.12785
1989-03,101.283,102.0403,101.3661,101.0613,4.433408,65.137,100.5308,100.5984,64.25914
1989-04,101.1622,101.5919,101.4439,101.1219,4.365436,65.31824,100.6623,100.7532,64.38855
1989-05,101.205,101.1268,101.4777,101.1483,4.190989,65.46931,100.7907,100.9041,64.51595
1989-06,101.3039,100.7677,101.4998,101.1655,3.931838,65.61066,100.9122,101.0471,64.64117
1989-07,101.3541,100.5545,101.5551,101.2086,3.713444,65.77124,101.0384,101.1955,64.7641
1989-08,101.4125,100.5544,101.6583,101.2891,3.598312,65.96059,101.1873,101.3707,64.88458
1989-09,101.5086,100.8255,101.7934,101.3943,3.571783,66.16824,101.3757,101.5923,65.00249
1989-10,101.5983,101.1687,101.875,101.4579,3.520005,66.33868,101.6087,101.8663,65.11769
1989-11,101.7117,101.322,101.8745,101.4575,3.386817,66.4528,101.8807,102.1864,65.23007
1989-12,101.8016,101.0847,101.7491,101.3598,3.093391,66.48237,102.1737,102.531,65.33952
1990-01,101.7902,100.6303,101.5054,101.1698,2.673551,66.43113,102.4518,102.8581,65.44593
1990-02,101.7208,100.1795,101.1891,100.9233,2.171367,66.32865,102.6738,103.1192,65.54921
1990-03,101.6376,99.89082,100.838,100.6497,1.63107,66.19943,102.8068,103.2757,65.64928
1990-04,101.5011,99.74679,100.4931,100.3808,1.151301,66.07025,102.8446,103.3201,65.74609
1990-05,101.3375,99.71121,100.1465,100.1107,0.7128971,65.93604,102.7948,103.2616,65.83958
1990-06,101.1336,99.74134,99.75108,99.80255,0.23619,65.76563,102.6735,103.1189,65.92974
1990-07,100.9013,99.6917,99.26994,99.42757,-0.3597875,65.5346,102.5054,102.9211,66.01656
1990-08,100.6526,99.3437,98.75043,99.02267,-1.040803,65.27407,102.3155,102.6978,66.10004
1990-09,100.3396,98.51514,98.19997,98.59364,-1.782269,64.98894,102.1241,102.4726,66.1802
1990-10,99.99091,97.46786,97.68631,98.1933,-2.433834,64.72411,101.9435,102.2601,66.25709
1990-11,99.64272,96.54539,97.28989,97.88432,-2.888827,64.5331,101.7775,102.0649,66.33074
1990-12,99.295,96.02933,97.04119,97.6905,-3.07726,64.43654,101.6207,101.8805,66.40122
1991-01,98.98822,95.87079,96.9836,97.64561,-2.961693,64.46364,101.4566,101.6875,66.4686
1991-02,98.69587,96.05525,97.15324,97.77783,-2.547524,64.63892,101.2682,101.4658,66.53295
1991-03,98.47696,96.60984,97.4848,98.03624,-1.933626,64.91938,101.0486,101.2076,66.59436
1991-04,98.25797,97.26759,97.90002,98.35986,-1.236579,65.25324,100.8148,100.9325,66.65293
1991-05,98.11747,97.70585,98.30271,98.67371,-0.5452276,65.57653,100.594,100.6728,66.70878
1991-06,97.95166,97.68158,98.58141,98.89093,0.07495116,65.81492,100.4123,100.459,66.76199
1991-07,97.85531,97.38603,98.74789,99.02068,0.6737449,65.97614,100.2824,100.3063,66.81271
1991-08,97.81937,97.04767,98.84261,99.0945,1.245687,66.08719,100.2098,100.2209,66.86103
1991-09,97.75128,96.80634,98.86196,99.10959,1.77987,66.14566,100.1942,100.2025,66.90708
1991-10,97.70431,96.63029,98.86417,99.11131,2.265664,66.19054,100.2281,100.2424,66.95098
1991-11,97.70919,96.44928,98.86989,99.11576,2.638427,66.23576,100.2993,100.3261,66.99285
1991-12,97.75806,96.22256,98.88422,99.12693,2.868461,66.28487,100.3899,100.4327,67.03281
1992-01,97.83783,96.01173,98.948,99.17664,2.950129,66.3654,100.473,100.5304,67.07099
1992-02,97.91742,95.92908,99.02675,99.23801,2.808628,66.45438,100.5191,100.5847,67.10751
1992-03,97.97747,96.07011,99.06986,99.27162,2.462432,66.51797,100.504,100.5669,67.14249
1992-04,98.01299,96.3178,99.03663,99.24572,1.954982,66.52893,100.4185,100.4664,67.17609
1992-05,97.94979,96.5225,98.87849,99.12247,1.339093,66.45467,100.263,100.2834,67.20841
1992-06,97.83802,96.57508,98.60208,98.90704,0.7365453,66.29967,100.046,100.0282,67.23963
1992-07,97.76243,96.52319,98.26134,98.64146,0.1881554,66.10027,99.78913,99.72601,67.26987
1992-08,97.61891,96.42807,97.89202,98.35363,-0.312551,65.88063,99.5183,99.40743,67.29929
1992-09,97.44357,96.32591,97.56212,98.0965,-0.6939586,65.68664,99.25913,99.10257,67.32801
1992-10,97.32017,96.23247,97.31718,97.9056,-0.9690006,65.54915,99.03294,98.83651,67.35619
1992-11,97.17511,96.16366,97.1716,97.79214,-1.143906,65.47809,98.85818,98.63094,67.38397
1992-12,97.02909,96.14761,97.17454,97.79443,-1.17385,65.50679,98.74945,98.50304,67.41148
1993-01,96.96001,96.21194,97.3373,97.92128,-1.088331,65.64313,98.71297,98.46012,67.43882
1993-02,96.90994,96.42108,97.6341,98.15261,-0.8794568,65.86994,98.74927,98.50282,67.46613
1993-03,96.86804,96.83318,98.04648,98.47401,-0.5156206,66.175,98.85071,98.62215,67.4935
1993-04,96.86376,97.31227,98.52454,98.8466,-0.006225505,66.52479,98.99356,98.79018,67.52103
1993-05,96.91782,97.68652,99.00397,99.22026,0.6340405,66.87601,99.15029,98.97454,67.54882
1993-06,97.01566,97.83946,99.46471,99.57936,1.380931,67.21523,99.2989,99.14935,67.57696
1993-07,97.20638,97.90616,99.90892,99.92558,2.184042,67.54393,99.43132,99.30511,67.60551
1993-08,97.44969,98.08028,100.3044,100.2338,2.974813,67.84045,99.54716,99.44138,67.63455
1993-09,97.69348,98.50751,100.7198,100.5576,3.752089,68.15125,99.64845,99.56052,67.66418
1993-10,97.90206,99.07149,101.1872,100.9218,4.498821,68.49809,99.73549,99.66291,67.69444
1993-11,98.15331,99.61578,101.6954,101.3179,5.185764,68.87363,99.80533,99.74506,67.72541
1993-12,98.3952,100.0291,102.2051,101.7152,5.716181,69.25127,99.8511,99.7989,67.75716
1994-01,98.55724,100.3503,102.6042,102.0263,5.959566,69.55517,99.86257,99.8124,67.78976
1994-02,98.70746,100.6323,102.8604,102.226,5.910697,69.76332,99.83295,99.77756,67.82327
1994-03,98.94879,100.898,102.9874,102.3249,5.606269,69.88494,99.76801,99.70116,67.85776
1994-04,99.26656,101.136,102.9861,102.3239,5.104626,69.92063,99.69796,99.61877,67.89328
1994-05,99.53714,101.3016,102.8892,102.2483,4.51058,69.89251,99.6591,99.57306,67.92991
1994-06,99.68927,101.3455,102.7373,102.13,3.887435,69.82817,99.6758,99.5927,67.96771
1994-07,99.75031,101.3156,102.5369,101.9738,3.239439,69.73198,99.74017,99.66841,68.00674
1994-08,99.77107,101.2535,102.3105,101.7974,2.622105,69.6193,99.82784,99.77155,68.04705
1994-09,99.77827,101.1665,102.0777,101.6159,1.984039,69.5034,99.9101,99.8683,68.08869
1994-10,99.79156,101.0303,101.825,101.4189,1.280382,69.37512,99.96425,99.93199,68.13173
1994-11,99.89114,100.7863,101.5612,101.2133,0.5327898,69.24058,99.97552,99.94526,68.1762
1994-12,100.041,100.3887,101.2769,100.9917,-0.228156,69.09327,99.94096,99.90461,68.22217
1995-01,100.1227,99.95863,100.9416,100.7304,-0.9239421,68.91252,99.87607,99.82827,68.26968
1995-02,100.0939,99.6665,100.588,100.4548,-1.494785,68.7205,99.80334,99.74273,68.3188
1995-03,99.97354,99.64618,100.2532,100.1939,-1.920635,68.54271,99.74287,99.6716,68.36958
1995-04,99.78241,99.77174,99.94219,99.9515,-2.199803,68.38251,99.7034,99.62517,68.42207
1995-05,99.57123,99.88744,99.68023,99.74734,-2.339532,68.25735,99.68581,99.60447,68.47632
1995-06,99.39411,99.89197,99.48603,99.59598,-2.360121,68.18015,99.68496,99.60347,68.53238
1995-07,99.25018,99.8325,99.33646,99.4794,-2.289924,68.13517,99.68976,99.60912,68.59029
1995-08,99.03638,99.78212,99.22663,99.39381,-2.154737,68.11919,99.68841,99.60753,68.65011
1995-09,98.82398,99.78125,99.13125,99.31947,-1.997696,68.11494,99.6731,99.58952,68.71187
1995-10,98.67031,99.77003,99.03741,99.24632,-1.818435,68.11359,99.64495,99.5564,68.77561
1995-11,98.56204,99.64053,98.93724,99.16825,-1.633168,68.10976,99.60781,99.51273,68.84138
1995-12,98.45239,99.2992,98.80315,99.06375,-1.460052,68.08447,99.56284,99.45982,68.90921
1996-01,98.31198,98.84779,98.63885,98.93569,-1.265797,68.04023,99.50348,99.39,68.97914
1996-02,98.1985,98.41071,98.44285,98.78294,-1.083425,67.97597,99.42119,99.2932,69.0512
1996-03,98.07417,98.07255,98.23032,98.61729,-0.9345692,67.90213,99.31185,99.16459,69.12542
1996-04,97.95524,97.80127,98.02187,98.45483,-0.8036859,67.83293,99.18374,99.01389,69.20183
1996-05,97.88378,97.55622,97.8331,98.3077,-0.7004952,67.77921,99.05144,98.85826,69.28045
1996-06,97.85839,97.3292,97.64851,98.16383,-0.659816,67.73028,98.9311,98.71671,69.36131
1996-07,97.85218,97.1594,97.49393,98.04337,-0.6326897,67.70409,98.8358,98.60461,69.4444
1996-08,97.84335,97.13741,97.40694,97.97556,-0.5760338,67.7268,98.77598,98.53425,69.52975
1996-09,97.82621,97.35203,97.38531,97.9587,-0.4666524,67.79707,98.758,98.51309,69.61736
1996-10,97.8622,97.68932,97.451,98.0099,-0.269001,67.93036,98.77983,98.53878,69.70719
1996-11,97.94482,98.01804,97.59813,98.12457,0.0191011,68.12277,98.83504,98.60371,69.79926
1996-12,98.01194,98.25262,97.81779,98.29577,0.4168733,68.3683,98.91352,98.69603,69.89352
1997-01,98.06532,98.42454,98.12975,98.53891,0.9417185,68.68098,98.99979,98.79752,69.98996
1997-02,98.19299,98.58834,98.50314,98.82992,1.564405,69.03939,99.07972,98.89153,70.08852
1997-03,98.39682,98.79041,98.8976,99.13736,2.228598,69.4154,99.14652,98.97012,70.18916
1997-04,98.59221,99.04579,99.29994,99.45094,2.899496,69.79974,99.20712,99.0414,70.29183
1997-05,98.81459,99.38016,99.72441,99.78177,3.575221,70.20247,99.27393,99.11998,70.39648
1997-06,99.03316,99.81845,100.1029,100.0768,4.200968,70.57561,99.35701,99.2177,70.50304
1997-07,99.2815,100.2946,100.4342,100.3349,4.747008,70.918,99.45551,99.33357,70.61144
1997-08,99.56248,100.7219,100.7206,100.5582,5.174388,71.23125,99.56395,99.46113,70.72162
1997-09,99.94024,101.0253,100.984,100.7635,5.506757,71.53049,99.67719,99.59433,70.8335
1997-10,100.2449,101.2232,101.2257,100.9518,5.720902,71.81659,99.79449,99.73231,70.947
1997-11,100.3556,101.3191,101.4511,101.1275,5.828332,72.09319,99.91723,99.87669,71.06204
1997-12,100.3264,101.2994,101.6643,101.2937,5.84317,72.36317,100.0461,100.0283,71.17854
1998-01,100.1946,101.2326,101.8432,101.4331,5.721456,72.61053,100.178,100.1834,71.2964
1998-02,99.96513,101.1961,101.9491,101.5157,5.457936,72.80752,100.3054,100.3332,71.41555
1998-03,99.76469,101.2491,101.9722,101.5337,5.087242,72.94672,100.4165,100.464,71.5359
1998-04,99.72542,101.3761,101.9118,101.4866,4.624095,73.02735,100.495,100.5563,71.65737
1998-05,99.77622,101.5622,101.7653,101.3724,4.051932,73.04703,100.5237,100.5901,71.77988
1998-06,99.79547,101.7945,101.5532,101.2071,3.463681,73.02012,100.492,100.5528,71.90334
1998-07,99.66284,102.0041,101.2496,100.9705,2.833847,72.92771,100.4051,100.4506,72.02766
1998-08,99.42303,102.0907,100.821,100.6364,2.125364,72.74517,100.2757,100.2984,72.15281
1998-09,99.13152,101.9691,100.3466,100.2667,1.396195,72.52921,100.1193,100.1144,72.27869
1998-10,98.86481,101.7393,99.94337,99.95242,0.7625525,72.36423,99.95197,99.91756,72.40523
1998-11,98.77988,101.5183,99.71463,99.77415,0.3220766,72.32539,99.78885,99.72568,72.53237
1998-12,98.8674,101.3796,99.67974,99.74696,0.08867615,72.42735,99.64252,99.55356,72.66004
1999-01,99.06156,101.2847,99.77712,99.82285,0.02122489,72.62594,99.52168,99.41141,72.78817
1999-02,99.27421,101.1754,99.93136,99.94306,0.08118717,72.86662,99.43339,99.30755,72.91668
1999-03,99.3315,101.022,100.0972,100.0723,0.2327325,73.11649,99.38355,99.24893,73.04548
1999-04,99.42077,100.8867,100.281,100.2156,0.4830986,73.38014,99.37511,99.23899,73.17451
1999-05,99.49677,100.8818,100.4734,100.3655,0.8264054,73.65069,99.41236,99.28281,73.30366
1999-06,99.57841,101.1103,100.7108,100.5505,1.280018,73.9548,99.50244,99.38878,73.43284
1999-07,99.72238,101.4762,100.9859,100.765,1.864184,74.28722,99.65342,99.56638,73.56197
1999-08,99.89838,101.8725,101.2703,100.9866,2.586873,74.627,99.86955,99.8206,73.69092
1999-09,100.1395,102.2318,101.5735,101.2229,3.380662,74.98117,100.142,100.1411,73.8196
1999-10,100.3645,102.546,101.8663,101.4511,4.095623,75.328,100.4349,100.4856,73.9479
1999-11,100.5235,102.8094,102.12,101.6488,4.591353,75.6461,100.7039,100.8021,74.07571
1999-12,100.6877,103.0058,102.3146,101.8005,4.822827,75.92039,100.9145,101.0498,74.2029
2000-01,100.8819,103.1465,102.427,101.8881,4.829412,76.13335,101.0613,101.2224,74.3294
2000-02,101.1591,103.225,102.4846,101.933,4.71874,76.30502,101.1553,101.333,74.45509
2000-03,101.44,103.226,102.4999,101.9449,4.551366,76.44429,101.2159,101.4043,74.5799
2000-04,101.5976,103.1981,102.4736,101.9245,4.32198,76.55162,101.2661,101.4633,74.70374
2000-05,101.7073,103.1963,102.4359,101.8951,4.071258,76.6492,101.3267,101.5346,74.82652
2000-06,101.8064,103.2544,102.4293,101.8899,3.80517,76.7689,101.4119,101.6349,74.9482
2000-07,101.8627,103.3311,102.4176,101.8808,3.495053,76.88359,101.5236,101.7663,75.0687
2000-08,101.9467,103.3637,102.4374,101.8962,3.207443,77.02061,101.6545,101.9203,75.18798
2000-09,102.0824,103.3031,102.4459,101.9029,2.889718,77.14791,101.7895,102.079,75.30599
2000-10,102.2035,103.1937,102.3688,101.8428,2.497519,77.20932,101.9054,102.2154,75.4227
2000-11,102.2198,103.0894,102.1946,101.707,2.048694,77.19586,101.9794,102.3024,75.53809
2000-12,102.0662,103.0198,101.915,101.4891,1.554932,77.10091,101.9984,102.3248,75.65215
2001-01,101.7899,102.9502,101.5508,101.2052,1.059332,76.93985,101.9724,102.2942,75.76488
2001-02,101.4697,102.8211,101.1452,100.8891,0.5769773,76.74528,101.9193,102.2317,75.87632
2001-03,101.1569,102.5871,100.7021,100.5438,0.09901049,76.51998,101.854,102.1549,75.98649
2001-04,100.817,102.3158,100.2433,100.1862,-0.3540285,76.28061,101.7794,102.0671,76.09543
2001-05,100.4667,102.0856,99.77796,99.8235,-0.8026037,76.03401,101.691,101.9631,76.20321
2001-06,100.2044,101.9208,99.27606,99.43233,-1.317508,75.75746,101.5828,101.8359,76.3099
2001-07,100.0285,101.686,98.72271,99.00105,-1.878263,75.43951,101.4541,101.6845,76.41557
2001-08,99.75893,101.1658,98.19361,98.58868,-2.444222,75.13806,101.3074,101.5119,76.52032
2001-09,99.23973,100.2152,97.72495,98.22341,-2.93839,74.881,101.1485,101.325,76.62425
2001-10,98.67628,99.1956,97.42003,97.98576,-3.187949,74.74793,100.9875,101.1356,76.72748
2001-11,98.36145,98.63531,97.38383,97.95755,-3.077541,74.82012,100.8354,100.9568,76.83012
2001-12,98.41561,98.96025,97.60651,98.1311,-2.606918,75.09094,100.7011,100.7988,76.93232
2002-01,98.70812,99.76472,98.01582,98.45011,-1.864001,75.50569,100.5872,100.6647,77.03419
2002-02,99.00396,100.5439,98.50028,98.8277,-0.99839,75.97906,100.492,100.5527,77.13588
2002-03,99.11726,100.9467,98.92967,99.16236,-0.1426258,76.41084,100.4102,100.4565,77.23753
2002-04,99.18706,101.0542,99.21853,99.38749,0.5955735,76.73491,100.3318,100.3643,77.3393
2002-05,99.21148,100.9826,99.27948,99.435,1.117042,76.88334,100.245,100.2623,77.44132
2002-06,99.20747,100.7817,99.06936,99.27122,1.405326,76.8221,100.1389,100.1375,77.54375
2002-07,99.14983,100.5125,98.68838,98.9743,1.575846,76.62833,100.0068,99.98202,77.64676
2002-08,99.07304,100.1999,98.26035,98.64069,1.676702,76.3979,99.84444,99.79107,77.75049
2002-09,98.93201,99.85426,97.85355,98.32364,1.740057,76.18398,99.65122,99.56378,77.8551
2002-10,98.82271,99.53613,97.52206,98.06528,1.713771,76.02894,99.43233,99.3063,77.96075
2002-11,98.75547,99.33649,97.25732,97.85896,1.478681,75.92648,99.19628,99.02864,78.06761
2002-12,98.69212,99.32998,97.03439,97.6852,1.020748,75.85744,98.95409,98.74376,78.17583
2003-01,98.59367,99.40941,96.84955,97.54114,0.4152076,75.8192,98.71964,98.46796,78.28555
2003-02,98.40932,99.44354,96.68195,97.41051,-0.2413736,75.79566,98.50893,98.22011,78.39691
2003-03,98.27571,99.3489,96.5673,97.32115,-0.7797239,75.81505,98.33888,98.02009,78.51006
2003-04,98.22974,99.20692,96.54475,97.30357,-1.077062,75.90843,98.2243,97.88531,78.62513
2003-05,98.28642,99.14594,96.65045,97.38596,-1.012751,76.10471,98.17741,97.83014,78.74222
2003-06,98.33056,99.27072,96.88247,97.56679,-0.5456788,76.4029,98.20325,97.86056,78.86143
2003-07,98.42441,99.51072,97.25201,97.8548,0.2402324,76.81242,98.29019,97.96281,78.98286
2003-08,98.5835,99.78478,97.72027,98.21976,1.184925,77.30316,98.41949,98.1149,79.10658
2003-09,98.76672,100.0506,98.25935,98.63991,2.191408,77.85348,98.5704,98.29241,79.23265
2003-10,99.05496,100.3198,98.84525,99.09657,3.177433,78.4447,98.72201,98.47076,79.36113
2003-11,99.39185,100.6283,99.40484,99.5327,4.072979,79.01894,98.85662,98.6291,79.49205
2003-12,99.67371,101.002,99.90437,99.92202,4.866856,79.54931,98.96289,98.7541,79.62546
2004-01,99.76517,101.3846,100.3351,100.2577,5.551916,80.02862,99.04004,98.84485,79.76138
2004-02,99.85199,101.6869,100.6677,100.517,6.118639,80.43333,99.09074,98.90449,79.89983
2004-03,100.0045,101.8291,100.8669,100.6722,6.489024,80.7347,99.11591,98.9341,80.04082
2004-04,100.1729,101.8615,100.8952,100.6943,6.578621,80.90216,99.11115,98.9285,80.18436
2004-05,100.3332,101.8281,100.7843,100.6079,6.380433,80.96052,99.07072,98.88094,80.33046
2004-06,100.4555,101.7403,100.6149,100.4758,5.982837,80.97396,98.99334,98.78992,80.47911
2004-07,100.5019,101.6155,100.4126,100.3181,5.403484,80.96296,98.89046,98.66891,80.63029
2004-08,100.4802,101.4538,100.1602,100.1214,4.670235,80.9134,98.77924,98.53809,80.784
2004-09,100.4265,101.2523,99.89304,99.9132,3.853589,80.85363,98.67727,98.41813,80.94021
2004-10,100.3237,101.0552,99.62983,99.70805,3.000784,80.79866,98.59782,98.32468,81.09887
2004-11,100.3251,100.9263,99.41193,99.53822,2.231279,80.78208,98.5509,98.26948,81.25994
2004-12,100.4636,100.9169,99.27238,99.42946,1.611098,80.83092,98.54249,98.25959,81.42338
2005-01,100.6225,100.9651,99.19775,99.37129,1.132024,80.93456,98.57134,98.29353,81.58911
2005-02,100.6096,100.9909,99.16695,99.34729,0.7989772,81.07597,98.63337,98.36649,81.75705
2005-03,100.5188,100.9335,99.1608,99.3425,0.6253506,81.23958,98.72318,98.47213,81.92711
2005-04,100.4062,100.8107,99.16014,99.34198,0.6273197,81.40968,98.83298,98.6013,82.09919
2005-05,100.2662,100.6426,99.15264,99.33614,0.7602675,81.57603,98.95547,98.74538,82.27318
2005-06,100.1746,100.4419,99.14738,99.33203,0.9534135,81.74597,99.08493,98.89766,82.44895
2005-07,100.2464,100.2474,99.20116,99.37395,1.239298,81.96633,99.21733,99.05341,82.62639
2005-08,100.3627,100.1178,99.33125,99.47534,1.653837,82.25157,99.35033,99.20985,82.80534
2005-09,100.5048,100.1182,99.59198,99.67856,2.218114,82.64706,99.4828,99.36568,82.98566
2005-10,100.726,100.2422,99.98617,99.98578,2.917165,83.15569,99.6142,99.52024,83.1672
2005-11,100.9432,100.5126,100.4807,100.3712,3.674594,83.75049,99.74352,99.67235,83.34981
2005-12,101.1588,100.9582,101.023,100.7939,4.400445,84.38784,99.86809,99.81889,83.53332
2006-01,101.346,101.4445,101.5194,101.1808,5.010231,84.98956,99.98253,99.95351,83.71757
2006-02,101.4967,101.7974,101.9182,101.4916,5.471186,85.51179,100.0808,100.0692,83.9024
2006-03,101.5953,101.8868,102.1973,101.7091,5.780075,85.93529,100.1592,100.1613,84.08762
2006-04,101.7275,101.8426,102.3313,101.8135,5.930527,86.23769,100.2196,100.2324,84.27308
2006-05,101.7756,101.8297,102.3365,101.8176,5.952637,86.43195,100.2677,100.289,84.4586
2006-06,101.784,101.9562,102.2767,101.771,5.902631,86.57114,100.3113,100.3402,84.64402
2006-07,101.8237,102.1503,102.2058,101.7158,5.77556,86.70035,100.36,100.3975,84.82916
2006-08,101.9073,102.297,102.2004,101.7115,5.632622,86.88449,100.4219,100.4703,85.01386
2006-09,102.0739,102.3075,102.2582,101.7566,5.414422,87.12192,100.5005,100.5628,85.19795
2006-10,102.2834,102.2362,102.3633,101.8385,5.102931,87.39907,100.5897,100.6677,85.38126
2006-11,102.4114,102.1572,102.5074,101.9508,4.72664,87.70908,100.6816,100.7758,85.56363
2006-12,102.4968,102.1244,102.653,102.0643,4.303745,88.01968,100.7728,100.8831,85.74489
2007-01,102.6216,102.1375,102.7833,102.1658,3.914457,88.31644,100.8709,100.9985,85.92489
2007-02,102.6855,102.1913,102.864,102.2287,3.575737,88.56947,100.9866,101.1345,86.10348
2007-03,102.5719,102.2794,102.8523,102.2196,3.265479,88.74149,101.1253,101.2978,86.28051
2007-04,102.3522,102.3566,102.793,102.1734,3.053061,88.87058,101.2779,101.4773,86.45583
2007-05,102.2316,102.3624,102.7231,102.1189,2.957677,88.98833,101.4295,101.6555,86.62932
2007-06,102.2416,102.2555,102.6285,102.0452,2.900807,89.0824,101.5673,101.8176,86.80084
2007-07,102.3086,102.12,102.504,101.9481,2.823089,89.14797,101.6895,101.9613,86.97028
2007-08,102.3383,102.0684,102.3683,101.8424,2.666425,89.2012,101.8001,102.0915,87.13754
2007-09,102.3087,102.1743,102.2144,101.7224,2.426278,89.23574,101.906,102.216,87.30252
2007-10,102.2158,102.3202,102.0388,101.5856,2.115944,89.24838,102.0139,102.343,87.46514
2007-11,102.1871,102.3322,101.8474,101.4364,1.7502,89.24416,102.1299,102.4795,87.62535
2007-12,102.1411,102.0746,101.5827,101.2301,1.309646,89.17242,102.2586,102.6308,87.78309
2008-01,102.0384,101.6788,101.2557,100.9752,0.8221463,89.04253,102.4013,102.7987,87.93833
2008-02,101.9583,101.3111,100.8682,100.6732,0.323369,88.85587,102.5536,102.9778,88.09106
2008-03,101.8935,101.0788,100.4167,100.3213,-0.1493535,88.60895,102.7013,103.1516,88.24126
2008-04,101.8303,100.9088,99.95315,99.96004,-0.5885286,88.34756,102.8162,103.2868,88.38897
2008-05,101.6813,100.6781,99.49469,99.60272,-1.013041,88.08685,102.8594,103.3376,88.53422
2008-06,101.4099,100.2827,98.94495,99.17426,-1.505256,87.74149,102.7871,103.2525,88.67707
2008-07,101.1066,99.7662,98.28915,98.66315,-2.075086,87.29808,102.5619,102.9875,88.81761
2008-08,100.7392,99.1767,97.51991,98.06361,-2.748217,86.74976,102.1586,102.5132,88.95595
2008-09,100.2553,98.54426,96.667,97.39886,-3.488492,86.12276,101.5808,101.8336,89.0922
2008-10,99.62868,97.93145,95.80515,96.72714,-4.218301,85.48362,100.8885,101.0191,89.22654
2008-11,98.9005,97.41966,95.02846,96.1218,-4.849131,84.9166,100.1645,100.1675,89.35912
2008-12,98.16107,97.07578,94.42948,95.65496,-5.234083,84.50507,99.49029,99.37447,89.49014
2009-01,97.42055,96.81783,94.07161,95.37604,-5.318576,84.30674,98.92519,98.70975,89.61975
2009-02,96.80317,96.55648,93.98076,95.30523,-5.075506,84.34599,98.51054,98.222,89.74815
2009-03,96.40228,96.25077,94.19115,95.46922,-4.462519,84.65476,98.26626,97.93467,89.87549
2009-04,96.35613,95.967,94.69041,95.85832,-3.536453,85.22319,98.17656,97.82915,90.00192
2009-05,96.6275,95.83977,95.43095,96.4355,-2.358171,86.00961,98.21088,97.86952,90.12758
2009-06,96.99731,96.011,96.32287,97.13065,-0.9204388,86.93388,98.33326,98.01347,90.25258
2009-07,97.40046,96.41245,97.28764,97.88258,0.7189194,87.92568,98.50271,98.2128,90.37703
2009-08,97.73956,97.0033,98.26538,98.64462,2.514599,88.93117,98.6834,98.42535,90.50102
2009-09,98.08028,97.77776,99.1842,99.36073,4.368829,89.88531,98.85157,98.62315,90.62463
2009-10,98.38712,98.58304,99.98064,99.98147,6.137715,90.73036,99.00186,98.79995,90.74793
2009-11,98.77378,99.23548,100.6187,100.4788,7.674131,91.4332,99.13823,98.96036,90.87099
2009-12,99.17721,99.60582,101.1103,100.8619,8.874161,92.00418,99.26598,99.11062,90.99387
2010-01,99.55309,99.85729,101.4787,101.149,9.675589,92.46391,99.3848,99.2504,91.11662
2010-02,99.92702,100.2066,101.7367,101.3502,10.05131,92.82387,99.49144,99.37583,91.23927
2010-03,100.2439,100.8038,101.8996,101.4771,9.97298,93.09736,99.58288,99.48339,91.36187
2010-04,100.5598,101.5141,101.9719,101.5334,9.463689,93.28844,99.66054,99.57475,91.48445
2010-05,100.8727,102.1332,101.9526,101.5184,8.587626,93.39579,99.7282,99.65434,91.60706
2010-06,101.2027,102.4882,101.8881,101.4681,7.508883,93.46164,99.79099,99.72819,91.7297
2010-07,101.4508,102.6308,101.8169,101.4126,6.363975,93.52125,99.85493,99.80341,91.85241
2010-08,101.5806,102.5995,101.7774,101.3818,5.261151,93.60997,99.92506,99.8859,91.97523
2010-09,101.6546,102.3935,101.8118,101.4087,4.318252,93.76679,100.0033,99.9779,92.09816
2010-10,101.7975,102.1219,101.9204,101.4933,3.595164,93.99226,100.0857,100.0749,92.22124
2010-11,101.9159,101.894,102.1146,101.6447,3.132338,94.2972,100.166,100.1693,92.34447
2010-12,101.9505,101.7773,102.3686,101.8427,2.884604,94.65814,100.2375,100.2534,92.46791
2011-01,101.8706,101.7104,102.5854,102.0116,2.727046,94.98545,100.2964,100.3227,92.59155
2011-02,101.7539,101.5998,102.7139,102.1117,2.593881,95.23161,100.339,100.3728,92.71543
2011-03,101.7153,101.3671,102.6552,102.066,2.370945,95.30465,100.3593,100.3967,92.83958
2011-04,101.5865,101.0402,102.3081,101.7954,1.952284,95.1097,100.3492,100.3848,92.96404
2011-05,101.34,100.6438,101.6664,101.2953,1.332249,94.64006,100.3007,100.3278,93.08882
2011-06,101.0484,100.1862,100.8598,100.6667,0.5925482,94.01544,100.2121,100.2236,93.21397
2011-07,100.6552,99.71336,100.0025,99.9985,-0.191808,93.34187,100.0958,100.0868,93.33954
2011-08,100.2153,99.28028,99.25916,99.41916,-0.8939708,92.77312,99.9701,99.93888,93.46555
2011-09,99.84489,98.93635,98.71936,98.99844,-1.46458,92.3935,99.85277,99.80087,93.59208
2011-10,99.62154,98.67154,98.43067,98.77345,-1.855349,92.24838,99.75576,99.68675,93.71914
2011-11,99.53556,98.4998,98.37695,98.73157,-2.092947,92.32361,99.68606,99.60477,93.84679
2011-12,99.58843,98.46336,98.53783,98.85696,-2.173235,92.601,99.64529,99.5568,93.97507
2012-01,99.66755,98.54394,98.80564,99.06569,-2.11124,92.98008,99.6272,99.53553,94.10402
2012-02,99.83809,98.75517,99.08797,99.28574,-1.950389,93.37422,99.62363,99.53134,94.23365
2012-03,100.0569,99.11794,99.32418,99.46983,-1.65612,93.72629,99.62873,99.53732,94.36401
2012-04,100.1152,99.50514,99.4875,99.59712,-1.155355,94.01084,99.64204,99.55299,94.49513
2012-05,100.0832,99.74549,99.59498,99.68089,-0.4187334,94.24377,99.66447,99.57938,94.62703
2012-06,100.0529,99.70284,99.71753,99.77641,0.5069524,94.49206,99.69346,99.61347,94.75973
2012-07,100.0458,99.50238,99.84944,99.87921,1.508966,94.75037,99.71754,99.6418,94.89323
2012-08,100.0629,99.29875,99.98894,99.98794,2.418743,95.01707,99.72356,99.64888,95.02758
2012-09,99.94018,99.20183,100.1053,100.0786,3.105702,95.26297,99.70413,99.62602,95.16277
2012-10,99.75424,99.20575,100.1874,100.1426,3.50035,95.47739,99.66633,99.58156,95.29881
2012-11,99.67422,99.3043,100.2822,100.2165,3.66262,95.70508,99.62405,99.53182,95.43571
2012-12,99.77074,99.50534,100.3673,100.2828,3.589121,95.92456,99.59165,99.49371,95.5735
2013-01,100.0104,99.75074,100.4314,100.3328,3.382379,96.12502,99.57789,99.47752,95.71215
2013-02,100.19,99.97902,100.4489,100.3464,3.114033,96.28192,99.58723,99.48852,95.85168
2013-03,100.1936,100.1437,100.3984,100.3071,2.825509,96.37453,99.61983,99.52686,95.99209
2013-04,100.127,100.2486,100.3254,100.2502,2.590509,96.44621,99.66963,99.58544,96.13335
2013-05,100.0398,100.2901,100.2592,100.1986,2.420557,96.52499,99.72769,99.65374,96.27545
2013-06,99.98453,100.259,100.2072,100.1581,2.250049,96.61817,99.78407,99.72005,96.41839
2013-07,100.0301,100.2052,100.23,100.1758,2.146529,96.78421,99.82906,99.77298,96.56214
2013-08,100.1514,100.1897,100.3275,100.2518,2.111496,97.02335,99.85544,99.804,96.70667
2013-09,100.3455,100.2588,100.4657,100.3595,2.141469,97.30299,99.86125,99.81084,96.85197
2013-10,100.5466,100.38,100.6299,100.4875,2.232633,97.60905,99.85406,99.80238,96.99802
2013-11,100.7007,100.5144,100.7839,100.6075,2.300026,97.90632,99.8455,99.79231,97.14479
2013-12,100.7878,100.6364,100.9131,100.7082,2.351951,98.18066,99.8468,99.79385,97.29225
2014-01,100.8146,100.741,101.0265,100.7966,2.408978,98.44064,99.86436,99.8145,97.44038
2014-02,100.7893,100.8235,101.0936,100.8489,2.466166,98.65639,99.90083,99.85739,97.58914
2014-03,100.7082,100.8785,101.0886,100.845,2.519318,98.80251,99.95503,99.92116,97.73852
2014-04,100.5721,100.9188,101.0504,100.8152,2.561498,98.91667,100.0205,99.99813,97.88846
2014-05,100.4831,100.9517,101.0024,100.7778,2.586576,99.02168,100.0886,100.0783,98.03893
2014-06,100.4264,100.9685,100.9326,100.7234,2.574558,99.10567,100.1516,100.1523,98.18992
2014-07,100.3447,100.942,100.8153,100.632,2.437288,99.14312,100.204,100.2141,98.34136
2014-08,100.2756,100.8177,100.6258,100.4843,2.150246,99.1096,100.2416,100.2583,98.49325
2014-09,100.251,100.5486,100.3604,100.2775,1.745116,99.00105,100.2592,100.2789,98.64553
2014-10,100.2343,100.2273,100.0351,100.0239,1.253778,98.83286,100.2506,100.2689,98.79819
2014-11,100.1436,99.97775,99.64452,99.7195,0.7079355,98.59943,100.2116,100.223,98.95119
2014-12,99.97732,99.89818,99.23955,99.40387,0.1733562,98.35086,100.1436,100.143,99.1045
2015-01,99.66213,99.93337,98.87825,99.12228,-0.3006463,98.14469,100.0609,100.0456,99.25812
2015-02,99.30473,100.0176,98.59386,98.90063,-0.6510147,98.01413,99.98171,99.95255,99.412
2015-03,99.22369,100.103,98.44965,98.78824,-0.7894467,98.02252,99.9216,99.88183,99.56614
2015-04,99.24796,100.1389,98.41112,98.7582,-0.7891564,98.13606,99.88557,99.83945,99.72051
2015-05,99.3086,100.0548,98.40949,98.75694,-0.7423819,98.28657,99.87256,99.82414,99.87508
2015-06,99.36111,99.79252,98.42662,98.77029,-0.6555492,98.45598,99.87779,99.83029,100.0298
2015-07,99.43909,99.45809,98.4663,98.80121,-0.4991964,98.6482,99.89362,99.84892,100.1847
2015-08,99.51261,99.18714,98.49523,98.82376,-0.2822338,98.82987,99.91234,99.87094,100.3398
2015-09,99.4472,99.08162,98.53325,98.85339,0.02000679,99.02085,99.92822,99.88962,100.4949
2015-10,99.36587,99.08337,98.60443,98.90887,0.4173956,99.24538,99.93938,99.90274,100.65
2015-11,99.36505,99.12267,98.66214,98.95385,0.8693196,99.45657,99.94678,99.91145,100.8052
2015-12,99.42335,99.1593,98.68269,98.96986,1.301012,99.63042,99.9537,99.91959,100.9604
2016-01,99.49972,99.18637,98.68721,98.97338,1.674456,99.78808,99.96527,99.9332,101.1155
2016-02,99.53819,99.20927,98.69576,98.98006,1.974852,99.94976,99.98663,99.95832,101.2706
2016-03,99.5815,99.23438,98.73483,99.0105,2.162547,100.1423,100.0206,99.99827,101.4255
2016-04,99.6717,99.26182,98.77718,99.0435,2.243914,100.3382,100.0647,100.0502,101.5803
2016-05,99.71085,99.29014,98.84574,99.09695,2.3137,100.5606,100.1131,100.1071,101.7349
2016-06,99.74245,99.31864,98.95495,99.18206,2.405648,100.8245,100.1574,100.1592,101.8893
2016-07,99.81753,99.34888,99.07037,99.27202,2.480087,101.0948,100.1877,100.1948,102.0434
2016-08,99.86346,99.38691,99.18,99.35746,2.559264,101.3592,100.1944,100.2027,102.1972
2016-09,99.91501,99.44402,99.30466,99.45461,2.644029,101.639,100.1715,100.1758,102.3507
2016-10,99.91702,99.52946,99.41854,99.54338,2.682641,101.9078,100.1214,100.1169,102.5038
2016-11,99.92896,99.66283,99.57169,99.66274,2.775334,102.2168,100.0502,100.0331,102.6565
2016-12,100.0256,99.85828,99.79127,99.83388,2.97479,102.5942,99.96544,99.9334,102.8088
2017-01,100.1619,100.0605,100.0112,100.0053,3.190878,102.9722,99.87498,99.827,102.9606
2017-02,100.3034,100.1928,100.2077,100.1585,3.378119,103.3262,99.78681,99.72327,103.112
2017-03,100.4299,100.1981,100.3562,100.2742,3.48337,103.6306,99.70904,99.6318,103.2628
2017-04,100.5162,100.1503,100.4313,100.3327,3.509111,103.8591,99.64994,99.56228,103.4131
2017-05,100.5675,100.1479,100.4649,100.3589,3.464243,104.0443,99.6181,99.52483,103.5628
2017-06,100.6403,100.2619,100.5037,100.3892,3.381955,104.2343,99.62127,99.52856,103.7119
2017-07,100.7804,100.4372,100.5783,100.4473,3.329684,104.4609,99.66334,99.57804,103.8603
2017-08,100.9863,100.5984,100.7081,100.5484,3.339846,104.7444,99.74632,99.67565,104.008
2017-09,101.2328,100.6936,100.8799,100.6823,3.376943,105.0713,99.86954,99.82059,104.1549
2017-10,101.4712,100.7527,101.025,100.7955,3.397482,105.3701,100.0259,100.0045,104.3009
2017-11,101.6713,100.8211,101.1461,100.8898,3.352007,105.6431,100.2054,100.2157,104.4461
2017-12,101.7981,100.9289,101.2142,100.9429,3.183495,105.8603,100.3964,100.4404,104.5904
2018-01,101.8907,101.0512,101.2178,100.9457,2.94924,106.0091,100.5849,100.6621,104.7336
2018-02,101.9631,101.143,101.1413,100.8861,2.658125,106.0727,100.7554,100.8626,104.8758
2018-03,102.0216,101.1593,101.0109,100.7844,2.362006,106.0784,100.8918,101.023,105.0168
2018-04,102.1102,101.1067,100.8471,100.6567,2.107021,106.0475,100.9795,101.1262,105.1567
2018-05,102.1992,100.9798,100.6551,100.5072,1.865539,105.9853,101.0077,101.1594,105.2954
2018-06,102.2134,100.7674,100.4187,100.3229,1.573424,105.8744,100.9745,101.1203,105.4329
2018-07,102.1391,100.5321,100.1398,100.1056,1.202314,105.7168,100.8967,101.0289,105.5692
2018-08,102.0819,100.3536,99.8461,99.87661,0.761034,105.5416,100.7977,100.9124,105.7042
2018-09,102.0613,100.2928,99.56903,99.66067,0.2956527,105.3819,100.6977,100.7948,105.8381
2018-10,102.0195,100.3011,99.32219,99.46828,-0.1117041,105.2524,100.6069,100.6879,105.9706
2018-11,101.8248,100.3206,99.14662,99.33144,-0.4226975,105.1966,100.5293,100.5966,106.102
2018-12,101.6032,100.3151,99.049,99.25536,-0.602973,105.222,100.4667,100.523,106.2323
2019-01,101.4515,100.2901,99.03415,99.24379,-0.636808,105.334,100.4214,100.4698,106.3613
2019-02,101.3379,100.2598,99.08238,99.28138,-0.5285523,105.5121,100.3964,100.4403,106.4892
2019-03,101.2719,100.2329,99.15357,99.33686,-0.3438456,105.7136,100.3937,100.4372,106.6161
2019-04,101.1352,100.2036,99.2254,99.39285,-0.1248709,105.915,100.4126,100.4594,106.7419
2019-05,100.9564,100.1565,99.27362,99.43043,0.09916883,106.0904,100.451,100.5046,106.8666
2019-06,100.7582,100.0731,99.28326,99.43794,0.3298545,106.2236,100.5062,100.5695,106.9904
2019-07,100.6001,99.95682,99.26675,99.42507,0.578028,106.3279,100.5739,100.6492,107.1133
2019-08,100.4611,99.80955,99.26821,99.42621,0.861313,106.4506,100.6487,100.7371,107.2354
2019-09,100.3339,99.64165,99.25443,99.41547,1.114249,106.5561,100.7231,100.8246,107.3566
2019-10,100.2856,99.51275,99.24854,99.41087,1.346305,106.6694,100.7871,100.8999,107.4771
2019-11,100.2935,99.49786,99.24023,99.4044,1.504595,106.7794,100.8269,100.9467,107.5969
2019-12,100.2957,99.61446,99.24237,99.40607,1.594727,106.9,100.825,100.9445,107.7161
2020-01,100.1767,99.63565,99.25588,99.4166,1.612351,107.0324,100.7622,100.8706,107.8348
2020-02,99.84598,99.21011,99.27219,99.42931,1.568842,107.1674,100.6191,100.7023,107.9531
2020-03,99.20461,98.07754,96.50974,97.2763,-1.338064,104.2991,95.64823,94.85509,108.0711
2020-04,98.45808,96.73083,93.56584,94.98185,-4.425434,101.2278,93.79212,92.67176,108.1889
2020-05,98.16747,95.85606,93.31438,94.78587,-4.73628,101.0656,93.03239,91.77809,108.3066
2020-06,98.44232,95.98652,96.80949,97.50992,-1.184781,104.9651,95.10815,94.2198,108.4244
2020-07,98.84993,96.68504,99.50889,99.61379,1.58126,108.0092,96.98522,96.42779,108.5423
2020-08,99.17085,97.4017,100.099,100.0737,2.177004,108.7681,98.6651,98.40382,108.6605
2020-09,99.43767,97.76359,100.1765,100.1341,2.26632,108.971,98.46399,98.16725,108.7791
2020-10,99.71969,97.84642,100.2359,100.1805,2.330218,109.155,98.33106,98.01089,108.8981
2020-11,99.91834,97.78862,100.3148,100.2419,2.417568,109.3608,98.25828,97.92528,109.0176
2020-12,100.0929,97.68449,100.4646,100.3587,2.567675,109.6448,98.2457,97.91048,109.1377
2021-01,100.3363,97.61794,100.6755,100.5231,2.76941,109.9965,98.30547,97.98079,109.2585
2021-02,100.7339,97.68796,100.9543,100.7403,3.038451,110.4236,98.45376,98.15521,109.3798
2021-03,101.3243,97.99637,101.3015,101.0109,6.354616,110.9269,98.69757,98.44201,109.5018
2021-04,101.9328,98.49909,101.6405,101.2752,10.07126,111.4228,99.01486,98.81525,109.6244
2021-05,102.2417,99.18619,101.9093,101.4846,10.66368,111.843,99.36957,99.23248,109.7475
2021-06,102.2978,100.0675,102.1175,101.6469,6.890526,112.1977,99.72128,99.64619,109.8712
2021-07,102.3301,100.9738,102.2641,101.7611,4.144606,112.4858,100.0324,100.0121,109.9954
2021-08,102.4142,101.6755,102.3217,101.8061,3.593588,112.6767,100.2724,100.2944,110.1201
2021-09,102.5276,101.9747,102.2777,101.7718,3.47348,112.7561,100.4252,100.4742,110.2451
2021-10,102.6007,102.0038,102.1183,101.6476,3.255454,112.7085,100.5015,100.5639,110.3705
2021-11,102.6937,101.8826,101.8447,101.4343,2.901972,112.5345,100.523,100.5893,110.4962
2021-12,102.7857,101.6461,101.476,101.1469,2.380491,112.2549,100.5124,100.5768,110.6221
2022-01,102.8232,101.3223,101.0397,100.8069,1.730315,111.8998,100.4865,100.5464,110.7483
2022-02,102.7924,100.8844,100.5816,100.4498,0.9925267,111.5196,100.4567,100.5112,110.8748
2022-03,102.6557,100.2911,100.0895,100.0663,0.1567063,111.1008,100.4297,100.4795,111.0014
2022-04,102.5082,99.63965,99.57543,99.66566,-0.6877947,110.6564,100.4096,100.4558,111.1282
2022-05,102.4625,99.05308,99.04475,99.25205,-1.475741,110.1924,100.3978,100.442,111.2552
2022-06,102.4315,98.62447,98.53904,98.8579,,,,,
2022-07,102.2719,98.29698,98.0628,98.48673,,,,,
2022-08,101.9875,98.00471,97.6548,98.16874,,,,,
2022-09,101.6584,,97.32553,97.91211,,,,,
