country,GBR,GBR,GBR,GBR,GBR,GBR,GBR,GBR,GBR
subject,BSCICP03,CSCICP03,LOLITOAA,LOLITONO,LOLITOTR_GYSA,LOLITOTR_STSA,LORSGPNO,LORSGPRT,LORSGPTD
measure,,,,,,,,,
unit,Index,Index,Index,Index,Percentage,Index,Index,Index,Index
powercode,Units,Units,Units,Units,Units,Units,Units,Units,Units
reference_period,,,,,,,,,
time,,,,,,,,,
1955-02,,,,,,,100.6159,100.626,23.47338
1955-03,,,,,,,100.6513,100.6713,23.51913
1955-04,,,,,,,100.699,100.7326,23.56497
1955-05,,,,,,,100.7721,100.8264,23.61091
1955-06,,,,,,,100.8711,100.9535,23.65694
1955-07,,,,,,,100.97,101.0804,23.70307
1955-08,,,,,,,101.0353,101.1642,23.74931
1955-09,,,,,,,101.046,101.1779,23.79567
1955-10,,,,,,,101.0155,101.1388,23.84215
1955-11,,,,,,,100.9696,101.0799,23.88878
1955-12,,,,,,,100.9269,101.0251,23.93556
1956-01,,,,,,,100.8813,100.9666,23.98252
1956-02,,,,,,,100.8153,100.8818,24.02967
1956-03,,,,,,,100.7138,100.7516,24.07704
1956-04,,,,,,,100.5795,100.5792,24.12465
1956-05,,,,,,,100.4252,100.3812,24.17252
1956-06,,,,,,,100.2692,100.181,24.22068
1956-07,,,,,,,100.1318,100.0047,24.26915
1956-08,,,,,,,100.0332,99.87817,24.31798
1956-09,,,,,,,99.99,99.82272,24.36717
1956-10,,,,,,,100.009,99.84715,24.41677
1956-11,,,,,,,100.0877,99.94804,24.46679
1956-12,,,,,,,100.2092,100.104,24.51727
1957-01,,,,,,,100.3341,100.2643,24.56824
1957-02,,,,,,,100.4165,100.37,24.61971
1957-03,,,,,,,100.4209,100.3757,24.67172
1957-04,,,,,,,100.3416,100.274,24.72429
1957-05,,,,,,,100.1907,100.0803,24.77746
1957-06,,,,,,,99.99178,99.825,24.83126
1957-07,,,,,,,99.7789,99.55181,24.88572
1957-08,,,,,,,99.58691,99.30543,24.94087
1957-09,,,,,,,99.44314,99.12092,24.99675
1957-10,,,,,,,99.35765,99.01121,25.05339
1957-11,,,,,,,99.3247,98.96893,25.11082
1957-12,,,97.418,98.28786,,24.51919,99.31976,98.96258,25.16906
1958-01,,,97.47018,98.32236,,24.5899,99.2924,98.92748,25.22813
1958-02,,,97.59193,98.40289,,24.67911,99.19444,98.80175,25.28806
1958-03,,,97.74928,98.50695,,24.77835,99.00906,98.56387,25.34888
1958-04,,,97.91502,98.61656,,24.88079,98.7845,98.27568,25.4106
1958-05,,,98.10381,98.74142,,24.99021,98.58933,98.02521,25.47324
1958-06,,,98.35026,98.90442,,25.11552,98.4711,97.87348,25.53681
1958-07,,,98.69169,99.13023,,25.2664,98.42068,97.80877,25.60134
1958-08,,,99.09028,99.39384,,25.43333,98.40032,97.78265,25.66682
1958-09,,,99.50882,99.67065,,25.60686,98.3736,97.74835,25.73326
1958-10,,,99.89096,99.92339,,25.77252,98.33253,97.69566,25.80065
1958-11,,,100.1751,100.1113,,25.91428,98.28734,97.63766,25.86899
1958-12,,,100.2892,100.1868,6.093539,26.01328,98.25679,97.59845,25.93827
1959-01,,,100.2185,100.14,6.000029,26.06531,98.25893,97.6012,26.00847
1959-02,,,100.0497,100.0284,5.727256,26.09255,98.31061,97.66752,26.07958
1959-03,,,99.87364,99.91193,5.408638,26.11852,98.42445,97.81361,26.15156
1959-04,,,99.74299,99.82552,5.129275,26.15699,98.60212,98.04163,26.22439
1959-05,,,99.64581,99.76125,4.860627,26.2049,98.8413,98.34856,26.29804
1959-06,,,99.69197,99.79178,4.681196,26.29123,99.1377,98.72894,26.37246
1959-07,,,99.95766,99.9675,4.63075,26.43642,99.48249,99.17142,26.44762
1959-08,,,100.5392,100.3521,4.84859,26.66648,99.86462,99.66181,26.52346
1959-09,,,101.4961,100.985,5.432236,26.99789,100.2695,100.1814,26.59993
1959-10,,,102.621,101.7289,6.222408,27.37619,100.6744,100.701,26.67699
1959-11,,,103.6202,102.3898,6.980258,27.72316,101.051,101.1844,26.75459
1959-12,,,104.255,102.8096,7.53897,27.97441,101.3671,101.5899,26.83267
1960-01,,,104.3551,102.8758,7.741705,28.08321,101.5903,101.8764,26.9112
1960-02,,,104.0077,102.6461,7.585494,28.07179,101.6967,102.0129,26.99011
1960-03,,,103.4377,102.2691,7.203442,27.99995,101.6847,101.9976,27.06937
1960-04,,,102.806,101.8513,6.704753,27.91076,101.5979,101.8861,27.14895
1960-05,,,102.2363,101.4745,6.231089,27.83775,101.4936,101.7523,27.22882
1960-06,,,101.7809,101.1734,5.720782,27.79529,101.4177,101.6549,27.30894
1960-07,,,101.4488,100.9537,5.105385,27.7861,101.3811,101.6079,27.38928
1960-08,,,101.2271,100.8071,4.276689,27.80693,101.3765,101.6021,27.46983
1960-09,,,101.0665,100.7009,3.135427,27.84439,101.3936,101.624,27.55056
1960-10,,,100.9215,100.605,1.862526,27.88608,101.4305,101.6713,27.63145
1960-11,,,100.8102,100.5314,0.7714554,27.93703,101.487,101.7438,27.7125
1960-12,,,100.7723,100.5063,0.1212631,28.00833,101.5569,101.8335,27.79368
1961-01,,,100.7932,100.5201,0.04587081,28.09609,101.6184,101.9124,27.87498
1961-02,,,100.8202,100.5379,0.4057883,28.18571,101.6431,101.9441,27.95641
1961-03,,,100.7414,100.4858,0.8781596,28.24583,101.6059,101.8964,28.03796
1961-04,,,100.4762,100.3104,1.228092,28.25352,101.4972,101.7569,28.11963
1961-05,,,100.0293,100.0149,1.336105,28.20969,101.317,101.5257,28.20143
1961-06,,,99.40839,99.60423,1.153978,28.11604,101.0745,101.2144,28.28337
1961-07,,,98.63695,99.09402,0.6936472,27.97884,100.7916,100.8514,28.36547
1961-08,,,97.82557,98.5574,0.08000687,27.82917,100.4946,100.4703,28.44775
1961-09,,,97.143,98.10597,-0.4642693,27.71511,100.208,100.1025,28.53022
1961-10,,,96.6966,97.81075,-0.7830562,27.66772,99.95002,99.77141,28.61292
1961-11,,,96.50861,97.68641,-0.8700718,27.69396,99.73374,99.49386,28.69584
1961-12,,,96.49675,97.67857,-0.847964,27.77083,99.56646,99.27918,28.77903
1962-01,,,96.58639,97.73785,-0.7788962,27.87725,99.4459,99.12447,28.8625
1962-02,,,96.73722,97.83761,-0.6524169,28.00182,99.36453,99.02004,28.94627
1962-03,,,96.93391,97.96769,-0.3737787,28.14026,99.31041,98.95058,29.03035
1962-04,,,97.16647,98.1215,0.1283565,28.28979,99.26514,98.89249,29.11477
1962-05,,,97.36623,98.25362,0.7826502,28.43047,99.2088,98.82019,29.19952
1962-06,,,97.51416,98.35145,1.567111,28.55665,99.12402,98.7114,29.28462
1962-07,,,97.69038,98.468,2.54803,28.69175,99.00095,98.55345,29.37008
1962-08,,,97.9266,98.62422,3.650829,28.84517,98.83872,98.34526,29.45591
1962-09,,,98.1821,98.7932,4.654278,29.00505,98.64963,98.10258,29.5421
1962-10,,,98.44656,98.9681,5.42392,29.16839,98.46585,97.86674,29.62866
1962-11,,,98.68741,99.1274,5.891434,29.32553,98.32962,97.69193,29.71557
1962-12,,,98.89495,99.26466,6.131156,29.47351,98.28326,97.63242,29.80284
1963-01,,,99.09961,99.40001,6.256244,29.62132,98.3561,97.7259,29.89045
1963-02,,,99.36047,99.57254,6.373989,29.78665,98.55988,97.98741,29.97837
1963-03,,,99.69164,99.79156,6.515961,29.97387,98.87502,98.39184,30.06658
1963-04,,,100.0593,100.0347,6.656533,30.17291,99.25024,98.87337,30.15504
1963-05,,,100.413,100.2686,6.817122,30.36861,99.61924,99.34692,30.24372
1963-06,,,100.7462,100.489,7.011468,30.5589,99.93648,99.75403,30.33256
1963-07,,,101.122,100.7375,7.218513,30.76287,100.1937,100.0841,30.42154
1963-08,,,101.5143,100.997,7.375462,30.97263,100.4104,100.3622,30.51061
1963-09,,,101.8795,101.2386,7.480752,31.17485,100.6082,100.616,30.59972
1963-10,,,102.1581,101.4228,7.483248,31.35113,100.7877,100.8464,30.68884
1963-11,,,102.292,101.5114,7.358165,31.48335,100.9402,101.0421,30.77792
1963-12,,,102.3056,101.5203,7.142282,31.57859,101.0601,101.196,30.86692
1964-01,,,102.2243,101.4666,6.829697,31.64436,101.1599,101.324,30.95581
1964-02,,,102.0889,101.377,6.400126,31.69303,101.2568,101.4484,31.04455
1964-03,,,101.9737,101.3009,5.917603,31.7476,101.3611,101.5822,31.13311
1964-04,,,101.9416,101.2796,5.484239,31.82766,101.4644,101.7149,31.22146
1964-05,,,101.9919,101.3129,5.152008,31.9332,101.5514,101.8265,31.30956
1964-06,,,102.1268,101.4021,4.929082,32.06517,101.6109,101.9029,31.39741
1964-07,,,102.2649,101.4934,4.665331,32.19806,101.6488,101.9514,31.48497
1964-08,,,102.3376,101.5415,4.318802,32.31028,101.6747,101.9847,31.57223
1964-09,,,102.2708,101.4973,3.859661,32.37809,101.6912,102.0059,31.65919
1964-10,,,101.9985,101.3172,3.282603,32.38027,101.6831,101.9955,31.74584
1964-11,,,101.5519,101.0219,2.677116,32.3262,101.6294,101.9266,31.83218
1964-12,,,101.0025,100.6585,2.088768,32.23819,101.5171,101.7825,31.91821
1965-01,,,100.4662,100.3038,1.60777,32.15313,101.3579,101.5782,32.00393
1965-02,,,99.98251,99.98394,1.232862,32.08377,101.1752,101.3437,32.08937
1965-03,,,99.51829,99.67692,0.8566455,32.01956,100.994,101.1111,32.17455
1965-04,,,99.08202,99.38838,0.4263037,31.96335,100.8333,100.905,32.25948
1965-05,,,98.75873,99.17456,0.02976996,31.94271,100.7059,100.7414,32.34419
1965-06,,,98.58288,99.05827,-0.299447,31.96915,100.6158,100.6258,32.4287
1965-07,,,98.53528,99.02679,-0.500742,32.03683,100.5548,100.5475,32.51305
1965-08,,,98.61591,99.08011,-0.5081865,32.14608,100.5091,100.4889,32.59726
1965-09,,,98.82265,99.21684,-0.2517229,32.29659,100.465,100.4323,32.68136
1965-10,,,99.13804,99.42543,0.3171656,32.48297,100.4124,100.3647,32.76539
1965-11,,,99.52409,99.68076,1.13485,32.69305,100.3452,100.2785,32.84938
1965-12,,,99.94821,99.96125,2.103478,32.91631,100.2622,100.1721,32.93337
1966-01,,,100.3504,100.2272,3.047777,33.13309,100.1688,100.0522,33.01739
1966-02,,,100.6656,100.4357,3.858835,33.32183,100.0717,99.92751,33.10149
1966-03,,,100.8123,100.5327,4.483816,33.45526,99.97428,99.80254,33.18569
1966-04,,,100.6745,100.4416,4.790208,33.49446,99.87299,99.67255,33.27005
1966-05,,,100.153,100.0967,4.579762,33.40561,99.76051,99.5282,33.35459
1966-06,,,99.277,99.51733,3.84258,33.19759,99.63004,99.36078,33.43935
1966-07,,,98.16963,98.78496,2.727924,32.91077,99.48004,99.16827,33.52439
1966-08,,,97.01566,98.02175,1.432839,32.60669,99.31511,98.95661,33.60971
1966-09,,,96.06839,97.39526,0.2291809,32.37061,99.14839,98.74266,33.69538
1966-10,,,95.44276,96.98149,-0.7421107,32.24191,99.00493,98.55855,33.78141
1966-11,,,95.18523,96.81117,-1.394407,32.23717,98.91161,98.4388,33.86784
1966-12,,,95.27372,96.8697,-1.720783,32.3499,98.88565,98.40548,33.95469
1967-01,,,95.63746,97.11026,-1.739045,32.55689,98.91948,98.4489,34.04198
1967-02,,,96.14962,97.44899,-1.519141,32.81562,98.99323,98.54353,34.12975
1967-03,,,96.77518,97.86272,-1.018526,33.11451,99.0826,98.65823,34.21798
1967-04,,,97.49798,98.34074,-0.1377,33.44834,99.16383,98.76247,34.3067
1967-05,,,98.25999,98.84472,1.172878,33.79742,99.21908,98.83337,34.39591
1967-06,,,98.9893,99.32706,2.82996,34.13707,99.24232,98.8632,34.48561
1967-07,,,99.62741,99.74908,4.667849,34.44699,99.24697,98.86917,34.57582
1967-08,,,100.1827,100.1164,6.511481,34.72986,99.25791,98.88322,34.66651
1967-09,,,100.6456,100.4225,8.067445,34.98209,99.30483,98.94344,34.7577
1967-10,,,100.9717,100.6382,9.137547,35.18803,99.41512,99.08497,34.84938
1967-11,,,101.1256,100.74,9.608958,35.33484,99.60534,99.32908,34.94152
1967-12,,,101.0943,100.7193,9.482656,35.41753,99.86793,99.66606,35.03414
1968-01,,,100.9383,100.6161,8.907161,35.45678,100.1516,100.0301,35.12719
1968-02,,,100.6941,100.4545,8.073902,35.46512,100.3946,100.3419,35.22067
1968-03,,,100.4047,100.2631,7.075278,35.45745,100.556,100.5491,35.31455
1968-04,,,100.1799,100.1145,6.051733,35.47254,100.651,100.671,35.40882
1968-05,,,100.1457,100.0919,5.200941,35.5552,100.7167,100.7552,35.50348
1968-06,,,100.2725,100.1757,4.565235,35.69551,100.7829,100.8402,35.59849
1968-07,,,100.5633,100.368,4.203351,35.89492,100.845,100.92,35.69386
1968-08,,,100.9208,100.6045,4.000154,36.11911,100.8807,100.9657,35.78958
1968-09,,,101.2104,100.796,3.824526,36.31999,100.8666,100.9477,35.88563
1968-10,,,101.3551,100.8917,3.642141,36.46962,100.7978,100.8594,35.98202
1968-11,,,101.2985,100.8543,3.431147,36.54722,100.6805,100.7088,36.07873
1968-12,,,101.0361,100.6807,3.199173,36.55059,100.5293,100.5149,36.17578
1969-01,,,100.6252,100.409,2.942118,36.49996,100.3681,100.308,36.27317
1969-02,,,100.1581,100.1,2.716086,36.42838,100.2206,100.1186,36.3709
1969-03,,,99.6862,99.78796,2.530004,36.35453,100.1021,99.96655,36.46897
1969-04,,,99.22249,99.48128,2.284984,36.28308,100.0109,99.84949,36.5674
1969-05,,,98.72666,99.15336,1.811543,36.1993,99.93616,99.75362,36.66618
1969-06,,,98.23958,98.83122,1.183903,36.11811,99.86445,99.66159,36.76533
1969-07,,,97.80099,98.54115,0.4436803,36.05418,99.78437,99.55883,36.86484
1969-08,,,97.4297,98.29559,-0.2893077,36.01461,99.6871,99.43399,36.96472
1969-09,,,97.10311,98.0796,-0.9051328,35.99124,99.56717,99.28009,37.06497
1969-10,,,96.8492,97.91167,-1.302573,35.99458,99.42469,99.09724,37.1656
1969-11,,,96.7187,97.82536,-1.377585,36.04375,99.26742,98.89541,37.26659
1969-12,,,96.76901,97.85863,-1.067022,36.16059,99.11451,98.69918,37.36794
1970-01,,,96.94996,97.97831,-0.4743575,36.32682,99.00127,98.55386,37.46966
1970-02,,,97.17416,98.12659,0.2240939,36.51002,98.96341,98.50528,37.57174
1970-03,,,97.36266,98.25125,0.8967718,36.68055,99.01879,98.57635,37.67414
1970-04,,,97.46449,98.3186,1.477132,36.81903,99.14355,98.73644,37.77687
1970-05,,,97.46537,98.31918,1.990302,36.91977,99.2961,98.93221,37.87989
1970-06,,,97.40377,98.27844,2.43349,36.99704,99.43582,99.11153,37.98317
1970-07,,,97.28768,98.20166,2.772115,37.05364,99.53977,99.24493,38.08667
1970-08,,,97.1509,98.11121,3.020104,37.10229,99.59604,99.31714,38.19038
1970-09,,,97.05217,98.04591,3.262295,37.16538,99.59962,99.32175,38.29423
1970-10,,,96.99674,98.00925,3.47395,37.24501,99.55159,99.2601,38.39821
1970-11,,,96.99938,98.01099,3.615607,37.34695,99.45982,99.14233,38.50226
1970-12,,,97.07911,98.06372,3.645157,37.4787,99.34339,98.99291,38.60635
1971-01,,,97.23524,98.16698,3.615368,37.64017,99.24001,98.86023,38.71042
1971-02,,,97.5014,98.34302,3.655451,37.84462,99.1901,98.7962,38.81444
1971-03,,,97.91346,98.61553,3.886926,38.10629,99.22047,98.83517,38.91834
1971-04,,,98.48824,98.99567,4.381216,38.43215,99.324,98.96802,39.02207
1971-05,,,99.18507,99.45654,5.11094,38.80672,99.47561,99.16259,39.12556
1971-06,,,99.98267,99.98405,6.013794,39.22196,99.64267,99.37698,39.22876
1971-07,,,100.8655,100.5679,7.066381,39.67199,99.79185,99.56843,39.33158
1971-08,,,101.7509,101.1535,8.145344,40.1244,99.89538,99.70129,39.43394
1971-09,,,102.6033,101.7172,9.147337,40.56503,99.93857,99.75671,39.53579
1971-10,,,103.3934,102.2398,10.03378,40.98209,99.93064,99.74654,39.63704
1971-11,,,104.1149,102.7169,10.77951,41.37277,99.89439,99.70001,39.73762
1971-12,,,104.7627,103.1454,11.35601,41.73479,99.85952,99.65527,39.83744
1972-01,,,105.3016,103.5018,11.72562,42.05371,99.85825,99.65363,39.93644
1972-02,,,105.7941,103.8275,11.91591,42.35415,99.91593,99.72767,40.03453
1972-03,,,106.2852,104.1523,11.9342,42.65397,100.0396,99.88638,40.13163
1972-04,,,106.7094,104.4329,11.69472,42.92668,100.2021,100.0949,40.22765
1972-05,,,106.9405,104.5857,11.11759,43.12109,100.3685,100.3085,40.32251
1972-06,,,106.9168,104.57,10.17193,43.21159,100.5196,100.5024,40.41611
1972-07,,,106.7286,104.4456,8.9787,43.23402,100.6754,100.7023,40.50837
1972-08,,,106.495,104.2911,7.755206,43.23613,100.8765,100.9604,40.59922
1972-09,,,106.2794,104.1485,6.603059,43.24356,101.1657,101.3315,40.68856
1972-10,,,106.1367,104.0541,5.603748,43.27863,101.5658,101.845,40.77633
1972-11,,,106.0114,103.9712,4.70371,43.31883,102.0759,102.4995,40.86243
1972-12,,,105.8469,103.8625,3.848472,43.34094,102.658,103.2467,40.9468
1973-01,,,105.6128,103.7076,3.04026,43.33226,103.2409,103.9947,41.02938
1973-02,,,105.3531,103.5359,2.2586,43.31076,103.7351,104.6289,41.11009
1973-03,,,105.0913,103.3627,1.481642,43.28595,104.0739,105.0637,41.1889
1973-04,,,104.8191,103.1827,0.7634882,43.25442,104.226,105.2589,41.26577
1973-05,,,104.5155,102.9819,0.2001964,43.20742,104.1988,105.2239,41.34069
1973-06,,,104.1386,102.7326,-0.194401,43.12759,104.0194,104.9937,41.41366
1973-07,,,103.6143,102.3859,-0.5781108,42.98408,103.7283,104.6201,41.48471
1973-08,,,102.882,101.9016,-1.120977,42.75147,103.3623,104.1505,41.55387
1973-09,,,101.9208,101.2659,-1.902889,42.42068,102.9468,103.6173,41.6212
1973-10,,,100.8168,100.5357,-2.891437,42.02726,102.4939,103.036,41.68676
1973-11,,,99.60488,99.73418,-4.000997,41.58564,102.0143,102.4205,41.75061
1973-12,,,98.37874,98.92326,-5.089835,41.13496,101.532,101.8016,41.81285
1974-01,,97.52861,97.31476,98.21957,-5.961121,40.74917,101.1013,101.2489,41.87358
1974-02,,97.57783,96.54785,97.71236,-6.5237,40.4853,100.7797,100.8361,41.93289
1974-03,,97.66676,96.00399,97.35268,-6.868327,40.31293,100.5989,100.6042,41.99089
1974-04,,97.82557,95.61179,97.09328,-7.055626,40.20255,100.5376,100.5255,42.0477
1974-05,,97.98602,95.31732,96.89854,-7.118182,40.13184,100.5443,100.5341,42.1034
1974-06,,98.08156,95.03077,96.70901,-7.105421,40.06319,100.5606,100.555,42.15813
1974-07,,98.146,94.69099,96.4843,-7.0099,39.97094,100.5392,100.5276,42.21198
1974-08,,98.21784,94.34148,96.25314,-6.731872,39.87349,100.4476,100.41,42.26508
1974-09,,98.27593,94.03242,96.04874,-6.196237,39.7922,100.2738,100.1869,42.31753
1974-10,,98.16757,93.76733,95.87342,-5.469149,39.72872,100.0375,99.88366,42.36947
1974-11,,97.80943,93.61892,95.77526,-4.500459,39.7141,99.76807,99.53792,42.42102
1974-12,,97.2959,93.66946,95.80869,-3.285245,39.78357,99.48676,99.1769,42.4723
1975-01,,96.73929,93.95937,96.00043,-1.949522,39.95475,99.19193,98.79852,42.52344
1975-02,,96.00629,94.44026,96.31847,-0.6861398,40.20752,98.87399,98.39053,42.57455
1975-03,,95.27467,95.02953,96.7082,0.4815223,40.50705,98.53105,97.95042,42.62575
1975-04,,94.73017,95.66391,97.12775,1.552344,40.82663,98.18579,97.50734,42.67715
1975-05,,94.52124,96.29558,97.54552,2.527112,41.14602,97.87288,97.10577,42.72887
1975-06,,94.78546,96.86749,97.92376,3.438788,41.44088,97.62676,96.78993,42.781
1975-07,,95.34052,97.34835,98.24179,4.320383,41.69784,97.46755,96.58561,42.83364
1975-08,,95.93795,97.77294,98.5226,5.161943,41.93174,97.40613,96.50677,42.88686
1975-09,,96.48512,98.21673,98.81611,5.988057,42.17498,97.44283,96.55388,42.94072
1975-10,,96.96575,98.63732,99.09427,6.7475,42.40942,97.55888,96.7028,42.9953
1975-11,,97.41077,99.11436,99.40977,7.441351,42.66936,97.72734,96.919,43.05064
1975-12,,97.9357,99.6436,99.7598,7.966995,42.95313,97.91821,97.16394,43.10676
1976-01,,98.55454,100.178,100.1133,8.22377,43.24054,98.09965,97.39679,43.16369
1976-02,,99.17296,100.6396,100.4185,8.18354,43.49791,98.24709,97.58601,43.22145
1976-03,,99.74635,100.9845,100.6466,7.897569,43.70612,98.35294,97.72184,43.28004
1976-04,,100.1795,101.1578,100.7612,7.383924,43.84124,98.43858,97.83175,43.33947
1976-05,,100.271,101.1131,100.7317,6.651414,43.8828,98.53713,97.95823,43.39973
1976-06,,99.79854,100.8726,100.5726,5.789414,43.84007,98.67743,98.13827,43.46082
1976-07,,98.94478,100.5209,100.34,4.920062,43.7494,98.86694,98.38147,43.52269
1976-08,,97.99329,100.114,100.0709,4.062078,43.63504,99.09709,98.67683,43.58534
1976-09,,97.14616,99.73423,99.81973,3.219316,43.53272,99.34475,98.99465,43.64873
1976-10,,96.69846,99.48959,99.65794,2.547266,43.4897,99.57059,99.28448,43.71281
1976-11,,96.84945,99.40625,99.60281,1.987963,43.51762,99.73211,99.49176,43.77755
1976-12,,97.37321,99.44317,99.62724,1.503108,43.59876,99.79824,99.57662,43.84289
1977-01,,97.9857,99.60969,99.73737,1.149085,43.73741,99.76859,99.53857,43.90879
1977-02,,98.33901,99.92728,99.94741,1.023788,43.94324,99.66084,99.40029,43.97522
1977-03,100.8629,98.44482,100.3252,100.2106,1.09646,44.18534,99.5047,99.19991,44.04211
1977-04,100.5258,98.58009,100.7924,100.5196,1.408932,44.45893,99.34126,98.99017,44.10942
1977-05,100.3373,98.92229,101.2983,100.8542,1.97767,44.75066,99.21227,98.82465,44.1771
1977-06,100.2375,99.6731,101.8004,101.1862,2.740878,45.04167,99.15023,98.74503,44.2451
1977-07,100.2626,100.7162,102.2935,101.5124,3.612114,45.32967,99.16613,98.76543,44.31335
1977-08,100.4142,101.9025,102.6953,101.7781,4.452798,45.57802,99.25812,98.88348,44.38178
1977-09,100.5763,103.043,103.0018,101.9808,5.172916,45.78463,99.41433,99.08395,44.45033
1977-10,100.7115,104.0174,103.1811,102.0994,5.62293,45.93509,99.61006,99.33514,44.51891
1977-11,100.7557,104.6697,103.2225,102.1268,5.760145,46.02429,99.81913,99.60344,44.58745
1977-12,100.5405,105.1288,103.1773,102.0969,5.67896,46.07471,100.0225,99.86442,44.65586
1978-01,100.2693,105.415,103.0937,102.0415,5.419287,46.10767,100.216,100.1127,44.72406
1978-02,99.98158,105.4993,102.9875,101.9713,4.976599,46.13012,100.4035,100.3534,44.79196
1978-03,99.7663,105.535,102.9016,101.9146,4.47164,46.16115,100.5916,100.5947,44.85949
1978-04,99.7599,105.514,102.8549,101.8837,3.936742,46.20917,100.7831,100.8405,44.92655
1978-05,99.95712,105.4907,102.8763,101.8978,3.433595,46.28722,100.9776,101.0901,44.99307
1978-06,100.3337,105.3439,102.9772,101.9645,3.016702,46.40044,101.1708,101.338,45.05896
1978-07,100.7655,105.0587,103.08,102.0325,2.61266,46.51398,101.3539,101.573,45.12415
1978-08,101.1152,104.6149,103.1311,102.0663,2.249822,46.60344,101.5175,101.7829,45.18856
1978-09,101.3217,104.0126,103.0833,102.0347,1.884355,46.64738,101.656,101.9607,45.25212
1978-10,101.4542,103.1984,102.9137,101.9225,1.52392,46.63511,101.7738,102.1119,45.31478
1978-11,101.449,102.1497,102.7204,101.7947,1.274521,46.61088,101.8845,102.254,45.37648
1978-12,101.1502,101.1704,102.617,101.7263,1.197107,46.62628,102.0118,102.4174,45.43717
1979-01,101.0095,100.6454,102.643,101.7435,1.283115,46.69928,102.1908,102.6471,45.49681
1979-02,101.2859,100.9833,102.7826,101.8358,1.502011,46.823,102.4447,102.9729,45.55538
1979-03,101.6662,101.8466,102.9684,101.9587,1.74535,46.96682,102.7572,103.3739,45.61283
1979-04,101.8559,102.8498,103.0242,101.9956,1.820271,47.0503,103.0631,103.7665,45.66917
1979-05,101.6627,103.473,102.7898,101.8406,1.539943,47.00002,103.2781,104.0424,45.72437
1979-06,101.1538,103.3538,102.2494,101.4832,0.8787419,46.80818,103.3531,104.1386,45.77845
1979-07,100.5594,102.7003,101.586,101.0444,0.09530155,46.55832,103.3058,104.078,45.83144
1979-08,100.0873,101.8918,100.9783,100.6425,-0.5819717,46.33223,103.1947,103.9354,45.88336
1979-09,99.7065,101.0968,100.5032,100.3283,-1.033213,46.16541,103.0711,103.7768,45.93428
1979-10,99.27225,100.3042,100.1259,100.0788,-1.271474,46.04215,102.9366,103.6042,45.98426
1979-11,98.67587,99.60063,99.76041,99.83704,-1.475607,45.92309,102.7657,103.3848,46.03338
1979-12,98.10553,98.92647,99.39233,99.59361,-1.768475,45.8017,102.5293,103.0814,46.08173
1980-01,97.65837,98.26193,99.0193,99.3469,-2.18902,45.67702,102.2209,102.6857,46.12941
1980-02,97.21652,97.52404,98.62756,99.08781,-2.734123,45.5428,101.849,102.2084,46.17654
1980-03,96.61041,96.97217,98.19128,98.79928,-3.363276,45.3872,101.434,101.6759,46.22325
1980-04,95.75108,96.90997,97.71596,98.48491,-3.905316,45.21284,101.0112,101.1332,46.26966
1980-05,94.70767,96.94227,97.30427,98.21264,-4.112027,45.06736,100.6155,100.6254,46.31591
1980-06,93.70791,96.81421,96.9667,97.98937,-3.957263,44.95586,100.2688,100.1806,46.36216
1980-07,92.94881,96.63799,96.70123,97.8138,-3.609834,44.87764,99.96498,99.79061,46.40855
1980-08,92.55532,96.76189,96.53495,97.70383,-3.208784,44.84552,99.68732,99.43428,46.45522
1980-09,92.58522,96.91056,96.52851,97.69958,-2.767037,44.888,99.42319,99.09531,46.50232
1980-10,92.90495,97.09708,96.65233,97.78146,-2.281606,44.99165,99.17609,98.77821,46.55
1980-11,93.14341,96.95627,96.9146,97.95492,-1.660276,45.16064,98.95849,98.49895,46.59839
1980-12,93.52428,96.85318,97.29885,98.20905,-0.9040885,45.38762,98.78363,98.27456,46.64764
1981-01,94.04342,96.98792,97.7764,98.52489,-0.03835074,45.65951,98.65521,98.10976,46.69788
1981-02,94.40571,96.98071,98.27995,98.85792,0.8834388,45.94514,98.57325,98.00457,46.74925
1981-03,94.75712,96.77319,98.75666,99.1732,1.834791,46.21996,98.53642,97.95731,46.80186
1981-04,95.18601,96.63562,99.11324,99.40903,2.714939,46.44034,98.54092,97.96309,46.85584
1981-05,95.65277,96.85635,99.27525,99.51617,3.337072,46.57129,98.5811,98.01465,46.91129
1981-06,96.09055,96.84346,99.25053,99.49982,3.693471,46.61629,98.64685,98.09903,46.96831
1981-07,96.49741,96.71699,99.11389,99.40946,3.860828,46.61029,98.71837,98.19081,47.027
1981-08,96.84472,96.80383,98.91412,99.27734,3.859035,46.57613,98.77464,98.26302,47.08744
1981-09,97.13099,96.98722,98.73853,99.16121,3.713586,46.55495,98.80135,98.29731,47.14973
1981-10,97.26862,96.87888,98.59577,99.06679,3.465747,46.55095,98.79977,98.29527,47.21394
1981-11,97.30229,96.9306,98.48624,98.99435,3.108466,46.56444,98.77972,98.26954,47.28015
1981-12,97.21095,96.98864,98.40281,98.93917,2.653943,46.59218,98.75454,98.23722,47.34842
1982-01,97.09966,97.27799,98.38647,98.92837,2.177416,46.65371,98.73695,98.21465,47.41882
1982-02,97.08843,97.56728,98.4729,98.98553,1.786965,46.76617,98.73627,98.21378,47.49141
1982-03,97.17336,98.17451,98.59535,99.06651,1.467185,46.89809,98.75477,98.23752,47.56623
1982-04,97.10019,98.90066,98.68776,99.12763,1.244174,47.01814,98.78256,98.27319,47.64333
1982-05,96.96519,99.71753,98.7702,99.18216,1.212268,47.13586,98.80688,98.3044,47.72276
1982-06,96.83469,100.3006,98.89963,99.26775,1.420557,47.2785,98.82036,98.32169,47.80453
1982-07,96.68419,100.507,99.10282,99.40214,1.82096,47.45904,98.82921,98.33305,47.88869
1982-08,96.52643,100.5698,99.35813,99.57099,2.342786,47.66731,98.84741,98.35641,47.97525
1982-09,96.55984,100.6321,99.65123,99.76484,2.881847,47.8966,98.89083,98.41213,48.06423
1982-10,96.63355,100.9437,99.97095,99.9763,3.417132,48.14166,98.97049,98.51436,48.15564
1982-11,96.60362,101.2805,100.2391,100.1536,3.866509,48.36486,99.09206,98.67036,48.2495
1982-12,96.78067,101.4102,100.4657,100.3035,4.246972,48.57093,99.2524,98.87614,48.34579
1983-01,97.25874,101.5318,100.6867,100.4497,4.551609,48.7772,99.43273,99.10756,48.44452
1983-02,97.99865,101.6289,100.9062,100.5948,4.745818,48.9856,99.60994,99.33498,48.54567
1983-03,98.79718,101.8654,101.1487,100.7552,4.925551,49.20808,99.76624,99.53557,48.64924
1983-04,99.39198,101.9704,101.396,100.9188,5.142007,49.43581,99.89877,99.70563,48.7552
1983-05,99.81239,102.0381,101.6225,101.0686,5.347296,49.65636,100.0119,99.85081,48.86355
1983-06,100.025,102.1637,101.825,101.2025,5.477211,49.86805,100.111,99.97799,48.97426
1983-07,100.0669,102.3752,101.9662,101.2959,5.46459,50.05248,100.1972,100.0886,49.08733
1983-08,100.2336,102.5086,102.0204,101.3317,5.306627,50.19683,100.2676,100.179,49.20273
1983-09,100.4571,102.5137,101.9931,101.3137,5.025154,50.30347,100.3166,100.2418,49.32045
1983-10,100.7171,102.5802,101.9727,101.3002,4.723852,50.4158,100.3372,100.2683,49.44047
1983-11,101.1505,102.8734,101.9533,101.2873,4.47849,50.53088,100.3207,100.2471,49.56278
1983-12,101.4485,103.2086,101.9358,101.2758,4.278855,50.64922,100.2568,100.1652,49.68736
1984-01,101.5135,103.2759,101.9123,101.2602,4.078926,50.76678,100.1374,100.0119,49.81421
1984-02,101.5377,103.0822,101.8608,101.2262,3.852246,50.87265,99.95962,99.78372,49.94329
1984-03,101.4619,102.6245,101.746,101.1502,3.53766,50.94889,99.73341,99.49342,50.07462
1984-04,101.2758,102.084,101.5753,101.0374,3.162266,50.9991,99.49233,99.18405,50.20816
1984-05,101.2034,101.2477,101.3284,100.874,2.731414,51.01268,99.27845,98.90957,50.34393
1984-06,101.2035,100.5671,101.0417,100.6844,2.285455,51.00776,99.1284,98.71701,50.48189
1984-07,101.1879,100.181,100.7768,100.5092,1.923516,51.01525,99.05775,98.62634,50.62202
1984-08,101.0732,100.0783,100.601,100.393,1.738308,51.06941,99.06871,98.64041,50.76431
1984-09,101.0253,100.2256,100.4889,100.3188,1.697958,51.1576,99.15182,98.74707,50.90872
1984-10,101.0509,100.4102,100.401,100.2607,1.674326,51.25992,99.28122,98.91312,51.0552
1984-11,101.0904,100.6111,100.3463,100.2246,1.682479,51.38105,99.42878,99.10249,51.20372
1984-12,101.1144,100.5554,100.3016,100.195,1.697742,51.50911,99.57465,99.2897,51.35421
1985-01,101.0754,100.0356,100.2574,100.1658,1.718527,51.63923,99.71629,99.47146,51.50664
1985-02,101.2016,99.48273,100.122,100.0762,1.673396,51.72395,99.85655,99.65147,51.66094
1985-03,101.4469,99.21776,99.985,99.98558,1.688722,51.80928,99.99184,99.82507,51.81705
1985-04,101.6888,98.99385,99.85366,99.89872,1.764269,51.89886,100.1,99.96384,51.97493
1985-05,101.7123,98.80547,99.73792,99.82217,1.931246,51.99786,100.1532,100.0322,52.13449
1985-06,101.6107,98.7237,99.66025,99.7708,2.176623,52.118,100.1331,100.0064,52.29568
1985-07,101.3272,98.8516,99.62823,99.74963,2.446637,52.2634,100.0487,99.89801,52.45844
1985-08,101.0958,99.06921,99.64485,99.76062,2.675556,52.4358,99.92241,99.73597,52.62269
1985-09,101.0848,99.39777,99.67885,99.7831,2.856378,52.61886,99.78037,99.5537,52.78839
1985-10,101.1603,99.65263,99.72054,99.81068,3.019018,52.80747,99.64551,99.38062,52.95546
1985-11,101.117,99.78806,99.74487,99.82677,3.128089,52.98829,99.53465,99.23836,53.12383
1985-12,100.9012,99.8755,99.74377,99.82603,3.198998,53.15688,99.45515,99.13632,53.29344
1986-01,100.5295,99.76096,99.71726,99.80851,3.241356,53.31304,99.3996,99.06504,53.4642
1986-02,100.4501,99.5732,99.70765,99.80215,3.393559,53.47923,99.35489,99.00767,53.63604
1986-03,100.2248,99.47576,99.74027,99.82372,3.58974,53.6691,99.3092,98.94903,53.80886
1986-04,99.91968,99.51797,99.81015,99.86994,3.817456,53.88008,99.25816,98.88352,53.98257
1986-05,99.69406,99.60291,99.86372,99.90537,4.010587,54.08328,99.20395,98.81396,54.15708
1986-06,99.47414,99.75597,99.9114,99.9369,4.156226,54.28415,99.15477,98.75085,54.33228
1986-07,99.43478,99.96224,99.94878,99.96162,4.241484,54.48015,99.12441,98.71189,54.50807
1986-08,99.63207,100.1429,99.99049,99.98922,4.278241,54.67913,99.12642,98.71447,54.68433
1986-09,100.0376,100.2858,100.0605,100.0355,4.32406,54.89413,99.16687,98.76638,54.86093
1986-10,100.5063,100.4458,100.2029,100.1297,4.434935,55.14944,99.23484,98.85361,55.03775
1986-11,100.8818,100.6021,100.4415,100.2875,4.661645,55.45842,99.31451,98.95586,55.21466
1986-12,101.1189,100.7055,100.7861,100.5154,5.022922,55.82691,99.39519,99.05938,55.39149
1987-01,101.4206,100.9622,101.2484,100.8211,5.531042,56.2618,99.48036,99.16869,55.56812
1987-02,101.9728,101.5232,101.6411,101.0809,5.946186,56.65921,99.58168,99.29871,55.74438
1987-03,102.399,101.9691,102.0476,101.3497,6.327728,57.06513,99.71244,99.46651,55.9201
1987-04,102.6948,102.3283,102.4414,101.6102,6.652886,57.46466,99.88003,99.68159,56.09514
1987-05,103.0376,102.5275,102.7655,101.8245,6.919251,57.82544,100.0861,99.94602,56.26932
1987-06,103.2611,102.629,102.9522,101.948,7.045505,58.10874,100.3239,100.2513,56.44246
1987-07,103.4031,102.5011,102.9615,101.9542,6.995007,58.29104,100.5732,100.5712,56.61438
1987-08,103.6445,102.3647,102.8175,101.8589,6.777143,58.38482,100.8104,100.8756,56.78492
1987-09,103.8133,102.2216,102.566,101.6926,6.414513,58.41532,101.0189,101.1431,56.9539
1987-10,104.1155,102.1463,102.2351,101.4737,5.890203,58.39786,101.1994,101.3748,57.12113
1987-11,104.3212,101.989,101.8875,101.2438,5.24589,58.36771,101.3595,101.5803,57.28645
1987-12,104.2901,101.8911,101.5735,101.0361,4.52602,58.35365,101.5051,101.7671,57.4497
1988-01,104.2209,101.8465,101.3287,100.8743,3.758153,58.37621,101.633,101.9312,57.61071
1988-02,104.1345,101.8261,101.1695,100.769,3.151722,58.44495,101.7369,102.0646,57.76933
1988-03,103.9841,101.7956,101.0994,100.7226,2.623488,58.56223,101.8157,102.1656,57.92542
1988-04,103.8479,101.7368,101.1075,100.728,2.188139,58.72207,101.882,102.2508,58.07883
1988-05,103.8532,101.8069,101.1454,100.753,1.852066,58.8964,101.9522,102.3409,58.22943
1988-06,103.7909,101.7762,101.1467,100.7539,1.613886,59.04655,102.0367,102.4493,58.37711
1988-07,103.8251,101.605,101.0937,100.7189,1.493852,59.16182,102.1305,102.5697,58.52175
1988-08,103.9063,101.2935,100.9882,100.6491,1.469821,59.24297,102.2207,102.6855,58.66325
1988-09,103.9,100.8975,100.8319,100.5457,1.498505,59.29068,102.294,102.7794,58.80151
1988-10,103.7823,100.5547,100.6612,100.4328,1.589618,59.32616,102.3439,102.8436,58.93646
1988-11,103.5809,100.3111,100.5311,100.3468,1.73734,59.38175,102.3688,102.8755,59.06804
1988-12,103.2827,99.99776,100.4497,100.2929,1.900021,59.46238,102.3701,102.8771,59.19617
1989-01,102.7418,99.78482,100.4266,100.2776,2.051643,59.57388,102.3542,102.8567,59.32083
1989-02,102.2377,99.61459,100.4422,100.2879,2.155651,59.70481,102.3274,102.8224,59.44199
1989-03,101.7814,99.25889,100.4679,100.305,2.179003,59.8383,102.2929,102.7781,59.55962
1989-04,101.3846,98.98149,100.5106,100.3332,2.139499,59.97843,102.2486,102.7212,59.67374
1989-05,101.1765,98.80595,100.5254,100.343,2.040921,60.09843,102.1902,102.6463,59.78435
1989-06,101.1008,98.58586,100.4765,100.3106,1.914222,60.17683,102.1157,102.5507,59.89147
1989-07,101.0854,98.56884,100.3754,100.2438,1.789208,60.22035,102.0305,102.4413,59.99514
1989-08,100.8708,98.60655,100.2249,100.1442,1.66701,60.23055,101.9438,102.3301,60.09541
1989-09,100.5341,98.48254,100.0247,100.0119,1.545885,60.20724,101.8662,102.2305,60.19235
1989-10,100.2842,98.02988,99.81669,99.87427,1.431664,60.17551,101.8075,102.1551,60.28603
1989-11,100.0403,97.9027,99.65362,99.76642,1.323017,60.16738,101.7744,102.1127,60.37652
1989-12,99.88153,98.00871,99.53758,99.68967,1.214128,60.18433,101.7674,102.1037,60.46393
1990-01,99.65221,97.99889,99.44618,99.62923,1.072862,60.21302,101.7754,102.114,60.54836
1990-02,99.38133,97.49824,99.37766,99.58391,0.9174758,60.25259,101.7807,102.1208,60.62992
1990-03,99.19678,96.76304,99.369,99.57818,0.8144554,60.32566,101.7626,102.0976,60.70874
1990-04,99.25215,96.48227,99.43156,99.61955,0.7686042,60.43943,101.7016,102.0192,60.78495
1990-05,99.22746,96.51849,99.50459,99.66785,0.7633705,60.55721,101.5826,101.8666,60.8587
1990-06,99.07208,96.75838,99.52582,99.68189,0.7717389,60.64124,101.4018,101.6345,60.93015
1990-07,98.70228,96.99888,99.47163,99.64606,0.7585755,60.67717,101.1771,101.3461,60.99947
1990-08,98.25239,97.09577,99.34424,99.5618,0.7235968,60.66638,100.9343,101.0345,61.06683
1990-09,97.73758,97.21526,99.15903,99.43931,0.6827673,60.61832,100.6964,100.7292,61.13242
1990-10,97.19926,97.60761,98.94668,99.29887,0.625378,60.55184,100.4747,100.4447,61.19643
1990-11,96.63455,97.96963,98.73507,99.15892,0.5265133,60.48417,100.273,100.1859,61.25906
1990-12,96.04622,98.37321,98.59354,99.06532,0.4547805,60.45803,100.0915,99.95291,61.32048
1991-01,95.48628,98.30769,98.58039,99.05662,0.4924576,60.50955,99.92784,99.74295,61.38092
1991-02,94.97989,98.52942,98.71857,99.14801,0.6649484,60.65324,99.77972,99.55286,61.44056
1991-03,94.99573,99.10722,98.98273,99.32272,0.908944,60.87399,99.64452,99.37935,61.4996
1991-04,95.22501,99.48548,99.27903,99.51868,1.11681,61.11442,99.51897,99.21824,61.55824
1991-05,95.27307,99.56399,99.56778,99.70965,1.309739,61.35035,99.4007,99.06645,61.61666
1991-06,95.51443,99.47504,99.8433,99.89187,1.545482,61.57843,99.28912,98.92326,61.67508
1991-07,95.90613,99.45315,100.1069,100.0662,1.849935,61.79966,99.18594,98.79086,61.73367
1991-08,96.41794,99.79446,100.3393,100.2199,2.202051,62.00229,99.09348,98.6722,61.79261
1991-09,96.97474,100.3348,100.4894,100.3192,2.534626,62.15477,99.01226,98.56796,61.85208
1991-10,97.27545,100.6523,100.535,100.3493,2.79373,62.24349,98.93802,98.47269,61.91227
1991-11,97.32768,100.5109,100.5024,100.3278,2.976845,62.28469,98.86497,98.37895,61.97332
1991-12,97.07009,100.191,100.4414,100.2874,3.061941,62.30922,98.78859,98.28092,62.03542
1992-01,96.78381,100.1123,100.4111,100.2674,3.048184,62.35399,98.70812,98.17766,62.0987
1992-02,96.80145,100.4805,100.4317,100.281,2.932085,62.43165,98.62638,98.07275,62.16331
1992-03,97.17696,101.0036,100.4773,100.3111,2.714483,62.5264,98.54965,97.97429,62.2294
1992-04,97.7373,101.3261,100.4831,100.315,2.427632,62.59805,98.48763,97.89469,62.2971
1992-05,98.18668,101.2315,100.3536,100.2294,2.015841,62.58707,98.45056,97.84713,62.36652
1992-06,97.9933,100.6046,100.0749,100.0451,1.471507,62.48457,98.44528,97.84035,62.43778
1992-07,97.34441,99.62988,99.71532,99.80722,0.8630586,62.33302,98.46926,97.87112,62.51098
1992-08,96.67863,98.61495,99.39014,99.59216,0.3261971,62.20453,98.51595,97.93104,62.58622
1992-09,96.45362,97.74855,99.18736,99.45805,-0.00069574,62.15433,98.57775,98.01035,62.66357
1992-10,96.57867,97.23463,99.13805,99.42544,-0.06619069,62.20229,98.64727,98.09956,62.74311
1992-11,96.68994,97.25229,99.21842,99.47859,0.07895675,62.33387,98.71822,98.19061,62.8249
1992-12,97.0545,97.74451,99.38636,99.58966,0.3430299,62.52296,98.78567,98.27717,62.909
1993-01,97.59269,98.37463,99.57851,99.71674,0.6029146,62.72993,98.84596,98.35455,62.99546
1993-02,98.23724,98.57796,99.78773,99.85511,0.8309122,62.9504,98.89716,98.42025,63.08431
1993-03,98.87106,98.61516,100.0002,99.99567,1.038521,63.17575,98.93973,98.47488,63.17559
1993-04,99.39085,98.64378,100.2054,100.1314,1.279989,63.3993,98.97775,98.52368,63.26933
1993-05,99.6154,98.78459,100.3902,100.2536,1.638923,63.61282,99.01662,98.57357,63.36555
1993-06,99.56084,98.8081,100.5448,100.3558,2.121255,63.81002,99.06082,98.63028,63.46425
1993-07,99.51974,99.05562,100.6951,100.4552,2.68596,64.00726,99.11142,98.69521,63.56545
1993-08,99.79865,99.37976,100.8398,100.5509,3.214036,64.20381,99.16877,98.76881,63.66914
1993-09,99.99202,99.41494,100.9392,100.6166,3.571667,64.37428,99.23444,98.8531,63.77531
1993-10,99.95503,99.10787,100.9813,100.6445,3.711339,64.51083,99.31247,98.95322,63.88396
1993-11,100.0657,98.78606,100.9699,100.637,3.660742,64.61575,99.40773,99.07548,63.99507
1993-12,100.2154,98.58424,100.9133,100.5995,3.472552,64.69411,99.52325,99.22373,64.1086
1994-01,100.4514,98.58484,100.8189,100.5371,3.221039,64.75049,99.65597,99.39404,64.22455
1994-02,100.6257,98.29472,100.6674,100.4369,2.89418,64.77229,99.80006,99.57896,64.34286
1994-03,100.6279,97.75815,100.4838,100.3155,2.53203,64.77538,99.94884,99.7699,64.46352
1994-04,100.6912,97.32903,100.3201,100.2072,2.198664,64.79324,100.0955,99.95817,64.58648
1994-05,101.0115,97.3786,100.2093,100.1339,1.940397,64.84717,100.2334,100.1351,64.7117
1994-06,101.323,97.89581,100.1415,100.0891,1.756534,64.93087,100.3556,100.2919,64.83915
1994-07,101.5761,98.48951,100.0916,100.0561,1.595145,65.02827,100.4557,100.4204,64.96878
1994-08,101.9986,98.93316,100.0506,100.029,1.448056,65.13351,100.5282,100.5134,65.10056
1994-09,102.1879,99.14091,99.98391,99.98486,1.319914,65.22396,100.5704,100.5675,65.23446
1994-10,102.3432,99.21603,99.88843,99.92171,1.219447,65.29751,100.5858,100.5873,65.37045
1994-11,102.5485,99.13962,99.77984,99.84989,1.158386,65.36425,100.5801,100.58,65.50848
1994-12,102.7333,98.85081,99.67109,99.77797,1.141541,65.43262,100.5582,100.5519,65.64854
1995-01,102.8169,98.91895,99.60431,99.7338,1.204307,65.53028,100.5231,100.5069,65.79061
1995-02,102.8989,98.96756,99.58109,99.71845,1.368122,65.65846,100.477,100.4477,65.93466
1995-03,102.7721,98.8753,99.59024,99.7245,1.597108,65.80991,100.4242,100.38,66.08068
1995-04,102.5547,98.75327,99.63205,99.75215,1.83927,65.98496,100.3735,100.3149,66.22865
1995-05,102.3859,98.80419,99.70252,99.79876,2.057028,66.18109,100.3334,100.2634,66.37855
1995-06,101.9928,99.39262,99.78397,99.85263,2.242047,66.38665,100.3062,100.2285,66.53037
1995-07,101.6278,99.95803,99.84565,99.89342,2.388043,66.58118,100.2821,100.1976,66.6841
1995-08,101.4405,100.2653,99.88369,99.91858,2.500199,66.76199,100.2466,100.152,66.83973
1995-09,101.1833,100.4866,99.89301,99.92474,2.608848,66.92556,100.1882,100.0771,66.99724
1995-10,100.8391,100.7393,99.87981,99.91602,2.723527,67.0759,100.1065,99.97227,67.15662
1995-11,100.4654,100.8897,99.85567,99.90005,2.840168,67.2207,100.0063,99.84361,67.31786
1995-12,100.198,101.0263,99.84024,99.88984,2.965719,67.37316,99.8934,99.69875,67.48097
1996-01,100.2222,101.1278,99.84108,99.8904,3.064444,67.53842,99.77216,99.54315,67.64593
1996-02,100.2003,101.1854,99.86405,99.90559,3.140585,67.72052,99.64715,99.38273,67.81271
1996-03,100.0525,101.2308,99.89146,99.92372,3.187404,67.90754,99.52595,99.2272,67.98132
1996-04,99.83112,101.201,99.90967,99.93576,3.190446,68.09017,99.42181,99.09354,68.15173
1996-05,99.72897,100.9967,99.89687,99.92729,3.131382,68.25347,99.34925,99.00043,68.32394
1996-06,99.93932,100.874,99.87604,99.91352,3.052329,68.41299,99.31851,98.96098,68.49789
1996-07,100.3146,101.0022,99.87207,99.9109,3.010691,68.58573,99.32751,98.97252,68.67358
1996-08,100.7481,101.2749,99.89338,99.92499,3.019037,68.77755,99.36961,99.02656,68.85096
1996-09,101.1182,101.5967,99.93264,99.95095,3.074944,68.98348,99.43832,99.11473,69.02998
1996-10,101.3554,101.8691,99.98059,99.98267,3.162476,69.19716,99.52939,99.2316,69.21059
1996-11,101.3517,102.0575,100.0223,100.0103,3.254264,69.40825,99.63985,99.37336,69.39275
1996-12,101.0257,102.0997,100.074,100.0444,3.34661,69.62788,99.76531,99.53437,69.57639
1997-01,100.8494,102.2103,100.152,100.096,3.448462,69.86746,99.89567,99.70165,69.76145
1997-02,100.8708,102.5011,100.2574,100.1658,3.554909,70.12792,100.0197,99.86079,69.94786
1997-03,100.9945,102.6637,100.3739,100.2428,3.667154,70.39781,100.1291,100.0012,70.13555
1997-04,100.9343,102.7662,100.4945,100.3226,3.792136,70.67225,100.223,100.1218,70.32446
1997-05,100.7644,102.9098,100.6012,100.3931,3.933802,70.93843,100.305,100.2269,70.5145
1997-06,100.731,102.9185,100.6881,100.4506,4.062293,71.19212,100.3806,100.324,70.70563
1997-07,100.9248,102.8433,100.7624,100.4997,4.159068,71.43826,100.4566,100.4215,70.89775
1997-08,101.0894,102.85,100.8371,100.5491,4.228599,71.68587,100.5372,100.5249,71.09081
1997-09,101.3215,102.9577,100.8959,100.588,4.261732,71.92337,100.621,100.6325,71.28474
1997-10,101.5415,103.0058,100.9194,100.6036,4.247964,72.13663,100.6975,100.7306,71.47946
1997-11,101.4827,102.8575,100.9071,100.5954,4.202402,72.32506,100.7523,100.801,71.67492
1997-12,101.3011,102.7143,100.8855,100.5811,4.135671,72.50746,100.7743,100.8292,71.87106
1998-01,100.9994,102.5388,100.8585,100.5633,4.034864,72.68652,100.7624,100.814,72.06781
1998-02,100.7487,102.5347,100.8274,100.5427,3.900228,72.86308,100.7207,100.7604,72.26513
1998-03,100.3645,102.6232,100.7611,100.4988,3.716942,73.01446,100.6546,100.6756,72.46297
1998-04,99.82424,102.6801,100.6225,100.4072,3.454439,73.11358,100.5698,100.5668,72.66129
1998-05,99.17454,102.5248,100.3939,100.256,3.113423,73.14704,100.4717,100.4409,72.86004
1998-06,98.58941,102.0712,100.0811,100.0491,2.705748,73.1184,100.3659,100.3051,73.05918
1998-07,98.06022,101.5081,99.72487,99.81354,2.26611,73.05713,100.2598,100.169,73.25868
1998-08,97.40332,101.1056,99.4032,99.6008,1.861217,73.02011,100.1607,100.0418,73.45851
1998-09,96.81197,101.0017,99.19423,99.46259,1.587436,73.06511,100.0735,99.92985,73.65863
1998-10,96.28307,101.0343,99.13418,99.42287,1.501144,73.21951,99.99814,99.83316,73.85899
1998-11,96.19764,101.2597,99.25395,99.50209,1.634293,73.50706,99.9327,99.74918,74.05959
1998-12,96.54695,101.454,99.52407,99.68074,1.930089,73.90692,99.87489,99.675,74.26035
1999-01,96.78794,101.7164,99.90975,99.93581,2.349185,74.39406,99.82332,99.60881,74.46125
1999-02,97.07741,102.0675,100.3803,100.247,2.858938,74.94618,99.77985,99.55302,74.66226
1999-03,97.60501,102.3687,100.8591,100.5637,3.413028,75.50646,99.7515,99.51664,74.86332
1999-04,98.40205,102.4885,101.2679,100.834,3.969896,76.01611,99.75179,99.51702,75.06439
1999-05,99.15229,102.4937,101.5805,101.0408,4.522351,76.45501,99.79536,99.57292,75.26542
1999-06,99.29866,102.5037,101.7905,101.1797,5.059176,76.81759,99.89049,99.69501,75.46636
1999-07,99.40068,102.5298,101.8732,101.2344,5.51268,77.08453,100.0286,99.87228,75.66715
1999-08,99.94079,102.595,101.8112,101.1934,5.78165,77.24187,100.1937,100.0841,75.86773
1999-09,100.4898,102.6038,101.6356,101.0773,5.812804,77.31224,100.3681,100.308,76.06804
1999-10,100.7153,102.7176,101.3904,100.9151,5.611806,77.32845,100.5374,100.5252,76.26801
1999-11,100.7477,102.854,101.153,100.758,5.226952,77.34924,100.6895,100.7204,76.46759
1999-12,100.7591,103.0906,100.9585,100.6294,4.728419,77.40155,100.815,100.8814,76.66673
2000-01,100.6405,103.0888,100.8083,100.5301,4.157036,77.48664,100.9086,101.0016,76.86535
2000-02,100.3593,102.8147,100.7009,100.4591,3.545721,77.60357,100.967,101.0765,77.06342
2000-03,99.99264,102.4641,100.6315,100.4132,2.96971,77.74879,100.9896,101.1056,77.26089
2000-04,99.59081,102.2439,100.5664,100.3701,2.473638,77.89647,100.9813,101.0948,77.45773
2000-05,99.36764,102.1788,100.5121,100.3342,2.088253,78.05158,100.9485,101.0528,77.6539
2000-06,99.26782,102.1248,100.4582,100.2985,1.807478,78.20605,100.8982,100.9883,77.84939
2000-07,99.39151,102.0926,100.4148,100.2699,1.66491,78.36792,100.8377,100.9105,78.04417
2000-08,99.55858,102.0693,100.3998,100.2599,1.694895,78.55104,100.7737,100.8285,78.23822
2000-09,99.89518,101.9721,100.4216,100.2743,1.875491,78.76222,100.7127,100.7501,78.43156
2000-10,100.2506,102.2161,100.4883,100.3184,2.172054,79.00806,100.6601,100.6827,78.62415
2000-11,100.5452,102.4644,100.5705,100.3728,2.477594,79.26564,100.6197,100.6309,78.81603
2000-12,100.8049,102.7053,100.6282,100.411,2.715621,79.50348,100.5912,100.5943,79.00718
2001-01,100.5161,102.7964,100.6387,100.4179,2.860864,79.70343,100.5675,100.5638,79.19762
2001-02,99.71882,102.8195,100.61,100.3989,2.922611,79.87161,100.5391,100.5274,79.38735
2001-03,99.03031,102.8342,100.5546,100.3623,2.918339,80.01776,100.4985,100.4752,79.5764
2001-04,98.75546,102.7772,100.4891,100.319,2.899284,80.15491,100.4443,100.4058,79.76479
2001-05,98.70956,102.7841,100.4203,100.2734,2.865996,80.28854,100.3782,100.3209,79.95253
2001-06,98.81294,102.8582,100.33,100.2137,2.810568,80.40409,100.3017,100.2228,80.13966
2001-07,98.76308,102.7854,100.2123,100.1359,2.716423,80.49673,100.2152,100.1117,80.32619
2001-08,98.36955,102.4749,100.0942,100.0578,2.593197,80.58803,100.1183,99.9874,80.51217
2001-09,97.96431,102.1873,99.99269,99.99067,2.449767,80.69172,100.0122,99.85121,80.69762
2001-10,97.57136,101.9386,99.9239,99.94518,2.29465,80.82101,99.9017,99.7094,80.88257
2001-11,97.18929,102.0986,99.90955,99.93568,2.180132,80.99374,99.79331,99.5703,81.06705
2001-12,97.06059,102.4482,99.94328,99.95798,2.140204,81.20502,99.69329,99.44195,81.25111
2002-01,97.46877,102.6667,100.0252,100.0122,2.197935,81.45526,99.60576,99.32961,81.43475
2002-02,97.96645,102.7854,100.1373,100.0863,2.326858,81.73012,99.53372,99.23717,81.61801
2002-03,98.3735,102.8654,100.263,100.1695,2.497337,82.01608,99.47925,99.16726,81.80091
2002-04,98.79291,102.9047,100.3624,100.2352,2.651959,82.28059,99.44257,99.12018,81.98346
2002-05,99.03642,102.8103,100.3803,100.247,2.727208,82.47817,99.42326,99.09541,82.16567
2002-06,99.38963,102.721,100.3251,100.2105,2.750031,82.61523,99.4203,99.09161,82.34754
2002-07,99.65073,102.7657,100.2382,100.153,2.768961,82.72565,99.4307,99.10497,82.52908
2002-08,99.66953,102.9189,100.1275,100.0798,2.764314,82.81573,99.45097,99.13097,82.71028
2002-09,99.50302,103.0862,99.98502,99.9856,2.710318,82.87872,99.47743,99.16492,82.89113
2002-10,99.44585,102.9762,99.79401,99.85928,2.572936,82.90049,99.50598,99.20157,83.0716
2002-11,99.32485,102.6335,99.54813,99.69665,2.323337,82.8755,99.53355,99.23694,83.25169
2002-12,98.96059,102.0039,99.26373,99.50856,1.985154,82.81706,99.55939,99.2701,83.43134
2003-01,98.62538,101.3296,98.9912,99.32832,1.610477,82.76708,99.58652,99.30493,83.61054
2003-02,98.22052,100.9236,98.80609,99.20589,1.295442,82.78888,99.61961,99.34738,83.78925
2003-03,97.9134,100.9115,98.74335,99.1644,1.092683,82.91225,99.66276,99.40276,83.96742
2003-04,97.84271,101.1203,98.7956,99.19895,1.03425,83.13158,99.71698,99.47235,84.14501
2003-05,97.97227,101.1674,98.91428,99.27744,1.12551,83.40647,99.78113,99.55466,84.32198
2003-06,98.13009,101.2103,99.06903,99.37979,1.327079,83.71159,99.85201,99.64563,84.49825
2003-07,98.14677,101.2264,99.22919,99.48572,1.565959,84.0211,99.9239,99.73789,84.67377
2003-08,98.17736,101.2287,99.38465,99.58853,1.824099,84.32638,99.99006,99.82278,84.84849
2003-09,98.1741,101.2759,99.53886,99.69052,2.113374,84.63026,100.0442,99.8923,85.02233
2003-10,98.48359,101.2108,99.68953,99.79017,2.449011,84.93073,100.0826,99.94153,85.19524
2003-11,99.21151,101.1572,99.8393,99.88922,2.840969,85.22997,100.1029,99.96761,85.36714
2003-12,99.91997,101.1709,99.98679,99.98676,3.271805,85.52667,100.1049,99.97011,85.53798
2004-01,100.4484,101.2409,100.0988,100.0609,3.655213,85.7924,100.0917,99.9532,85.70768
2004-02,100.5236,101.3018,100.1588,100.1005,3.893829,86.01254,100.0672,99.92176,85.87617
2004-03,100.6292,101.3454,100.1653,100.1048,3.948029,86.18565,100.0338,99.87893,86.0434
2004-04,100.7677,101.2042,100.1266,100.0792,3.833498,86.31842,99.99171,99.82491,86.20929
2004-05,101.1197,100.9741,100.0674,100.0401,3.627402,86.43196,99.94012,99.75871,86.37376
2004-06,101.179,100.8185,100.0132,100.0042,3.388551,86.5482,99.87943,99.68082,86.53676
2004-07,101.1174,100.7846,99.98311,99.98433,3.168794,86.68355,99.81407,99.59694,86.6982
2004-08,101.1558,100.7772,99.99773,99.994,2.999832,86.85603,99.75072,99.51564,86.858
2004-09,100.9976,100.826,100.0566,100.033,2.87736,87.06538,99.69709,99.44682,87.01609
2004-10,100.8823,101.0149,100.1453,100.0916,2.788524,87.29905,99.6606,99.39999,87.17239
2004-11,100.7001,101.2267,100.2315,100.1486,2.697383,87.52894,99.64803,99.38386,87.32681
2004-12,100.6437,101.342,100.2878,100.1858,2.577394,87.73103,99.66397,99.40432,87.47926
2005-01,100.679,101.4679,100.3072,100.1986,2.455249,87.89881,99.7078,99.46056,87.62965
2005-02,100.4595,101.6157,100.2913,100.1881,2.349674,88.03355,99.7767,99.54898,87.77787
2005-03,99.87655,101.6787,100.2492,100.1603,2.270969,88.1429,99.86678,99.66458,87.92381
2005-04,99.21434,101.5686,100.1875,100.1195,2.217467,88.23251,99.9726,99.80039,88.06738
2005-05,98.76447,101.3864,100.1197,100.0746,2.177478,88.314,100.0889,99.94969,88.20846
2005-06,98.6448,101.2733,100.0697,100.0416,2.149478,88.40854,100.2116,100.1071,88.34692
2005-07,98.82912,101.2817,100.0461,100.026,2.122605,88.5235,100.3377,100.2689,88.48267
2005-08,98.91993,101.2556,100.044,100.0246,2.070755,88.6546,100.4639,100.4309,88.6156
2005-09,99.18554,101.1328,100.0647,100.0383,1.995738,88.80297,100.5849,100.5861,88.74557
2005-10,99.30673,100.9452,100.1165,100.0725,1.920971,88.97604,100.6916,100.7231,88.87251
2005-11,99.1506,100.8121,100.2165,100.1387,1.896508,89.18893,100.774,100.8288,88.99627
2005-12,99.02016,100.7913,100.3486,100.2261,1.933635,89.42743,100.8248,100.8941,89.11678
2006-01,99.09603,100.9079,100.4815,100.314,2.007772,89.66362,100.8453,100.9204,89.23392
2006-02,99.48302,100.9688,100.6323,100.4137,2.134491,89.91262,100.8405,100.9142,89.34763
2006-03,99.91042,100.9118,100.7813,100.5123,2.284815,90.1568,100.8166,100.8835,89.45782
2006-04,100.32,100.9519,100.9218,100.6051,2.445216,90.38998,100.7808,100.8375,89.56441
2006-05,100.4559,100.9135,101.0451,100.6867,2.593528,90.60445,100.7403,100.7855,89.66731
2006-06,100.5775,100.863,101.1544,100.759,2.708177,90.8028,100.7027,100.7374,89.76649
2006-07,100.7325,100.7854,101.2716,100.8365,2.802724,91.00457,100.677,100.7044,89.86188
2006-08,100.6846,100.7894,101.4282,100.9401,2.914182,91.23816,100.6723,100.6983,89.95341
2006-09,100.6902,100.9009,101.6503,101.087,3.067551,91.52705,100.6967,100.7296,90.04106
2006-10,100.675,101.0583,101.9041,101.2548,3.219707,91.84081,100.7546,100.8039,90.12477
2006-11,100.9201,100.9756,102.1617,101.4252,3.324998,92.15446,100.8475,100.9232,90.20451
2006-12,101.0697,100.7616,102.4104,101.5897,3.387046,92.45638,100.9729,101.0841,90.28023
2007-01,101.2484,100.5109,102.6374,101.7398,3.425341,92.7349,101.1209,101.274,90.35192
2007-02,101.6556,100.4916,102.8452,101.8772,3.425014,92.99214,101.2795,101.4775,90.41956
2007-03,101.8159,100.6196,103.0155,101.9899,3.388373,93.21165,101.4395,101.6828,90.48312
2007-04,101.8406,100.8656,103.1315,102.0666,3.305651,93.37795,101.5982,101.8866,90.54263
2007-05,101.9978,101.1535,103.1719,102.0933,3.164682,93.47179,101.7566,102.0898,90.59808
2007-06,102.1297,101.2439,103.1158,102.0562,2.941698,93.47394,101.9163,102.2948,90.64951
2007-07,101.8919,101.2489,102.973,101.9618,2.62498,93.39342,102.0778,102.502,90.69696
2007-08,101.8169,101.283,102.7847,101.8372,2.224061,93.26735,102.2395,102.7095,90.74049
2007-09,101.7668,101.2505,102.5835,101.7041,1.746394,93.12547,102.3981,102.9131,90.78016
2007-10,101.5821,101.1224,102.357,101.5544,1.214978,92.95665,102.5486,103.1062,90.81607
2007-11,101.4788,100.8394,102.078,101.3698,0.63121,92.73615,102.6828,103.2784,90.84834
2007-12,101.3484,100.5693,101.7519,101.1542,0.01386553,92.4692,102.789,103.4148,90.87711
2008-01,101.3515,100.2653,101.3685,100.9006,-0.6344409,92.14655,102.8531,103.497,90.90251
2008-02,101.2145,99.80605,100.9141,100.6001,-1.329408,91.7559,102.8582,103.5036,90.92475
2008-03,100.9272,99.14462,100.376,100.2442,-2.0659,91.28599,102.7882,103.4137,90.94402
2008-04,100.3522,98.19779,99.72453,99.81332,-2.857188,90.70997,102.635,103.2171,90.96054
2008-05,100.055,97.22266,98.94967,99.30085,-3.693884,90.01904,102.3936,102.9073,90.97458
2008-06,99.98687,96.31301,98.07474,98.7222,-4.53524,89.23467,102.0627,102.4826,90.9864
2008-07,99.48621,95.72698,97.16219,98.11867,-5.331654,88.41401,101.6516,101.9551,90.99631
2008-08,98.59284,95.73484,96.28928,97.54135,-6.046769,87.62769,101.1744,101.3427,91.00462
2008-09,97.57123,95.90998,95.49041,97.01301,-6.677097,86.90739,100.6493,100.6688,91.01164
2008-10,96.586,95.9499,94.80392,96.55899,-7.173522,86.28838,100.1029,99.96763,91.01773
2008-11,95.79855,95.86361,94.29542,96.22268,-7.446307,85.83073,99.56509,99.27743,91.02323
2008-12,95.18609,95.59509,94.00816,96.03269,-7.456553,85.57419,99.06536,98.63611,91.02847
2009-01,94.42567,95.3167,93.93597,95.98495,-7.198392,85.51348,98.62898,98.07609,91.0338
2009-02,93.77386,95.54235,94.11747,96.10499,-6.61732,85.68411,98.27686,97.62421,91.03954
2009-03,93.61738,96.16264,94.56023,96.39782,-5.688344,86.09333,98.02098,97.29584,91.04601
2009-04,94.13725,96.8409,95.25071,96.85448,-4.388556,86.72911,97.8538,97.08128,91.05351
2009-05,94.853,97.37701,96.12385,97.43195,-2.762144,87.53259,97.76113,96.96237,91.0623
2009-06,95.56293,97.90975,97.1211,98.09149,-0.878491,88.45075,97.72851,96.9205,91.07265
2009-07,96.20308,98.38071,98.17015,98.7853,1.135627,89.41806,97.74191,96.9377,91.08478
2009-08,96.91479,98.88214,99.18052,99.45353,3.109393,90.35238,97.79181,97.00174,91.09891
2009-09,97.58218,99.57449,100.0793,100.0479,4.92485,91.18745,97.87385,97.10702,91.11523
2009-10,98.04407,100.0037,100.7963,100.5221,6.456539,91.85963,97.98675,97.2519,91.13393
2009-11,98.12308,100.144,101.2936,100.8511,7.577237,92.33434,98.13166,97.43787,91.15514
2009-12,98.14461,100.1761,101.5943,101.0499,8.248411,92.6327,98.30909,97.66557,91.17902
2010-01,98.35449,100.3471,101.7355,101.1433,8.507434,92.78849,98.5134,97.92776,91.20566
2010-02,98.58635,100.4714,101.7635,101.1618,8.356303,92.84414,98.73577,98.21314,91.23518
2010-03,98.92384,100.3821,101.7054,101.1234,7.818033,92.82413,98.96517,98.50754,91.26765
2010-04,99.40778,100.1172,101.5717,101.035,6.928556,92.73819,99.18776,98.79318,91.30315
2010-05,99.89914,99.74967,101.3775,100.9065,5.789152,92.59998,99.38937,99.05192,91.34175
2010-06,100.1845,99.41964,101.1655,100.7663,4.51984,92.44859,99.55841,99.26884,91.38351
2010-07,100.4692,99.13188,100.9658,100.6343,3.235833,92.31149,99.68995,99.43766,91.42847
2010-08,100.6493,98.93057,100.8195,100.5375,2.07408,92.22636,99.78294,99.55698,91.47667
2010-09,100.7226,98.56538,100.7322,100.4797,1.108553,92.19831,99.8397,99.62983,91.52818
2010-10,100.7813,98.23674,100.6922,100.4533,0.3890344,92.217,99.8681,99.66628,91.58301
2010-11,100.885,97.92496,100.6892,100.4513,-0.0666701,92.27277,99.87683,99.67749,91.64123
2010-12,101.1214,97.61536,100.7016,100.4595,-0.309251,92.34623,99.87261,99.67207,91.70285
2011-01,101.283,97.19556,100.7063,100.4626,-0.4013266,92.4161,99.85847,99.65393,91.76793
2011-02,101.5341,96.94647,100.6906,100.4522,-0.4022166,92.4707,99.83511,99.62394,91.83649
2011-03,101.7895,96.79655,100.6211,100.4063,-0.3713596,92.47942,99.80257,99.58218,91.90856
2011-04,101.6911,96.82988,100.4849,100.3162,-0.3320512,92.43025,99.76253,99.53079,91.98418
2011-05,101.5392,97.20303,100.2745,100.177,-0.3066428,92.31603,99.71723,99.47267,92.06336
2011-06,101.3001,97.23113,99.96881,99.97488,-0.3582338,92.11741,99.66888,99.41061,92.14615
2011-07,100.881,96.93126,99.59576,99.72815,-0.4894014,91.85971,99.61903,99.34665,92.23254
2011-08,100.4991,96.47639,99.20513,99.4698,-0.6913652,91.58874,99.57004,99.28377,92.32258
2011-09,99.88407,96.08086,98.83806,99.22704,-0.9282917,91.34245,99.52614,99.22743,92.41626
2011-10,99.29671,95.83364,98.52854,99.02232,-1.154552,91.1523,99.49448,99.1868,92.5136
2011-11,99.1083,95.86075,98.30406,98.87386,-1.331767,91.04391,99.4818,99.17053,92.6146
2011-12,99.35763,96.0545,98.17228,98.78671,-1.431154,91.02461,99.49017,99.18127,92.71926
2012-01,100.0599,96.35717,98.12754,98.75712,-1.435551,91.08942,99.51102,99.20804,92.82758
2012-02,100.5887,96.43777,98.13767,98.76382,-1.364773,91.20869,99.53366,99.23708,92.93953
2012-03,100.7688,96.29584,98.17068,98.78565,-1.218209,91.35283,99.55252,99.26129,93.05511
2012-04,100.5759,96.15499,98.21653,98.81597,-0.9928682,91.51254,99.57417,99.28908,93.17428
2012-05,100.0471,96.16452,98.28766,98.86302,-0.6678961,91.69946,99.60803,99.33253,93.29702
2012-06,99.94303,96.33305,98.41095,98.94456,-0.1939327,91.93876,99.65663,99.3949,93.4233
2012-07,100.0322,96.59671,98.59502,99.0663,0.4125646,92.23869,99.70485,99.45678,93.55309
2012-08,99.95654,96.70238,98.81189,99.20972,1.074911,92.57323,99.7318,99.49137,93.68633
2012-09,100.1198,96.66925,99.03792,99.35921,1.727441,92.92033,99.72263,99.47959,93.82298
2012-10,100.261,96.76086,99.25333,99.50168,2.313813,93.26139,99.68143,99.42672,93.963
2012-11,100.1087,97.07792,99.44312,99.6272,2.788052,93.58227,99.622,99.35045,94.10632
2012-12,100.0664,97.15587,99.61782,99.74274,3.150875,93.89268,99.5605,99.27153,94.2529
2013-01,99.97293,97.15007,99.81353,99.87218,3.444119,94.22665,99.50938,99.20592,94.40268
2013-02,99.99216,97.11033,100.0338,100.0178,3.704523,94.58754,99.47747,99.16497,94.5556
2013-03,100.1313,97.2198,100.2833,100.1828,3.970341,94.97985,99.46924,99.15442,94.71156
2013-04,100.1031,97.42033,100.5509,100.3598,4.240524,95.39315,99.48243,99.17134,94.87052
2013-05,99.97765,97.76917,100.818,100.5365,4.482335,95.80974,99.51204,99.20934,95.03237
2013-06,100.0392,98.34206,101.0778,100.7083,4.659918,96.22303,99.55257,99.26136,95.19703
2013-07,100.6957,99.14339,101.3347,100.8783,4.768679,96.63725,99.59896,99.32089,95.36439
2013-08,101.6102,99.66281,101.5573,101.0255,4.805832,97.02215,99.64785,99.38363,95.53435
2013-09,102.3678,99.86098,101.7323,101.1412,4.783025,97.36473,99.69836,99.44845,95.7068
2013-10,102.5464,99.83145,101.8558,101.2229,4.71753,97.66103,99.75245,99.51787,95.88164
2013-11,102.7058,99.80967,101.9577,101.2903,4.655854,97.93932,99.81321,99.59583,96.05874
2013-12,102.5519,100.073,102.0576,101.3564,4.60688,98.21821,99.88265,99.68495,96.23797
2014-01,102.2697,100.5483,102.1562,101.4215,4.533284,98.49821,99.95899,99.78293,96.41922
2014-02,102.0792,100.9108,102.242,101.4783,4.419847,98.76816,100.0386,99.88509,96.60234
2014-03,102.0602,101.2486,102.3111,101.524,4.257979,99.02407,100.1174,99.98621,96.78722
2014-04,102.3405,101.519,102.3363,101.5407,4.031922,99.23933,100.1918,100.0817,96.9737
2014-05,102.5228,101.6767,102.3003,101.5168,3.743783,99.39664,100.2588,100.1676,97.16167
2014-06,102.6193,101.7661,102.2035,101.4528,3.40152,99.49608,100.3157,100.2407,97.35098
2014-07,102.4798,101.7638,102.0643,101.3608,3.019332,99.55505,100.3613,100.2992,97.54148
2014-08,102.3293,101.7477,101.9058,101.2559,2.652503,99.59566,100.3945,100.3418,97.73306
2014-09,102.0905,101.5889,101.7415,101.1472,2.327512,99.63091,100.4145,100.3675,97.92558
2014-10,101.9403,101.5117,101.5869,101.0451,2.063211,99.67598,100.4215,100.3764,98.1189
2014-11,101.9869,101.4751,101.4495,100.9541,1.836407,99.73788,100.4162,100.3697,98.31288
2014-12,102.0962,101.6129,101.3481,100.8871,1.646518,99.83539,100.4008,100.3499,98.50742
2015-01,102.1709,101.9078,101.2892,100.8481,1.499109,99.97481,100.3798,100.3229,98.70237
2015-02,102.1397,102.1825,101.2732,100.8376,1.405972,100.1568,100.3581,100.2952,98.89761
2015-03,101.8302,102.3752,101.2748,100.8386,1.34534,100.3563,100.3393,100.271,99.09302
2015-04,101.5772,102.3682,101.2621,100.8302,1.312279,100.5416,100.3233,100.2505,99.28847
2015-05,101.309,102.2357,101.217,100.8004,1.30578,100.6945,100.3089,100.232,99.48385
2015-06,101.1455,102.3799,101.1394,100.7491,1.325392,100.8148,100.2953,100.2145,99.67902
2015-07,101.1598,102.4725,101.0126,100.6652,1.336093,100.8852,100.2843,100.2004,99.87388
2015-08,101.0737,102.4503,100.8504,100.5579,1.329001,100.9193,100.2779,100.1922,100.0683
2015-09,100.8705,102.37,100.6753,100.4421,1.313145,100.9392,100.2765,100.1904,100.2622
2015-10,100.5956,102.3535,100.5045,100.3292,1.290346,100.9622,100.2765,100.1904,100.4553
2015-11,100.3496,102.4087,100.3435,100.2226,1.258821,100.9934,100.273,100.1859,100.6477
2015-12,100.2396,102.6015,100.1946,100.1242,1.201988,101.0354,100.2629,100.173,100.8392
2016-01,100.25,102.6124,100.047,100.0266,1.102594,101.0771,100.2486,100.1545,101.0296
2016-02,100.2782,102.4241,99.92518,99.94602,0.9848497,101.1432,100.234,100.1359,101.2189
2016-03,100.5355,102.2067,99.83958,99.8894,0.8848617,101.2443,100.2227,100.1213,101.407
2016-04,100.8248,101.9884,99.78027,99.85018,0.8243247,101.3704,100.2146,100.111,101.5936
2016-05,101.0887,101.7433,99.75301,99.83215,0.8271291,101.5274,100.2087,100.1034,101.7788
2016-06,101.2334,101.3247,99.76535,99.84031,0.9009802,101.7231,100.2046,100.0981,101.9624
2016-07,101.1662,100.7622,99.83228,99.88457,1.07814,101.9729,100.2045,100.098,102.1442
2016-08,101.1628,100.7578,99.98218,99.98372,1.374048,102.306,100.212,100.1075,102.3242
2016-09,101.2881,101.1248,100.1853,100.118,1.736659,102.6922,100.2298,100.1305,102.5023
2016-10,101.5786,101.2842,100.3721,100.2416,2.078193,103.0603,100.2582,100.167,102.6782
2016-11,102.0588,101.1927,100.5228,100.3413,2.372771,103.3897,100.2956,100.2149,102.852
2016-12,102.3592,101.1054,100.6323,100.4137,2.612495,103.6749,100.339,100.2706,103.0235
2017-01,102.6454,100.9942,100.6931,100.4539,2.800601,103.9079,100.3844,100.3288,103.1926
2017-02,102.7834,100.8939,100.7259,100.4756,2.932734,104.1095,100.4275,100.3842,103.3592
2017-03,102.7551,100.8579,100.7431,100.487,3.010688,104.2924,100.4656,100.4331,103.5232
2017-04,102.7516,100.826,100.7619,100.4994,3.062004,104.4744,100.4988,100.4756,103.6844
2017-05,102.9729,100.7373,100.8,100.5246,3.09876,104.6735,100.5284,100.5137,103.8428
2017-06,103.278,100.5628,100.8201,100.5379,3.074942,104.851,100.5562,100.5493,103.9982
2017-07,103.4382,100.4973,100.8087,100.5303,2.961522,104.9928,100.5833,100.5841,104.1506
2017-08,103.2835,100.4348,100.7656,100.5019,2.729532,105.0984,100.6097,100.6179,104.2999
2017-09,103.0499,100.4222,100.7006,100.4588,2.42034,105.1777,100.6334,100.6484,104.4459
2017-10,102.9641,100.4631,100.5955,100.3893,2.087295,105.2115,100.6507,100.6705,104.5887
2017-11,103.102,100.4783,100.4648,100.3029,1.765338,105.2149,100.6575,100.6794,104.7281
2017-12,103.151,100.4983,100.3327,100.2156,1.483526,105.213,100.6531,100.6737,104.8641
2018-01,102.8649,100.5702,100.2074,100.1327,1.257223,105.2142,100.6432,100.6609,104.9965
2018-02,102.1758,100.6862,100.0932,100.0572,1.069927,105.2234,100.6357,100.6514,105.1253
2018-03,101.6066,100.789,99.99147,99.98986,0.9100763,105.2416,100.6378,100.6541,105.2506
2018-04,101.6288,100.8376,99.89601,99.92673,0.7543929,105.2625,100.6518,100.672,105.3721
2018-05,101.851,100.9628,99.78416,99.85275,0.5624297,105.2622,100.6768,100.7042,105.4899
2018-06,102.2026,101.0047,99.6069,99.73552,0.3221604,105.1888,100.7103,100.7471,105.604
2018-07,102.4335,101.0871,99.35342,99.56787,0.03603316,105.0307,100.7477,100.7951,105.7142
2018-08,102.3854,101.0048,99.03019,99.3541,-0.2893451,104.7943,100.7852,100.8432,105.8206
2018-09,102.1507,100.8156,98.66024,99.10943,-0.6404714,104.504,100.8209,100.889,105.9232
2018-10,102.0146,100.6111,98.30258,98.87289,-0.9402924,104.2222,100.8572,100.9356,106.0219
2018-11,102.2044,100.344,97.97803,98.65824,-1.182256,103.971,100.8976,100.9874,106.1167
2018-12,102.2942,100.0319,97.71407,98.48367,-1.362209,103.7798,100.9435,101.0463,106.2076
2019-01,101.9504,99.73976,97.5389,98.36781,-1.459492,103.6786,100.9912,101.1076,106.2947
2019-02,101.3518,99.60733,97.45258,98.31072,-1.478154,103.668,101.0358,101.1648,106.3779
2019-03,100.7368,99.59708,97.42003,98.28919,-1.454618,103.7107,101.0744,101.2144,106.4573
2019-04,100.1312,99.75628,97.41141,98.28349,-1.412959,103.7752,101.1112,101.2615,106.5329
2019-05,99.57144,99.99413,97.40307,98.27798,-1.354607,103.8363,101.1516,101.3134,106.6048
2019-06,99.23561,100.0779,97.37456,98.25912,-1.251528,103.8724,101.1983,101.3734,106.673
2019-07,98.85618,100.1205,97.33188,98.2309,-1.086312,103.8897,101.2465,101.4353,106.7376
2019-08,98.50532,99.92644,97.28169,98.1977,-0.8576785,103.8955,101.2884,101.489,106.7987
2019-09,98.0296,99.88215,97.26884,98.18921,-0.5417592,103.9379,101.3175,101.5263,106.8563
2019-10,98.16546,99.98421,97.34859,98.24195,-0.1403344,104.076,101.3345,101.5481,106.9106
2019-11,98.50762,100.2982,97.55942,98.38138,0.365645,104.3512,101.3411,101.5566,106.9617
2019-12,98.66421,100.6494,97.90256,98.60832,0.9495383,104.7652,101.3357,101.5497,107.0097
2020-01,98.73193,100.7748,98.37134,98.91836,1.574583,105.3112,101.3098,101.5165,107.0547
2020-02,98.14663,100.4127,98.94368,99.29688,2.216387,105.9657,101.2504,101.4402,107.097
2020-03,96.44274,99.33212,95.79422,97.21394,-1.041398,102.6307,94.42017,92.67484,107.1366
2020-04,94.46893,97.77292,86.93021,91.35157,-10.22286,93.16641,86.67053,82.72958,107.1738
2020-05,94.02629,97.00836,89.04107,92.74763,-8.06703,95.45983,82.85082,77.82767,107.2088
2020-06,95.0246,97.14878,94.39807,96.29057,-2.539946,101.2341,86.21546,82.14558,107.2417
2020-07,96.57161,97.64719,99.37862,99.58454,2.614733,106.6061,89.56079,86.4387,107.2727
2020-08,97.46508,97.85812,99.37173,99.57999,2.630005,106.628,92.88712,90.70745,107.3022
2020-09,98.32648,97.67885,98.96115,99.30844,2.191016,106.2152,93.14188,91.03439,107.3302
2020-10,98.98779,97.33843,98.59567,99.06673,1.703952,105.8494,93.39167,91.35495,107.357
2020-11,98.71086,97.2403,98.51364,99.01247,1.375704,105.7867,93.6385,91.67171,107.3828
2020-12,98.49242,97.65516,99.3977,99.59716,1.904995,106.761,93.31551,91.25722,107.4079
2021-01,98.45616,98.24932,99.28519,99.52275,1.284988,106.6644,93.0096,90.86463,107.4323
2021-02,99.56746,99.32748,100.1011,100.0624,1.509305,107.565,92.73643,90.51407,107.4563
2021-03,101.3763,100.6428,101.0612,100.6974,5.836485,108.6207,94.36407,92.60286,107.4801
2021-04,102.8067,101.6785,101.5174,100.9991,17.13987,109.135,96.06203,94.78188,107.5037
2021-05,103.9522,102.4693,101.9476,101.2836,14.83523,109.6215,97.71557,96.90388,107.5273
2021-06,104.6297,102.8248,102.2904,101.5103,8.673164,110.0143,98.02834,97.30528,107.5509
2021-07,104.9206,102.7688,102.5151,101.6589,3.44651,110.2803,98.27397,97.62051,107.5747
2021-08,104.8265,102.2486,102.624,101.7309,3.558207,110.4221,98.59062,98.02686,107.5987
2021-09,104.8803,101.3853,102.6326,101.7366,3.992764,110.4561,98.94001,98.47524,107.6228
2021-10,105.16,100.67,102.549,101.6813,4.290708,110.391,99.28687,98.92036,107.6471
2021-11,105.4471,100.3381,102.3044,101.5195,4.127191,110.1528,99.60221,99.32506,107.6716
2021-12,105.4252,99.85436,101.7912,101.1801,2.682923,109.6253,99.8671,99.665,107.6962
2022-01,105.1519,98.82758,100.9438,100.6197,1.943751,108.7377,100.0786,99.93646,107.721
2022-02,104.7852,97.29991,99.79006,99.85666,-0.04219969,107.5196,100.2427,100.147,107.7458
2022-03,104.4159,95.73772,98.49974,99.00328,-2.270995,106.1539,100.3704,100.3109,107.7708
2022-04,104.0194,94.42256,97.32304,98.22505,-3.871242,104.9101,100.4778,100.4487,107.7958
2022-05,103.7845,93.65356,96.39024,97.60813,-5.193099,103.9288,100.5799,100.5798,107.8208
2022-06,103.0474,93.24961,95.72337,97.16708,,,,,
2022-07,102.0395,92.92992,95.28554,96.87751,,,,,
2022-08,100.9903,92.39417,94.98855,96.68109,,,,,
2022-09,100.5903,91.83645,94.77719,96.54131,,,,,
2022-10,100.919,91.57454,94.63858,96.44963,,,,,
