country,GRC,GRC,GRC,GRC,GRC,GRC,GRC,GRC,GRC,GRC,GRC,GRC,GRC,GRC,GRC,GRC,GRC,GRC,GRC,GRC,GRC,GRC,GRC,GRC,GRC,GRC,GRC,GRC
subject,BCBUTE,BCCI,BCEMFT,BCOBLV,BCSPFT,BRBUFT,BRBUTE,BRCI,BREMFT,BRODFT,BRVSLV,BSCI,BSEMFT,BSFGLV,BSOBLV,BSPRFT,BSPRTE,BSSPFT,BSXRLV,BVBUTE,BVCI,BVDEFT,BVDETE,BVEMFT,BVEMTE,CSCICP02,CSESFT,CSINFT
measure,BLSA,BLSA,BLSA,BLSA,BLSA,BLSA,BLSA,BLSA,BLSA,BLSA,BLSA,BLSA,BLSA,BLSA,BLSA,BLSA,BLSA,BLSA,BLSA,BLSA,BLSA,BLSA,BLSA,BLSA,BLSA,BLSA,BLSA,BLSA
unit,,,,,,,,,,,,,,,,,,,,,,,,,,,,
powercode,Units,Units,Units,Units,Units,Units,Units,Units,Units,Units,Units,Units,Units,Units,Units,Units,Units,Units,Units,Units,Units,Units,Units,Units,Units,Units,Units,Units
reference_period,,,,,,,,,,,,,,,,,,,,,,,,,,,,
time,,,,,,,,,,,,,,,,,,,,,,,,,,,,
1975-02,,,,,,,,,,,,,,25.76,,39.46,0.68,17.32,,,,,,,,,,
1975-03,,,,,,,,,,,,,,19.86,,35.86,39.33,16.84,,,,,,,,,,
1975-04,,,,,,,,,,,,,,21.03,,38.06,-8.84,14.86,,,,,,,,,,
1975-05,,,,,,,,,,,,,,20.12,,39.05,13.15,17.86,,,,,,,,,,
1975-06,,,,,,,,,,,,,,17.75,,35.27,18.5,20.81,,,,,,,,,,
1975-07,,,,,,,,,,,,,,15.52,,41.99,17.95,24.14,,,,,,,,,,
1975-08,,,,,,,,,,,,,,10.49,,36.55,15.68,38.52,,,,,,,,,,
1975-09,,,,,,,,,,,,,,8.9,,41.03,25.12,25.95,,,,,,,,,,
1975-10,,,,,,,,,,,,,,7.04,,37.02,4.18,23.35,,,,,,,,,,
1975-11,,,,,,,,,,,,,,8.91,,37.22,20.58,20.52,,,,,,,,,,
1975-12,,,,,,,,,,,,,,9.67,,34.16,19.9,24.91,,,,,,,,,,
1976-01,,,,,,,,,,,,,,8.32,,40.8,15.93,31.77,,,,,,,,,,
1976-02,,,,,,,,,,,,,,13.98,,35.35,23.41,28.66,,,,,,,,,,
1976-03,,,,,,,,,,,,,,13.99,,39.54,17.8,33.19,,,,,,,,,,
1976-04,,,,,,,,,,,,,,11.06,,40.38,20.82,35.49,,,,,,,,,,
1976-05,,,,,,,,,,,,,,6.28,,37.55,25.92,32.48,,,,,,,,,,
1976-06,,,,,,,,,,,,,,7.41,,40.13,23.38,36.32,,,,,,,,,,
1976-07,,,,,,,,,,,,,,6.26,,36.32,11.49,24.36,,,,,,,,,,
1976-08,,,,,,,,,,,,,,10.94,,35.23,18.83,34.55,,,,,,,,,,
1976-09,,,,,,,,,,,,,,9.85,,35.98,8.25,27.83,,,,,,,,,,
1976-10,,,,,,,,,,,,,,12.94,,36.45,19.5,26.97,,,,,,,,,,
1976-11,,,,,,,,,,,,,,11.1,,33.2,14.35,32.25,,,,,,,,,,
1976-12,,,,,,,,,,,,,,7.57,,37.31,10.88,23.28,,,,,,,,,,
1977-01,,,,,,,,,,,,,,10.35,,32.77,17.58,18.07,,,,,,,,,,
1977-02,,,,,,,,,,,,,,6.09,,33.59,26.88,21.36,,,,,,,,,,
1977-03,,,,,,,,,,,,,,8.86,,32.63,10.12,18.85,,,,,,,,,,
1977-04,,,,,,,,,,,,,,10.92,,33.74,8.77,14.96,,,,,,,,,,
1977-05,,,,,,,,,,,,,,13.58,,35.53,10.4,16.82,,,,,,,,,,
1977-06,,,,,,,,,,,,,,12.2,,33.99,11.4,16.18,,,,,,,,,,
1977-07,,,,,,,,,,,,,,13.28,,33.3,14.94,18.85,,,,,,,,,,
1977-08,,,,,,,,,,,,,,16.31,,32.91,13.47,11.36,,,,,,,,,,
1977-09,,,,,,,,,,,,,,13.7,,29.66,8.33,18.69,,,,,,,,,,
1977-10,,,,,,,,,,,,,,13.7,,27.79,9.59,19.51,,,,,,,,,,
1977-11,,,,,,,,,,,,,,14.25,,33.06,18.46,18.56,,,,,,,,,,
1977-12,,,,,,,,,,,,,,24.55,,32.02,13.97,22.86,,,,,,,,,,
1978-01,,,,,,,,,,,,,,13.3,,28.45,21.0,29.69,,,,,,,,,,
1978-02,,,,,,,,,,,,,,10.11,,32.7,11.16,29.44,,,,,,,,,,
1978-03,,,,,,,,,,,,,,13.11,,27.77,17.65,27.86,,,,,,,,,,
1978-04,,,,,,,,,,,,,,8.7,,27.24,13.41,29.24,,,,,,,,,,
1978-05,,,,,,,,,,,,,,18.56,,31.17,16.15,27.13,,,,,,,,,,
1978-06,,,,,,,,,,,,,,7.52,,29.38,9.14,28.78,,,,,,,,,,
1978-07,,,,,,,,,,,,,,18.53,,30.99,9.64,25.84,,,,,,,,,,
1978-08,,,,,,,,,,,,,,9.75,,34.08,23.02,26.57,,,,,,,,,,
1978-09,,,,,,,,,,,,,,15.88,,28.48,22.57,30.25,,,,,,,,,,
1978-10,,,,,,,,,,,,,,6.61,,29.29,18.46,34.85,,,,,,,,,,
1978-11,,,,,,,,,,,,,,6.5,,32.78,6.91,47.69,,,,,,,,,,
1978-12,,,,,,,,,,,,,,8.26,,36.7,5.52,31.26,,,,,,,,,,
1979-01,,,,,,,,,,,,,,7.52,,41.01,8.18,31.34,,,,,,,,,,
1979-02,,,,,,,,,,,,,,4.01,,32.35,17.33,32.44,,,,,,,,,,
1979-03,,,,,,,,,,,,,,2.31,,33.71,9.02,23.46,,,,,,,,,,
1979-04,,,,,,,,,,,,,,5.46,,27.64,25.84,42.62,,,,,,,,,,
1979-05,,,,,,,,,,,,,,1.31,,26.47,6.4,42.91,,,,,,,,,,
1979-06,,,,,,,,,,,,,,8.04,,34.64,7.02,32.54,,,,,,,,,,
1979-07,,,,,,,,,,,,,,7.89,,36.31,-4.59,38.83,,,,,,,,,,
1979-08,,,,,,,,,,,,,,1.86,,29.25,17.93,35.26,,,,,,,,,,
1979-09,,,,,,,,,,,,,,4.93,,24.85,20.71,35.21,,,,,,,,,,
1979-10,,,,,,,,,,,,,,9.93,,8.1,6.24,47.27,,,,,,,,,,
1979-11,,,,,,,,,,,,,,7.73,,31.04,1.31,52.07,,,,,,,,,,
1979-12,,,,,,,,,,,,,,9.07,,23.58,19.2,35.41,,,,,,,,,,
1980-01,,,,,,,,,,,,,,9.78,,24.49,12.73,33.52,,,,,,,,,,
1980-02,,,,,,,,,,,,,,15.72,,16.12,8.81,35.2,,,,,,,,,,
1980-03,,,,,,,,,,,,,,15.13,,22.59,-2.06,34.86,,,,,,,,,,
1980-04,,,,,,,,,,,,,,14.25,,16.17,7.9,37.55,,,,,,,,,,
1980-05,,,,,,,,,,,,,,10.92,,14.67,-2.99,39.86,,,,,,,,,,
1980-06,,,,,,,,,,,,,,8.06,,36.23,4.33,37.59,,,,,,,,,,
1980-07,,,,,,,,,,,,,,13.91,,23.01,-5.0,39.11,,,,,,,,,,
1980-08,,,,,,,,,,,,,,11.91,,18.01,18.0,35.11,,,,,,,,,,
1980-09,,,,,,,,,,,,,,11.91,,21.01,21.0,35.11,,,,,,,,,,
1980-10,,,,,,,,,,,,,,16.91,,11.01,6.0,47.11,,,,,,,,,,
1980-11,,,,,,,,,,,,,,20.91,,23.01,1.0,52.11,,,,,,,,,,
1980-12,,,,,,,,,,,,,,21.1,-13.24,19.69,4.92,61.78,-11.73,,,,,,,,,
1981-01,,,,,,,,,,,,,,33.4,-25.41,23.33,-4.19,55.83,-9.39,,,,,,,,,
1981-02,,,,,,,,,,,,,,26.32,-25.72,23.08,-0.94,48.05,-8.46,,,,,,,,,
1981-03,,,,,,,,,,,,,,25.19,-32.07,16.54,7.15,32.82,-10.66,,,,,,,,,
1981-04,,,,,,,,,,,,,,25.03,-31.64,24.97,8.22,37.29,-11.49,,,,,,,,,
1981-05,,,,,,,,,,,,,,28.47,-27.44,21.2,10.17,39.21,-17.27,,,,,,,,,
1981-06,,,,,,,,,,,,,,30.59,-40.15,14.14,6.51,42.33,-22.21,,,,,,,,,
1981-07,,,,,,,,,,,,,,18.93,-37.06,8.91,11.72,38.69,-24.8,,,,,,,,,
1981-08,,,,,,,,,,,,,,21.54,-39.04,6.77,0.77,38.27,-24.88,,,,,,,,,
1981-09,,,,,,,,,,,,,,18.48,-35.21,16.14,8.09,32.85,-30.69,,,,,,,,,
1981-10,,,,,,,,,,,,,,23.64,-33.61,13.93,-2.46,23.62,-31.89,,,,,,,,,
1981-11,,,,,,,,,,,,,,32.96,-30.1,13.94,2.53,18.84,-22.66,,,,,,,,,
1981-12,,,,,,,,,,,,,,26.94,-29.86,8.16,-0.55,3.38,-29.04,,,,,,,,,
1982-01,,,,,,,,,,,,,,22.05,-30.1,8.07,-4.13,15.88,-28.92,,,,,,,,,
1982-02,,,,,,,,,,,,,,18.36,-16.1,17.62,5.78,38.59,-37.98,,,,,,,,,
1982-03,,,,,,,,,,,,,,18.83,-22.69,10.11,30.33,33.66,-38.88,,,,,,,,,
1982-04,,,,,,,,,,,,,,21.02,-28.81,15.88,-2.59,34.42,-29.64,,,,,,,,,
1982-05,,,,,,,,,,,,,,17.77,-35.02,0.3,-8.5,29.68,-43.25,,,,,,,,,
1982-06,,,,,,,,,,,,,,13.95,-30.68,-0.69,-5.36,34.08,-43.77,,,,,,,,,
1982-07,,,,,,,,,,,,,,14.79,-34.93,0.74,-14.33,30.06,-44.16,,,,,,,,,
1982-08,,,,,,,,,,,,,,13.58,-38.24,5.03,-28.71,28.56,-45.97,,,,,,,,,
1982-09,,,,,,,,,,,,,,11.22,-38.75,0.81,-12.02,23.11,-39.41,,,,,,,,,
1982-10,,,,,,,,,,,,,,10.64,-40.42,5.26,-6.56,21.45,-37.39,,,,,,,,,
1982-11,,,,,,,,,,,,,,12.74,-40.42,1.14,-16.94,8.25,-44.96,,,,,,,,,
1982-12,,,,,,,,,,,,,,10.64,-34.22,9.33,7.75,31.95,-34.99,,,,,,,,,
1983-01,,,,,,,,,,,,,,19.53,-32.7,2.1,6.9,36.71,-38.35,,,,,,,,,
1983-02,,,,,,,,,,,,,,11.56,-32.19,5.19,-0.15,44.8,-29.06,,,,,,,,,
1983-03,,,,,,,,,,,,,,3.61,-23.97,14.78,19.03,27.47,-29.55,,,,,,,,,
1983-04,,,,,,,,,,,,,,1.57,-36.15,9.13,22.55,25.89,-34.89,,,,,,,,,
1983-05,,,,,,,,,,,,,,11.17,-30.61,21.8,-21.85,27.18,-23.95,,,,,,,,,
1983-06,,,,,,,,,,,,,,15.72,-26.54,15.11,8.03,26.05,-24.14,,,,,,,,,
1983-07,,,,,,,,,,,,,,19.52,-22.86,12.67,12.98,26.83,-23.63,,,,,,,,,
1983-08,,,,,,,,,,,,,,21.07,-19.8,12.45,15.37,26.6,-23.42,,,,,,,,,
1983-09,,,,,,,,,,,,,,23.79,-18.29,14.55,15.42,26.44,-23.72,,,,,,,,,
1983-10,,,,,,,,,,,,,,11.12,-28.25,13.72,-17.26,22.05,-34.26,,,,,,,,,
1983-11,,,,,,,,,,,,,,9.37,-24.62,37.54,20.47,24.03,-37.07,,,,,,,,,
1983-12,,,,,,,,,,,,,,12.4,-26.59,13.72,-0.75,35.29,-18.3,,,,,,,,,
1984-01,,,,,,,,,,,,,,12.77,-26.27,15.12,6.61,37.61,-23.07,,,,,,,,,
1984-02,,,,,,,,,,,,,,12.61,-27.27,20.16,2.66,40.05,-26.18,,,,,,,,,
1984-03,,,,,,,,,,,,,,16.73,-27.01,15.17,2.13,34.63,-32.63,,,,,,,,,
1984-04,,,,,,,,,,,,,,15.25,-23.04,25.09,0.65,36.2,-31.36,,,,,,,,,
1984-05,,,,,,,,,,,,,,15.74,-25.7,21.53,12.85,36.2,-27.56,,,,,,,,,
1984-06,,,,,,,,,,,,,,14.11,-26.35,18.34,8.81,33.77,-28.38,,,,,,,,,
1984-07,,,,,,,,,,,,,,12.14,-24.85,25.81,11.69,32.63,-29.05,,,,,,,,,
1984-08,,,,,,,,,,,,,,12.35,-24.51,32.1,12.6,31.83,-28.98,,,,,,,,,
1984-09,,,,,,,,,,,,,,14.84,-25.98,24.91,-1.16,33.61,-30.07,,,,,,,,,
1984-10,,,,,,,,,,,,,,13.43,-19.93,27.52,10.01,39.28,-19.95,,,,,,,,,
1984-11,,,,,,,,,,,,,,11.72,-17.83,18.63,12.94,45.42,-28.16,,,,,,,,,
1984-12,,,,,,,,,,,,,,7.2,-27.4,27.1,0.7,35.3,-42.9,,,,,,,,,
1985-01,-3.8,-12.7,20.8,-46.1,11.8,,,,,,,-2.5,-2.7,7.2,-27.4,27.2,0.6,35.3,-42.8,,,,,,,-7.2,6.0,41.6
1985-02,-0.3,-12.6,20.5,-45.7,12.0,,,,,,,-3.3,-2.6,7.9,-28.1,26.1,8.2,25.9,-41.6,,,,,,,-8.0,3.8,43.6
1985-03,0.7,-12.5,20.5,-45.5,11.5,,,,,,,-8.6,-2.7,10.2,-32.0,16.4,6.2,20.6,-39.0,,,,,,,-6.4,5.3,40.6
1985-04,1.7,-21.5,3.4,-46.3,3.1,,,,,,,-9.0,-3.3,16.9,-29.1,19.0,-0.3,30.1,-29.7,,,,,,,-2.1,11.3,31.6
1985-05,2.4,-21.4,3.4,-46.2,2.7,,,,,,,-7.2,-3.5,14.9,-23.3,16.5,-5.9,27.6,-29.8,,,,,,,-0.9,14.0,30.7
1985-06,2.3,-21.6,3.4,-46.7,2.1,,,,,,,-0.5,-3.7,12.2,-15.1,25.6,31.2,28.3,-30.6,,,,,,,-2.2,12.2,32.3
1985-07,-17.0,-28.5,-10.2,-46.8,8.4,,,,,,,-0.1,0.2,9.0,-16.9,25.6,8.2,28.7,-23.3,,,,,,,-1.9,13.0,30.5
1985-08,-16.6,-28.6,-10.2,-46.9,8.1,,,,,,,-3.7,0.3,8.9,-22.6,20.5,4.0,31.6,-27.3,,,,,,,-1.9,14.0,30.1
1985-09,-16.3,-28.6,-10.1,-47.1,7.9,,,,,,,-6.9,0.4,7.7,-28.1,15.2,0.1,32.4,-30.6,,,,,,,-2.9,11.9,30.5
1985-10,6.9,-26.7,-1.1,-52.3,8.9,,,,,,,-1.8,-2.2,5.7,-24.8,25.1,1.4,35.7,-34.8,,,,,,,-16.9,-8.8,45.7
1985-11,7.0,-26.6,-1.0,-52.2,8.5,,,,,,,-1.4,-2.2,10.5,-13.5,19.8,17.3,46.2,-31.3,,,,,,,-15.6,-6.1,46.3
1985-12,7.2,-26.6,-1.2,-52.0,8.3,,,,,,,-1.1,-2.1,9.8,-14.7,21.3,-0.9,46.2,-26.4,,,,,,,-15.4,-5.5,43.4
1986-01,-14.7,-42.3,-36.1,-48.5,26.9,,,,,,,1.2,-0.5,5.4,-13.5,22.4,11.1,28.4,-29.4,,,,,,,-14.6,-0.9,36.8
1986-02,-11.1,-41.9,-36.2,-47.5,26.6,,,,,,,5.6,-0.5,7.0,-4.7,28.6,17.5,29.1,-14.4,,,,,,,-14.9,-4.5,39.1
1986-03,-10.0,-41.6,-35.9,-47.3,25.9,,,,,,,-2.4,-0.4,18.7,-12.4,24.0,-19.3,12.9,-24.0,,,,,,,-17.6,-9.2,42.2
1986-04,-22.5,-46.0,-31.6,-60.4,44.3,,,,,,,-2.8,-0.5,18.1,-19.6,29.3,-8.5,13.4,-16.0,,,,,,,-20.4,-9.7,40.3
1986-05,-21.7,-45.9,-31.6,-60.3,43.9,,,,,,,2.6,-0.4,9.1,-12.5,29.4,13.5,14.2,-19.2,,,,,,,-23.4,-12.8,42.6
1986-06,-21.1,-45.9,-31.6,-60.2,43.7,,,,,,,-0.4,-0.4,4.0,-17.9,20.9,-2.4,14.0,-33.5,,,,,,,-24.5,-13.7,45.7
1986-07,-18.3,-50.4,-30.8,-69.9,30.5,,,,,,,-5.0,0.1,14.9,-21.9,21.8,0.7,15.9,-32.3,,,,,,,-23.1,-15.4,45.5
1986-08,-17.9,-50.5,-30.9,-70.0,30.4,,,,,,,-5.0,0.3,13.1,-21.1,19.3,0.8,14.4,-26.5,,,,,,,-26.2,-17.5,45.5
1986-09,-17.7,-50.6,-31.0,-70.2,30.3,,,,,,,-4.5,0.6,11.9,-20.0,18.3,0.8,14.6,-20.0,,,,,,,-28.1,-16.9,46.1
1986-10,-25.0,-41.9,-22.4,-61.4,26.4,,,,,,,-6.8,-3.3,12.3,-21.7,13.5,16.0,13.2,-19.5,,,,,,,-22.5,-10.2,39.6
1986-11,-24.6,-42.1,-22.4,-61.7,26.3,,,,,,,-10.3,-3.3,16.7,-25.9,11.6,17.6,9.1,-27.7,,,,,,,-22.7,-14.6,36.4
1986-12,-22.1,-42.6,-23.2,-62.0,26.0,,,,,,,-10.2,-3.3,11.8,-26.7,7.9,6.2,3.2,-27.3,,,,,,,-24.5,-16.8,38.8
1987-01,-10.2,-45.2,-23.2,-67.2,25.4,,,,,,,-9.3,-6.7,12.6,-24.5,9.4,-14.5,0.1,-31.6,,,,,,,-24.2,-17.2,44.6
1987-02,-7.9,-44.5,-22.3,-66.8,25.4,,,,,,,-8.9,-6.9,9.0,-27.3,9.6,-15.5,28.4,-34.5,,,,,,,-26.6,-17.0,42.8
1987-03,-6.9,-43.9,-21.5,-66.4,24.7,,,,,,,-5.8,-7.0,5.6,-25.5,13.5,5.5,26.1,-30.2,,,,,,,-28.4,-17.1,43.2
1987-04,-9.4,-37.6,-20.8,-54.5,27.3,,,,,,,-5.2,-7.2,4.7,-25.1,14.2,-4.3,26.7,-29.2,,,,,,,-29.2,-20.1,48.7
1987-05,-8.5,-37.4,-20.7,-54.1,27.1,,,,,,,-10.2,-7.4,10.7,-27.8,7.9,17.3,28.2,-25.2,,,,,,,-32.0,-24.7,49.1
1987-06,-7.6,-37.2,-20.7,-53.7,26.8,,,,,,,-7.0,-7.6,16.0,-21.0,16.1,11.8,30.4,-26.1,,,,,,,-30.5,-23.8,43.3
1987-07,-26.1,-38.9,-15.1,-62.7,14.3,,,,,,,-4.4,-2.9,14.6,-22.6,24.0,12.7,26.9,-27.3,,,,,,,-32.7,-23.3,47.1
1987-08,-26.0,-39.1,-15.3,-63.0,13.5,,,,,,,-2.9,-2.6,11.3,-20.7,23.5,10.0,26.1,-25.0,,,,,,,-31.1,-24.6,48.5
1987-09,-26.2,-39.5,-15.7,-63.3,12.7,,,,,,,-0.7,-2.2,8.2,-17.9,24.0,7.9,25.8,-23.3,,,,,,,-29.9,-24.1,47.2
1987-10,-36.2,-43.2,-19.1,-67.3,32.7,,,,,,,-3.4,-2.3,9.1,-19.0,18.0,11.3,21.6,-18.1,,,,,,,-27.2,-18.0,43.0
1987-11,-36.2,-43.2,-18.8,-67.6,32.6,,,,,,,-5.7,-2.1,11.2,-19.0,13.1,8.2,17.7,-18.3,,,,,,,-27.0,-14.4,40.7
1987-12,-36.5,-43.0,-18.0,-67.9,32.4,,,,,,,-9.5,-1.9,19.0,-26.4,16.9,16.3,23.7,-26.7,,,,,,,-24.5,-13.4,39.6
1988-01,-12.8,-26.7,12.3,-65.6,7.9,,,,,,,-5.5,-4.9,17.9,-20.7,22.2,22.9,24.6,-16.4,,,,,,,-20.3,-9.9,30.1
1988-02,-11.6,-26.6,11.9,-65.1,7.9,,,,,,,-3.0,-5.0,18.3,-18.1,27.3,7.5,22.7,-17.3,,,,,,,-21.2,-9.2,31.0
1988-03,-10.5,-26.4,12.5,-65.3,7.0,,,,,,,-6.5,-5.0,17.1,-20.8,18.4,19.9,30.6,-19.5,,,,,,,-20.7,-8.7,30.9
1988-04,-21.7,-33.8,2.5,-70.2,-0.5,,,,,,,-4.9,-5.0,11.6,-20.5,17.4,1.6,30.5,-25.6,,,,,,,-24.1,-15.6,37.6
1988-05,-21.5,-34.0,2.6,-70.5,-1.1,,,,,,,-3.7,-5.1,9.4,-26.4,24.6,-1.4,21.7,-27.2,,,,,,,-20.6,-13.5,35.7
1988-06,-21.3,-34.2,2.5,-70.8,-1.5,,,,,,,1.2,-5.0,6.5,-11.8,21.8,4.0,17.7,-24.8,,,,,,,-21.0,-13.9,37.5
1988-07,13.3,-21.1,15.8,-58.0,20.4,,,,,,,2.3,-7.8,2.8,-8.6,18.3,23.5,25.1,-20.7,,,,,,,-23.7,-16.6,36.0
1988-08,14.7,-20.9,16.3,-58.0,20.6,,,,,,,0.4,-7.9,4.2,-10.4,15.7,18.8,25.8,-19.9,,,,,,,-22.9,-16.1,32.9
1988-09,16.0,-20.7,16.7,-58.1,20.8,,,,,,,-1.2,-8.0,6.0,-10.7,13.0,12.7,25.2,-17.8,,,,,,,-21.2,-15.7,32.6
1988-10,10.0,-29.2,4.6,-63.1,-0.6,,,,,,,5.8,-1.1,2.2,-9.4,28.9,10.1,20.7,-20.6,,,,,,,-16.2,-9.1,28.9
1988-11,10.5,-29.5,4.4,-63.3,-1.0,,,,,,,2.3,-0.8,2.8,-11.5,21.4,-0.6,21.5,-18.5,,,,,,,-16.0,-7.6,32.0
1988-12,10.8,-29.7,4.2,-63.6,-1.3,,,,,,,-3.9,-0.5,15.0,-11.8,15.2,6.2,24.7,-18.6,,,,,,,-16.5,-7.3,31.3
1989-01,28.4,-20.0,6.6,-46.5,17.1,,,,,,,2.0,2.3,8.5,-8.7,23.4,6.6,33.5,-20.1,,,,,,,-15.0,-8.6,36.0
1989-02,30.3,-19.6,6.8,-46.0,17.4,,,,,,,-1.6,2.5,13.0,-16.4,24.7,4.5,20.8,-26.9,,,,,,,-14.8,-9.2,34.7
1989-03,32.2,-19.2,7.1,-45.5,17.7,,,,,,,-0.2,2.8,11.6,-16.1,27.0,-3.7,24.7,-18.8,,,,,,,-11.9,-6.3,33.0
1989-04,5.9,-34.8,-0.3,-69.3,11.8,,,,,,,-0.1,2.9,6.0,-13.0,18.6,12.0,25.8,-25.0,,,,,,,-12.6,-6.1,36.8
1989-05,5.7,-35.5,-0.8,-70.1,11.7,,,,,,,-2.5,3.1,7.0,-10.4,9.9,8.0,35.7,-21.7,,,,,,,-10.5,-1.6,36.0
1989-06,5.6,-36.3,-1.6,-70.9,11.5,,,,,,,1.9,3.3,0.4,-11.0,17.2,-5.4,27.4,-15.8,,,,,,,-12.2,-2.2,38.2
1989-07,-10.1,-32.4,-7.9,-56.9,4.1,,,,,,,1.2,0.3,5.1,-12.6,21.1,3.6,20.6,-19.0,,,,,,,-9.6,-2.0,36.3
1989-08,-11.0,-32.7,-8.6,-56.8,3.7,,,,,,,1.3,0.2,6.4,-12.5,22.8,6.9,25.1,-20.1,,,,,,,-10.9,-1.3,41.4
1989-09,-11.9,-33.0,-9.3,-56.7,3.4,,,,,,,1.1,0.2,7.9,-13.1,24.3,9.4,29.7,-21.1,,,,,,,-14.0,-5.1,43.8
1989-10,-1.6,-19.3,18.1,-56.7,7.1,,,,,,,-4.1,1.5,9.4,-13.8,10.8,7.4,31.2,-21.1,,,,,,,-10.0,0.7,40.3
1989-11,-2.3,-19.0,18.9,-56.8,7.1,,,,,,,-3.4,1.6,10.2,-19.8,19.9,0.5,30.8,-27.7,,,,,,,-15.9,-10.4,48.0
1989-12,-3.0,-18.8,19.5,-57.0,7.0,,,,,,,1.4,1.6,3.9,-14.0,22.3,18.5,28.0,-33.1,,,,,,,-19.1,-11.0,53.7
1990-01,-35.4,-38.4,-11.7,-65.0,9.5,,,,,,,4.8,0.1,4.6,-8.3,27.2,5.9,30.6,-17.0,,,,,,,-20.3,-12.6,57.8
1990-02,-36.7,-38.7,-12.2,-65.3,9.6,,,,,,,1.3,0.1,11.5,-9.5,25.0,12.4,23.3,-19.7,,,,,,,-21.7,-17.6,59.1
1990-03,-37.6,-39.0,-12.5,-65.6,9.8,,,,,,,0.1,0.2,12.8,-11.5,24.7,12.1,26.5,-17.6,,,,,,,-19.7,-13.3,53.8
1990-04,0.8,-13.5,16.7,-43.7,25.5,,,,,,,-0.3,0.2,14.8,-9.9,23.7,16.7,31.5,-16.9,,,,,,,-16.8,-6.6,51.5
1990-05,1.1,-12.7,17.8,-43.3,25.8,,,,,,,2.3,0.2,11.3,-6.9,25.2,-1.8,38.0,-22.3,,,,,,,-19.4,-4.0,60.1
1990-06,1.4,-12.0,18.9,-43.0,26.0,,,,,,,-1.6,0.4,14.3,-12.8,22.3,-2.6,34.6,-20.3,,,,,,,-19.0,-4.3,55.6
1990-07,-9.3,-21.0,4.0,-46.0,8.5,,,,,,,-3.2,-1.2,10.6,-10.7,11.6,12.5,27.9,-19.7,,,,,,,-16.6,-0.7,52.4
1990-08,-9.0,-20.6,4.4,-45.5,8.2,,,,,,,-7.1,-1.5,15.9,-16.4,10.9,7.0,28.8,-20.5,,,,,,,-22.5,-6.4,53.9
1990-09,-8.7,-20.1,4.8,-45.0,7.9,,,,,,,-11.6,-1.9,21.6,-22.3,9.1,0.4,30.5,-21.3,,,,,,,-26.1,-8.6,53.2
1990-10,-10.8,-19.4,0.9,-39.7,2.8,,,,,,,-3.0,-7.2,10.9,-20.8,22.7,-4.8,40.6,-30.5,,,,,,,-24.9,-5.3,48.9
1990-11,-10.5,-18.9,1.4,-39.1,1.9,,,,,,,-0.9,-7.5,10.5,-19.0,26.7,10.9,34.1,-30.5,,,,,,,-20.9,0.3,48.8
1990-12,-10.0,-18.3,2.0,-38.6,1.0,,,,,,,-1.1,-7.7,8.7,-16.5,22.0,7.3,25.2,-25.5,,,,,,,-22.1,-2.9,44.6
1991-01,5.7,-19.2,10.2,-48.7,18.3,,,,,,,-8.1,-10.0,12.2,-22.1,10.1,-1.7,28.3,-20.5,,,,,,,-25.1,-11.8,49.3
1991-02,6.8,-18.9,10.8,-48.6,18.6,,,,,,,-10.6,-10.3,11.0,-24.0,3.1,2.9,32.0,-25.5,,,,,,,-24.9,-9.6,49.4
1991-03,7.6,-18.5,11.5,-48.5,18.9,,,,,,,-10.4,-10.6,13.4,-26.7,9.0,1.3,30.9,-27.5,,,,,,,-23.5,-9.8,48.2
1991-04,-3.0,-33.9,-21.7,-46.1,-4.3,,,,,,,-10.3,-10.8,18.1,-24.5,11.8,7.6,29.9,-25.8,,,,,,,-25.2,-14.2,48.6
1991-05,-2.2,-34.3,-22.6,-46.0,-5.1,,,,,,,-9.7,-11.0,18.7,-26.3,15.8,-2.4,32.0,-24.4,,,,,,,-24.8,-15.9,46.2
1991-06,-1.1,-34.7,-23.4,-46.0,-5.7,,,,,,,-5.9,-11.2,16.7,-24.5,23.4,6.9,32.1,-25.5,,,,,,,-26.2,-17.6,53.5
1991-07,-25.6,-48.6,-25.3,-71.8,-18.1,,,,,,,-7.3,-6.4,17.1,-23.3,18.4,1.8,31.3,-24.4,,,,,,,-26.1,-17.2,50.7
1991-08,-27.0,-49.6,-26.3,-72.8,-19.9,,,,,,,-7.5,-6.4,15.7,-24.2,17.5,0.6,26.0,-24.6,,,,,,,-23.3,-13.9,48.8
1991-09,-28.1,-50.5,-27.3,-73.7,-21.6,,,,,,,-7.9,-6.3,14.3,-26.0,16.5,1.3,21.9,-24.9,,,,,,,-23.8,-16.8,51.6
1991-10,-4.5,-24.9,-3.2,-46.6,-7.5,,,,,,,-0.6,-1.6,8.8,-20.0,26.9,9.1,22.0,-21.3,,,,,,,-26.3,-19.8,54.7
1991-11,-3.9,-24.1,-2.2,-45.9,-8.2,,,,,,,0.2,-1.3,11.8,-18.5,30.8,18.9,25.1,-18.8,,,,,,,-27.8,-20.7,54.6
1991-12,-3.6,-23.2,-1.1,-45.2,-9.0,,,,,,,0.4,-1.1,9.3,-17.8,28.4,11.1,26.3,-17.6,,,,,,,-22.7,-15.9,50.2
1992-01,-21.6,-20.5,8.0,-49.0,10.6,,,,,,,-2.4,-0.6,9.8,-23.8,26.5,8.1,29.3,-30.8,,,,,,,-28.9,-15.3,48.5
1992-02,-22.9,-19.9,9.0,-48.8,11.4,,,,,,,0.0,-0.4,7.4,-21.6,29.0,18.9,35.9,-26.3,,,,,,,-28.1,-14.7,48.2
1992-03,-24.2,-19.4,9.8,-48.7,12.2,,,,,,,-0.7,-0.2,3.8,-21.4,23.1,30.2,33.9,-28.7,,,,,,,-30.9,-19.3,51.5
1992-04,16.5,-20.1,2.1,-42.2,-1.9,,,,,,,-4.6,-0.1,15.8,-26.7,28.7,15.5,28.7,-28.1,,,,,,,-31.5,-21.0,52.2
1992-05,18.5,-19.4,2.6,-41.4,-1.9,,,,,,,-6.3,0.1,16.7,-29.3,27.2,-0.4,20.1,-31.9,,,,,,,-30.4,-19.8,49.0
1992-06,20.2,-18.7,3.0,-40.4,-1.9,,,,,,,-4.1,0.4,19.2,-22.1,29.0,7.5,21.4,-28.2,,,,,,,-28.8,-18.0,48.6
1992-07,24.5,-3.3,32.7,-39.3,6.2,,,,,,,-2.5,-9.4,19.8,-19.5,32.0,9.4,27.3,-20.7,,,,,,,-30.4,-18.4,50.4
1992-08,25.7,-2.4,34.2,-38.9,6.1,,,,,,,-3.0,-9.7,17.6,-17.0,25.5,13.2,29.5,-23.6,,,,,,,-34.4,-25.7,56.7
1992-09,26.8,-1.9,35.3,-39.2,6.2,,,,,,,-3.4,-10.1,15.3,-14.4,19.5,17.2,32.1,-26.7,,,,,,,-34.2,-23.6,55.9
1992-10,6.3,-11.0,30.5,-52.5,14.8,,,,,,,-2.5,-6.1,13.5,-17.8,23.9,2.6,25.1,-27.9,,,,,,,-32.4,-21.0,52.8
1992-11,6.4,-10.3,31.8,-52.3,15.0,,,,,,,-7.1,-6.2,20.4,-20.7,19.9,17.0,30.1,-22.8,,,,,,,-35.0,-21.6,50.9
1992-12,6.4,-9.6,33.0,-52.1,14.9,,,,,,,-6.3,-6.3,19.7,-20.0,21.0,9.9,27.7,-19.4,,,,,,,-32.9,-19.9,48.4
1993-01,-7.6,-14.1,13.0,-41.2,-25.6,,,,,,,-7.9,-3.7,18.5,-22.2,16.9,8.6,22.2,-29.1,,,,,,,-34.1,-21.6,50.5
1993-02,-8.3,-13.8,13.2,-40.7,-26.9,,,,,,,-7.6,-3.8,17.9,-29.0,24.2,5.2,22.6,-23.9,,,,,,,-31.3,-18.4,51.3
1993-03,-9.7,-13.5,13.4,-40.4,-28.0,,,,,,,-4.5,-3.8,11.3,-26.7,24.3,15.8,23.2,-27.6,,,,,,,-30.8,-20.2,50.5
1993-04,-5.9,-18.6,16.0,-53.3,-22.7,4.1,-14.4,-7.7,33.0,-23.8,12.7,-4.1,-3.9,5.9,-27.1,20.8,11.0,21.3,-32.7,,,,,,,-31.1,-19.3,49.8
1993-05,-6.5,-18.8,15.6,-53.2,-23.9,3.1,-14.0,-8.4,32.5,-22.2,14.2,-6.5,-3.9,12.6,-28.0,21.1,3.0,13.1,-30.4,,,,,,,-30.8,-20.5,46.1
1993-06,-7.0,-19.0,15.1,-53.0,-25.2,3.4,-14.3,-8.4,33.0,-21.1,14.3,-5.6,-4.0,8.2,-29.1,20.5,13.8,20.7,-30.8,,,,,,,-31.6,-20.1,48.6
1993-07,0.5,-25.7,6.9,-58.3,-11.0,5.3,-15.7,-4.4,35.9,-16.6,2.9,-4.5,-5.0,7.2,-27.3,21.1,14.8,21.4,-23.0,,,,,,,-29.3,-18.9,48.4
1993-08,0.5,-26.3,6.2,-58.8,-11.6,5.6,-15.9,-4.4,36.4,-15.7,2.9,-3.9,-5.1,9.9,-23.8,22.1,15.7,22.5,-21.0,,,,,,,-27.1,-13.4,44.2
1993-09,0.4,-27.1,5.3,-59.4,-12.3,5.8,-16.0,-4.4,36.8,-14.7,3.0,-3.4,-5.2,12.6,-20.3,22.9,16.8,21.9,-19.0,,,,,,,-23.0,-8.3,40.3
1993-10,-14.4,-30.4,7.7,-68.6,-9.6,17.3,-16.2,-13.3,48.8,-12.9,40.8,-3.7,-6.2,11.3,-16.0,16.1,32.4,20.3,-15.1,,,,,,,-17.8,1.3,37.5
1993-11,-15.2,-30.7,7.7,-69.2,-9.5,17.6,-16.2,-13.1,49.3,-12.1,40.8,-9.9,-6.3,17.0,-28.9,16.2,4.5,21.6,-17.6,,,,,,,-14.7,5.4,39.6
1993-12,-15.9,-30.7,8.3,-69.6,-8.9,17.9,-16.0,-13.0,49.7,-11.3,40.9,-8.3,-6.5,13.2,-30.0,18.2,-2.8,28.9,-13.0,,,,,,,-15.4,1.3,39.5
1994-01,-10.2,-38.9,-20.0,-57.9,-21.2,22.0,-13.8,-6.6,43.8,1.1,28.1,-5.4,-3.4,15.5,-20.2,19.6,22.9,23.2,-2.8,,,,,,,-16.4,-0.9,37.2
1994-02,-11.4,-39.7,-21.5,-57.9,-22.1,22.2,-12.7,-6.2,44.1,2.5,28.0,-1.4,-3.3,6.7,-18.4,20.9,15.9,19.9,2.1,,,,,,,-17.0,-3.2,40.8
1994-03,-12.7,-40.4,-22.8,-58.0,-23.0,22.6,-11.8,-5.6,44.5,3.2,27.5,-2.0,-3.2,8.1,-18.5,20.6,10.7,22.5,-9.7,,,,,,,-16.2,-1.4,37.3
1994-04,4.4,-18.8,10.6,-48.3,-15.5,28.1,-25.4,-4.0,41.3,-11.6,14.8,-0.3,-3.2,5.9,-18.3,23.4,8.0,30.7,-3.6,,,,,,,-21.3,-9.4,40.4
1994-05,5.4,-18.2,11.0,-47.5,-16.0,27.2,-24.7,-4.6,40.6,-10.3,16.2,1.0,-3.2,5.8,-15.1,23.9,26.5,27.7,-0.9,,,,,,,-20.0,-10.4,40.8
1994-06,6.5,-17.6,11.4,-46.6,-16.7,27.5,-24.9,-4.6,41.0,-9.2,16.3,0.7,-3.1,0.9,-21.7,24.8,9.7,29.4,-1.8,,,,,,,-22.8,-16.9,44.4
1994-07,-34.5,-49.8,-39.4,-60.3,16.9,9.1,-21.0,-6.3,36.0,9.1,6.8,3.0,3.1,3.5,-17.8,30.2,13.4,27.6,-2.6,,,,,,,-23.2,-17.8,44.7
1994-08,-35.4,-50.6,-41.0,-60.1,18.6,9.3,-21.3,-6.3,36.4,9.8,6.9,3.5,3.4,3.2,-18.2,32.0,11.1,26.3,-4.6,,,,,,,-23.4,-18.0,45.4
1994-09,-36.0,-51.0,-42.4,-59.6,20.3,9.6,-21.6,-6.3,36.7,10.6,6.9,4.3,3.7,3.0,-18.1,34.0,8.6,26.0,-6.7,,,,,,,-22.9,-15.2,45.5
1994-10,-46.2,-43.9,-20.2,-67.6,27.3,0.6,-38.7,-15.6,43.9,13.3,8.6,-3.7,-0.6,13.8,-19.9,22.5,15.7,28.6,2.6,,,,,,,-26.7,-24.2,48.3
1994-11,-47.9,-44.4,-20.2,-68.7,29.3,1.1,-38.7,-15.4,44.4,14.1,8.6,-3.1,-0.6,12.0,-19.8,22.6,-0.8,31.1,-1.3,,,,,,,-27.9,-24.8,48.2
1994-12,-49.5,-45.0,-20.1,-69.8,31.3,1.5,-38.5,-15.3,45.0,14.9,8.7,0.7,-0.7,14.9,-13.0,29.9,12.1,37.0,6.4,,,,,,,-30.3,-26.6,49.4
1995-01,-14.9,-31.3,-10.7,-51.8,13.7,-3.0,-42.1,-18.6,30.7,-4.6,10.9,0.1,1.6,17.8,-12.1,30.2,15.9,34.2,10.0,,,,,,,-29.2,-25.1,48.9
1995-02,-14.4,-30.9,-10.7,-51.1,13.0,-2.6,-41.1,-18.2,31.0,-3.2,11.0,1.8,1.8,10.5,-12.1,28.0,5.1,39.4,0.9,,,,,,,-29.9,-26.5,47.8
1995-03,-13.9,-30.5,-10.6,-50.3,12.3,-2.2,-40.1,-17.6,31.4,-2.5,10.5,4.2,1.9,13.8,-6.5,32.8,9.4,31.0,11.9,,,,,,,-31.2,-26.9,52.7
1995-04,-9.8,-48.0,-21.5,-74.5,34.0,-1.9,-50.3,-22.7,42.1,2.9,15.9,1.5,2.1,11.2,-8.1,23.9,12.8,31.8,5.8,,,,,,,-31.2,-25.6,52.8
1995-05,-9.0,-48.6,-21.5,-75.6,34.7,-3.3,-49.4,-23.6,41.5,5.0,18.0,1.7,2.1,10.7,-12.2,28.0,7.1,35.3,8.9,,,,,,,-29.8,-23.5,50.5
1995-06,-8.3,-49.0,-21.5,-76.6,35.3,-3.0,-49.8,-23.6,42.0,5.4,18.1,4.5,2.0,10.6,-7.8,31.9,23.0,29.1,-0.4,,,,,,,-28.5,-22.0,47.2
1995-07,-6.0,-23.1,9.0,-55.1,23.5,22.5,-43.1,-18.5,44.9,10.9,35.0,2.4,2.6,9.2,-11.7,28.0,14.9,29.0,-7.6,,,,,,,-33.6,-28.8,52.2
1995-08,-5.5,-22.6,9.9,-55.0,23.9,23.1,-43.3,-18.4,45.3,11.7,35.1,4.9,2.8,9.9,-8.4,32.9,14.2,26.8,-6.3,,,,,,,-31.4,-27.6,49.3
1995-09,-4.8,-22.2,10.6,-54.9,24.2,23.6,-43.5,-18.4,45.8,12.7,35.4,7.3,3.1,10.8,-5.4,38.0,13.3,24.5,-4.9,,,,,,,-31.2,-29.6,49.5
1995-10,3.2,-16.1,20.3,-52.5,17.2,19.5,-34.2,-10.1,33.0,-2.7,15.5,7.7,3.0,11.4,-1.7,36.2,29.1,26.1,2.6,,,,,,,-24.4,-29.4,46.1
1995-11,3.5,-15.5,21.7,-52.7,17.4,20.0,-34.2,-9.9,33.4,-1.7,15.6,7.9,3.0,8.7,-2.2,34.7,23.0,18.8,-5.3,,,,,,,-25.5,-30.0,47.0
1995-12,2.7,-14.9,23.1,-53.0,17.9,20.6,-33.9,-9.6,33.9,-0.4,15.5,3.1,2.5,11.8,-10.1,31.1,14.0,12.5,-6.8,,,,,,,-22.5,-23.0,48.9
1996-01,17.7,-18.9,30.8,-68.7,22.9,31.0,-23.1,-4.5,52.6,12.7,21.6,-1.8,-1.7,12.4,-16.1,23.1,16.5,16.8,-17.1,,,,,,,-22.2,-24.5,52.6
1996-02,18.8,-18.7,31.9,-69.3,22.5,31.6,-21.9,-3.9,52.6,14.0,21.4,-2.5,-1.7,14.3,-14.3,21.2,16.9,9.7,-19.9,,,,,,,-17.7,-13.3,45.5
1996-03,19.8,-18.5,32.9,-69.8,20.4,32.4,-20.9,-2.9,52.3,14.7,20.4,-3.2,-1.7,15.8,-14.0,20.1,17.1,6.0,-12.2,,,,,,,-22.0,-19.2,45.9
1996-04,-26.8,-43.8,-13.6,-74.0,21.9,33.1,-2.5,3.1,57.6,34.7,21.4,-3.4,-1.8,15.5,-15.3,20.6,18.8,6.4,-12.0,,,,,,,-24.6,-25.9,51.7
1996-05,-27.8,-44.8,-14.9,-74.8,22.0,33.3,-2.1,2.4,57.0,35.5,23.9,-4.1,-1.8,13.6,-15.6,16.9,15.8,14.2,-23.6,,,,,,,-23.0,-24.9,47.3
1996-06,-28.8,-45.8,-16.0,-75.5,22.1,34.1,-1.9,2.8,57.5,37.3,23.8,-6.4,-2.0,17.0,-13.7,11.6,18.2,8.3,-17.2,,,,,,,-21.3,-23.6,45.3
1996-07,12.6,-19.1,8.1,-46.2,10.8,21.7,-16.4,-9.0,59.5,-1.0,32.4,-2.6,-1.2,11.3,-12.9,16.5,11.3,8.8,-10.2,,,,,,,-21.2,-20.7,47.6
1996-08,13.2,-18.7,7.9,-45.4,11.2,21.9,-16.5,-9.1,60.0,-0.7,32.7,-2.5,-1.2,10.9,-14.1,17.6,7.3,8.8,-11.6,,,,,,,-16.9,-17.4,44.7
1996-09,13.6,-18.5,7.5,-44.5,11.7,22.1,-16.6,-9.5,60.6,-0.2,34.1,-1.9,-1.0,10.4,-14.5,19.1,3.1,8.2,-13.1,,,,,,,-13.4,-13.9,39.7
1996-10,6.9,-14.1,21.7,-49.9,11.0,21.2,-5.8,5.1,53.9,20.7,0.1,-0.4,-3.4,13.1,-14.8,26.8,6.7,15.0,-16.5,,,,,,,-14.0,-10.7,41.5
1996-11,6.7,-13.6,22.3,-49.5,10.8,21.2,-5.8,5.5,54.0,21.7,-1.0,1.5,-3.5,6.9,-14.6,25.8,17.7,15.7,-9.0,,,,,,,-15.8,-12.5,47.9
1996-12,6.4,-13.1,22.9,-49.1,10.1,20.8,-5.9,5.7,54.0,22.6,-2.1,-2.2,-3.4,10.6,-18.7,22.6,15.8,11.5,-16.6,,,,,,,-20.0,-16.1,48.6
1997-01,10.8,-16.1,24.0,-56.2,16.0,10.4,-22.7,-4.1,56.2,12.1,0.0,0.9,-3.0,6.1,-19.1,27.9,10.4,14.2,-16.2,,,,,,,-20.1,-19.7,47.6
1997-02,11.6,-15.8,24.8,-56.3,16.0,9.7,-22.1,-3.8,56.1,13.0,-0.8,0.3,-3.0,10.4,-11.6,22.8,17.2,11.6,-6.1,,,,,,,-21.3,-21.9,52.2
1997-03,12.5,-15.5,25.4,-56.5,15.9,9.3,-21.8,-3.4,54.8,13.2,-2.4,1.6,-3.0,8.1,-16.6,29.5,14.7,12.3,-13.8,,,,,,,-17.7,-21.2,42.8
1997-04,13.1,-6.3,34.8,-47.5,5.7,8.3,-7.3,-1.2,50.0,-1.7,4.5,4.0,2.5,6.8,-11.4,30.3,9.6,11.9,-15.9,3.1,25.5,31.5,42.0,25.8,19.5,-16.9,-18.9,40.7
1997-05,12.9,-6.4,34.9,-47.7,5.8,7.7,-7.1,-1.7,49.5,-1.3,5.8,6.4,2.8,5.5,-4.1,28.7,17.8,13.3,-10.3,4.5,26.6,33.0,42.2,25.1,23.6,-22.7,-23.2,46.5
1997-06,10.7,-6.9,34.2,-48.1,6.2,7.8,-7.1,-1.6,49.6,-0.8,5.6,3.8,3.2,8.0,-6.4,25.9,7.8,17.7,-3.9,4.7,26.6,33.2,42.0,24.6,23.1,-15.4,-15.3,45.8
1997-07,3.3,-0.2,32.6,-33.0,12.5,9.8,-12.9,-1.4,48.3,5.8,1.2,1.7,-5.6,9.5,-11.8,26.3,15.7,23.0,-14.4,-1.9,31.6,54.5,42.2,31.4,26.5,-12.8,-10.6,32.8
1997-08,3.4,1.0,33.6,-31.6,12.8,9.4,-13.4,-1.9,48.5,6.1,1.7,2.8,-5.8,8.7,-11.0,28.0,15.0,18.7,-11.8,-1.6,31.7,54.6,42.2,31.1,26.1,-19.7,-19.9,36.9
1997-09,3.7,2.0,34.3,-30.3,13.2,9.8,-13.9,-2.2,48.7,6.3,2.4,3.5,-5.8,7.9,-9.8,28.1,14.2,13.5,-9.0,-1.2,31.9,54.7,42.2,30.8,25.8,-17.0,-19.3,37.8
1997-10,12.6,-17.1,7.8,-41.9,-3.7,22.3,-7.1,4.1,44.8,9.1,2.9,3.3,-3.1,9.8,-13.1,32.8,15.2,17.4,-13.3,-4.3,29.1,49.8,41.9,18.7,14.0,-17.9,-16.6,44.8
1997-11,13.6,-17.1,7.3,-41.4,-4.3,22.9,-6.9,4.5,44.8,9.4,2.5,7.7,-3.1,6.4,-4.7,34.2,12.4,17.2,-15.4,-3.8,29.3,49.8,41.9,18.5,13.6,-16.7,-17.3,39.8
1997-12,14.1,-17.0,6.8,-40.9,-4.8,23.5,-7.0,4.8,44.7,9.9,2.1,8.4,-3.0,5.2,-3.0,33.5,10.7,13.9,-18.5,-3.4,29.5,49.8,42.0,18.1,13.2,-17.4,-21.2,39.0
1998-01,10.8,2.2,33.5,-29.0,4.6,17.2,-1.3,1.0,51.5,22.5,12.9,4.5,-2.6,10.0,-6.0,29.4,20.5,10.9,-22.2,9.9,33.1,44.5,44.8,10.4,13.1,-20.3,-24.2,37.1
1998-02,2.4,16.3,48.2,-15.6,16.9,18.9,-10.6,-1.8,56.6,16.2,13.8,4.8,-2.6,10.6,-6.2,31.0,14.4,8.2,-23.6,10.0,32.6,42.7,44.9,9.4,12.7,-18.0,-24.3,37.5
1998-03,-0.3,16.5,43.4,-10.4,8.4,19.2,-15.5,-6.4,62.0,17.7,22.9,5.9,-2.7,13.9,-0.3,32.1,15.3,17.3,-15.4,10.6,32.7,42.5,45.1,8.7,12.0,-23.0,-28.0,51.1
1998-04,23.9,6.4,26.8,-14.1,18.0,14.0,-8.0,-8.8,43.2,14.0,32.4,9.1,-5.0,7.5,2.3,32.6,13.3,31.0,-6.3,7.1,32.1,46.5,42.7,17.0,-1.7,-25.4,-30.6,56.0
1998-05,46.5,13.3,38.3,-11.6,30.3,26.6,-4.1,-1.9,38.1,10.6,28.2,10.3,-5.0,7.0,5.9,32.0,22.1,20.4,-12.4,8.5,33.1,48.2,42.7,16.8,1.2,-19.5,-24.1,47.0
1998-06,60.6,21.6,47.0,-3.7,28.6,15.9,-12.2,-7.8,41.1,-1.4,27.1,4.5,-5.0,11.6,-6.4,31.5,22.4,11.0,-11.7,8.7,33.0,47.6,42.6,16.4,-2.5,-21.3,-25.2,44.5
1998-07,41.2,14.1,46.4,-18.2,25.7,28.9,1.3,7.5,48.0,15.8,7.6,6.0,-0.5,13.0,-3.2,34.2,18.2,12.8,-5.7,0.2,23.1,37.1,31.9,26.1,21.9,-16.7,-18.1,49.2
1998-08,37.0,9.4,35.4,-16.6,26.1,41.2,5.2,13.5,51.6,23.5,5.8,5.4,-0.4,13.7,-1.4,31.3,21.9,12.5,-4.6,0.6,23.2,37.4,31.6,25.5,21.1,-16.4,-17.5,48.1
1998-09,32.4,4.3,23.6,-15.0,26.5,54.0,9.2,19.5,56.2,31.7,4.8,5.3,-0.3,14.3,0.6,29.7,25.8,11.6,-3.6,0.9,23.3,38.1,30.9,24.6,20.8,-19.2,-22.3,44.9
1998-10,25.4,1.4,7.1,-4.2,17.6,35.5,-9.0,4.6,53.0,17.0,12.8,-2.3,2.3,15.1,-12.1,20.3,15.9,3.3,-17.6,-2.2,28.4,52.1,35.3,29.6,30.0,-22.0,-26.4,43.2
1998-11,31.9,8.4,23.1,-6.2,26.3,47.0,-10.4,6.2,55.0,29.2,18.0,0.1,2.4,15.2,-9.4,24.9,8.3,7.8,-17.1,-1.9,28.4,52.0,34.9,29.4,29.9,-17.7,-23.8,26.3
1998-12,16.3,3.2,19.0,-12.6,19.7,26.7,4.8,5.3,57.0,25.3,15.7,1.5,2.6,17.1,-8.4,30.0,7.7,0.2,-18.1,-2.3,28.2,52.1,34.8,29.2,29.8,-15.9,-23.3,23.9
1999-01,12.0,11.2,36.9,-14.6,27.5,32.8,-5.7,5.8,57.8,23.8,9.6,-0.1,-3.2,13.9,-13.3,26.7,12.2,-3.6,-21.3,15.7,40.3,59.4,45.9,38.3,30.8,-13.8,-12.0,27.8
1999-02,-4.9,18.1,53.7,-17.6,21.3,35.7,-14.5,1.9,59.7,27.2,15.5,0.1,-3.4,16.7,-13.9,30.8,13.2,3.5,-25.7,16.1,40.4,59.0,46.1,37.1,31.7,-15.7,-18.4,24.9
1999-03,18.9,13.0,59.5,-33.5,16.7,21.9,-14.6,-5.6,47.5,18.7,24.1,0.5,-3.5,15.0,-11.6,28.1,18.4,3.8,-25.1,16.7,40.8,59.1,46.6,36.0,33.0,-14.9,-11.5,27.3
1999-04,34.8,13.3,44.5,-17.8,15.2,21.0,-13.6,-2.9,43.1,24.0,16.2,3.4,-2.5,11.3,-10.7,32.3,21.5,1.7,-24.7,7.3,36.1,59.8,41.4,46.2,32.4,-8.2,-5.0,19.0
1999-05,30.1,15.3,46.4,-15.8,13.1,23.5,-4.4,0.7,38.9,26.1,17.1,1.7,-2.5,13.9,-15.9,34.8,19.5,3.5,-24.5,8.5,37.3,60.8,42.7,46.7,37.6,-9.1,-13.0,13.8
1999-06,41.4,15.3,35.6,-4.9,6.0,22.9,6.7,4.2,33.1,24.4,17.0,0.6,-2.6,14.6,-16.1,32.6,18.5,9.7,-24.9,8.7,37.7,61.2,43.2,46.2,34.9,-9.9,-7.0,8.8
1999-07,28.0,-2.1,24.1,-28.2,18.7,15.8,-2.4,1.1,45.7,34.3,10.0,-1.2,0.7,18.7,-14.6,29.6,23.4,8.0,-28.8,21.7,38.6,42.1,52.0,40.2,36.4,-11.7,-8.4,13.1
1999-08,31.8,3.5,33.3,-26.3,22.5,12.0,-5.7,-0.5,47.7,34.3,7.8,-0.9,0.8,17.4,-14.3,29.1,27.8,9.6,-24.8,21.9,38.6,42.0,51.9,40.1,36.2,-11.8,-9.5,19.3
1999-09,35.6,9.3,43.0,-24.4,26.4,7.9,-8.9,-2.0,49.4,34.3,4.9,-0.3,0.8,16.0,-14.0,29.1,32.3,10.9,-20.6,22.2,38.3,41.2,51.7,39.7,35.3,-10.7,-5.5,22.4
1999-10,38.2,13.2,39.0,-12.6,31.6,34.6,1.1,7.4,11.4,28.1,13.5,3.8,1.6,11.0,-10.0,32.3,21.1,11.9,-16.0,41.6,49.7,52.5,54.9,44.4,33.8,-10.2,1.8,32.5
1999-11,34.0,8.1,31.6,-15.5,15.6,40.4,11.4,13.0,15.2,20.5,12.6,4.0,1.8,12.4,-5.1,29.5,20.1,15.6,-13.9,41.9,49.7,52.4,54.8,43.8,33.6,-7.1,2.5,24.5
1999-12,29.4,9.5,33.3,-14.3,14.0,38.8,11.1,12.6,13.6,14.2,12.2,4.3,2.0,11.4,-5.4,29.8,26.8,18.8,-16.0,42.1,49.7,52.3,54.8,42.8,33.1,-3.8,7.2,30.4
2000-01,31.2,3.4,26.4,-19.7,2.9,48.7,-3.0,8.1,7.1,15.3,21.4,6.0,4.3,13.3,-2.0,33.3,35.7,10.4,-9.0,30.3,45.7,58.8,47.9,28.9,12.6,-0.6,17.2,21.7
2000-02,17.5,1.7,21.6,-18.2,11.0,44.4,-2.3,9.6,4.8,21.0,13.3,11.4,4.4,9.7,-0.4,44.3,21.0,13.9,-0.7,30.3,45.6,58.3,48.2,27.8,12.7,-2.1,12.0,20.9
2000-03,31.7,30.5,54.4,6.7,10.0,42.1,-8.9,7.8,1.2,16.7,9.7,13.3,4.5,2.1,3.9,38.3,33.6,16.4,-5.2,30.5,45.7,58.4,48.2,26.7,12.0,-2.5,9.5,23.4
2000-04,46.9,32.5,49.1,16.0,12.5,56.7,-2.3,15.5,11.4,21.4,8.0,9.1,1.1,6.2,-2.3,35.8,24.3,10.5,-11.4,52.1,49.7,50.5,46.4,14.9,41.2,3.2,16.0,15.9
2000-05,35.3,20.0,42.6,-2.7,7.9,53.7,-6.5,13.8,26.2,18.8,5.7,9.5,1.0,6.9,-1.1,36.4,22.6,12.3,-3.7,52.2,51.2,52.2,49.3,15.7,41.7,2.3,17.1,21.8
2000-06,30.4,22.0,49.5,-5.4,13.0,56.5,5.3,19.3,20.9,28.6,4.0,12.1,0.9,5.9,0.4,42.0,22.5,12.6,-8.0,52.4,51.7,53.3,49.4,15.0,41.9,-2.8,6.9,35.0
2000-07,20.4,18.8,50.3,-12.6,8.0,55.2,9.7,22.9,0.1,29.3,-3.7,10.9,0.4,4.8,0.1,37.5,19.4,10.6,-5.0,54.4,58.7,65.0,56.7,-16.6,-13.4,-4.1,6.8,32.4
2000-08,24.5,18.4,43.4,-6.6,5.8,53.9,10.8,22.8,-1.3,27.7,-3.5,10.4,0.3,4.1,0.2,35.1,25.5,15.7,-3.4,54.7,58.7,64.8,56.7,-17.8,-15.0,-7.9,4.8,23.6
2000-09,28.9,18.0,36.1,-0.2,3.7,51.5,4.4,16.9,-2.9,23.6,5.4,9.6,0.3,3.4,0.4,31.8,32.2,21.0,-1.9,54.7,58.4,63.7,56.6,-19.1,-16.6,-6.0,2.2,38.1
2000-10,24.5,12.4,34.1,-9.4,2.0,27.5,-6.5,4.3,12.8,4.6,8.1,3.2,-3.7,9.2,-7.5,26.1,20.0,25.2,-6.6,47.9,52.2,55.0,53.6,-31.0,-31.4,-13.9,-7.5,45.6
2000-11,8.9,6.7,26.1,-12.7,-1.3,22.5,-17.9,-1.2,12.5,1.3,8.1,5.1,-3.8,9.2,-7.4,31.9,19.2,19.8,-7.3,48.1,52.2,55.0,53.6,-32.7,-33.0,-16.6,-12.0,54.6
2000-12,16.8,4.3,20.1,-11.4,-1.0,33.6,-22.4,0.7,12.2,-0.2,9.1,7.8,-4.1,8.1,-4.4,35.8,21.6,18.9,-6.2,48.2,52.3,54.8,53.9,-34.1,-34.5,-14.5,-8.3,44.3
2001-01,13.9,11.8,33.7,-10.0,11.9,45.9,-12.5,5.4,22.8,2.9,17.3,7.2,-3.5,6.3,-5.5,33.3,14.1,14.9,-3.3,12.5,28.1,37.6,34.2,1.8,4.5,-15.2,-12.2,42.1
2001-02,16.1,8.0,30.0,-13.9,6.1,39.7,-12.1,3.2,12.0,1.2,17.8,8.0,-2.4,2.8,-3.9,30.6,25.5,12.9,-5.4,10.8,26.5,35.3,33.4,0.8,4.8,-19.5,-12.8,46.3
2001-03,7.9,-1.2,17.5,-20.0,11.7,38.6,-6.3,6.6,11.8,7.1,12.4,7.1,3.5,7.4,-2.3,30.9,17.3,17.2,-2.5,9.7,25.7,34.8,32.7,0.5,4.3,-16.0,-16.5,45.7
2001-04,15.3,2.8,21.0,-15.4,12.3,42.7,-4.3,9.0,26.0,10.0,11.5,4.8,0.7,12.7,-5.5,32.5,22.1,11.7,-5.5,3.7,43.8,61.3,66.4,-33.3,-43.5,-15.7,-12.1,42.6
2001-05,22.0,7.5,26.3,-11.4,15.6,43.4,-14.1,4.9,25.7,13.4,14.4,4.8,1.4,11.3,-8.7,34.3,6.5,8.2,-6.6,3.5,44.2,62.0,67.0,-32.8,-43.6,-18.8,-17.7,54.3
2001-06,18.3,11.2,34.2,-11.9,18.5,41.6,-15.7,3.3,15.1,1.8,16.2,3.5,2.2,14.0,-4.3,28.8,17.2,10.4,-8.4,2.2,44.2,62.7,67.7,-33.5,-44.5,-19.5,-18.6,50.3
2001-07,27.6,5.0,26.2,-16.2,13.1,45.2,-15.7,4.8,16.4,6.2,15.2,4.1,2.2,18.0,-4.8,35.0,9.5,7.6,-9.2,8.6,44.5,71.6,53.4,-21.4,-40.7,-20.0,-20.7,47.5
2001-08,16.5,4.2,27.0,-18.6,13.4,38.7,-16.6,2.0,16.7,6.7,16.3,3.5,1.3,14.6,-6.1,31.1,14.9,7.4,-7.1,8.4,44.8,72.4,53.7,-22.0,-42.0,-16.7,-18.7,41.9
2001-09,5.1,3.5,28.0,-21.0,13.7,33.2,-15.5,1.2,15.6,8.0,14.1,2.9,0.3,11.0,-7.4,27.2,21.1,7.0,-4.5,8.3,45.3,73.5,54.0,-22.5,-43.3,-16.0,-15.2,44.5
2001-10,7.7,9.2,33.5,-15.2,6.1,20.5,-8.8,-1.9,10.8,12.5,17.5,3.2,1.0,14.6,0.4,23.8,15.4,1.4,-5.1,-28.6,3.0,22.4,15.1,2.1,-3.6,-20.0,-25.4,37.3
2001-11,13.7,13.5,39.7,-12.6,13.0,20.5,-13.2,-5.5,8.0,-5.0,23.8,-0.1,1.5,16.5,-10.6,26.9,19.5,0.3,-15.2,-30.0,1.5,20.9,13.7,2.7,-3.1,-14.5,-13.8,30.4
2001-12,11.4,21.2,49.1,-6.8,14.4,23.3,-18.5,-4.6,6.9,-8.9,18.6,-0.7,2.0,17.0,-10.6,25.7,11.4,1.6,-14.1,-31.3,0.2,19.5,12.4,3.4,-2.7,-16.2,-13.7,36.2
2002-01,15.0,21.2,50.3,-8.0,17.8,21.3,-24.9,-7.2,30.8,-1.8,18.1,2.1,2.9,15.4,-9.2,30.9,10.9,3.3,-10.5,-28.3,5.7,22.4,23.1,-17.9,-7.0,-9.9,-13.5,32.5
2002-02,22.7,0.3,28.8,-28.1,22.9,28.4,-12.0,-0.4,12.3,10.0,17.7,3.0,4.1,13.0,-8.4,30.4,26.0,10.1,-10.8,-25.0,12.0,37.4,23.6,-6.0,-13.9,-11.5,-14.7,25.9
2002-03,13.4,3.0,29.4,-23.5,22.8,32.9,-13.6,1.2,21.0,7.0,15.8,2.1,3.7,12.6,-9.5,28.4,13.6,13.5,-8.3,-28.7,10.0,37.8,20.9,-5.6,-13.1,-10.8,-15.3,20.1
2002-04,11.8,3.3,26.3,-19.6,24.6,32.1,-6.9,6.6,8.1,18.5,5.4,1.6,5.5,18.3,-5.6,28.8,13.4,9.6,-14.2,-39.4,-1.2,26.6,9.3,18.5,-3.5,-20.0,-24.7,30.0
2002-05,13.3,3.4,19.2,-12.4,21.2,35.1,-7.4,6.7,12.1,11.1,7.5,4.4,11.8,12.8,-5.5,31.4,26.2,12.2,-11.6,-35.6,0.8,26.2,11.7,20.3,8.7,-16.3,-16.3,21.0
2002-06,1.7,4.1,21.5,-13.3,12.2,47.1,-9.0,6.4,24.6,17.6,19.0,6.1,7.2,12.2,0.0,30.5,15.1,13.5,-6.7,-24.6,-0.7,16.4,6.2,23.6,6.6,-17.5,-20.4,23.5
2002-07,0.2,8.3,29.7,-13.0,6.0,41.0,-18.5,3.2,4.2,3.1,12.9,4.6,-2.1,12.2,-8.4,34.3,17.5,11.7,-12.2,-28.4,-7.6,7.6,-2.0,15.9,8.7,-12.5,-19.8,12.0
2002-08,9.3,8.7,34.0,-16.5,6.4,42.9,-21.4,2.4,0.1,3.3,14.3,2.8,-5.1,14.2,-11.0,33.7,17.4,10.6,-15.6,-31.4,-10.2,7.0,-6.3,12.5,9.1,-10.9,-16.6,17.2
2002-09,18.7,9.1,38.4,-20.3,6.9,44.7,-23.2,2.7,-4.0,4.3,13.5,1.0,-8.4,16.2,-13.7,33.1,17.7,9.5,-19.0,-34.6,-12.9,6.6,-10.5,8.4,9.4,-16.8,-22.6,20.3
2002-10,18.6,9.9,40.7,-20.9,15.7,32.8,-12.3,6.1,19.6,8.8,2.0,2.7,-1.3,10.0,-10.4,28.4,14.3,5.7,-25.2,-32.4,-4.8,12.7,5.3,1.8,-6.0,-15.4,-22.4,16.1
2002-11,15.7,15.3,36.0,-5.4,17.6,28.2,-11.5,7.8,20.4,9.0,-6.6,4.6,-7.5,7.3,-11.7,33.0,12.7,5.6,-26.3,-35.2,-5.6,11.3,7.1,2.4,-4.6,-16.1,-23.3,17.4
2002-12,13.1,13.4,44.6,-17.7,25.0,34.8,-19.4,3.0,9.8,7.6,6.5,1.3,-4.5,8.1,-15.0,27.0,16.5,8.3,-25.4,-27.1,-2.9,12.8,5.7,4.0,-5.5,-17.4,-24.6,21.7
2003-01,22.7,13.8,39.9,-12.2,19.0,33.2,-25.1,-0.6,3.4,-0.8,9.8,-1.3,-7.7,7.9,-15.1,19.1,12.9,5.9,-24.9,-19.1,7.3,25.4,15.8,2.3,-7.1,-19.3,-28.7,32.9
2003-02,25.6,11.1,37.6,-15.4,17.4,30.7,-7.4,4.6,5.8,6.0,9.7,-1.4,-3.7,8.0,-12.9,16.7,16.2,14.3,-26.5,-27.8,-2.6,12.5,7.6,-3.6,-11.3,-19.7,-30.3,36.8
2003-03,22.1,7.1,34.7,-20.4,16.9,32.9,-1.4,9.0,0.9,8.3,4.4,-2.4,-1.4,11.4,-16.4,20.6,-1.9,8.9,-24.8,-34.2,-6.3,10.2,5.1,-11.9,-10.1,-22.9,-33.8,38.0
2003-04,27.7,8.5,41.8,-24.7,18.2,31.7,-7.5,3.8,1.2,0.5,12.9,-7.0,2.1,11.4,-26.1,16.4,7.4,7.3,-31.6,-45.5,-16.5,8.5,-12.5,13.5,1.4,-20.8,-29.8,35.3
2003-05,18.8,5.9,28.5,-16.8,11.8,35.7,3.6,10.0,10.4,1.8,9.3,-4.5,-7.6,11.7,-25.5,23.6,8.8,4.8,-36.2,-10.4,-2.7,0.9,1.5,10.0,-0.2,-20.2,-29.1,11.3
2003-06,22.3,-1.8,4.1,-7.7,6.3,30.8,24.3,14.2,2.1,5.9,12.5,-1.1,-7.7,9.0,-19.4,25.0,9.1,2.7,-30.5,-0.5,1.1,3.5,0.2,13.9,-0.7,-22.2,-32.4,6.9
2003-07,24.4,3.2,7.4,-1.1,4.2,31.3,20.2,14.1,13.3,8.1,9.2,0.3,-5.3,8.7,-13.7,23.3,15.2,6.0,-29.9,1.6,1.8,10.0,-6.1,18.6,8.0,-23.0,-33.1,17.8
2003-08,26.5,8.5,21.4,-4.3,1.1,33.4,18.0,15.1,11.8,6.9,6.0,-0.1,-5.7,10.2,-15.5,25.5,15.7,7.9,-31.9,5.8,2.4,7.3,-6.0,14.4,8.5,-20.3,-29.9,20.7
2003-09,28.6,14.0,36.0,-7.9,-2.0,35.9,19.9,19.5,10.4,8.4,-2.6,-0.5,-6.1,11.8,-17.6,27.8,16.3,9.8,-34.0,9.1,2.8,4.3,-5.0,9.7,8.8,-24.8,-33.7,10.1
2003-10,27.7,19.3,47.9,-9.3,-4.3,41.8,27.7,22.5,18.0,9.4,2.0,2.2,-1.7,8.8,-18.3,33.6,18.5,12.8,-28.4,14.7,12.2,14.5,7.4,0.0,-2.5,-21.9,-30.7,7.4
2003-11,33.6,17.3,42.2,-7.6,0.1,36.8,31.5,22.8,10.5,19.9,-0.1,3.5,-5.0,9.9,-11.9,32.4,15.5,13.5,-18.9,18.8,15.3,17.4,9.7,9.5,6.3,-26.7,-30.4,3.0
2003-12,44.4,9.5,24.7,-5.7,1.3,31.9,33.1,19.2,12.3,18.1,7.4,6.4,-5.2,4.4,-9.0,32.6,27.2,21.0,-16.0,16.6,20.8,28.8,17.1,20.1,6.6,-32.6,-36.9,16.6
2004-01,37.0,3.7,1.5,5.9,0.3,31.4,38.4,19.3,-0.7,14.4,11.8,7.3,-3.1,6.6,-0.8,29.5,32.4,20.5,-11.2,35.5,33.4,35.3,29.5,7.8,-1.4,-25.9,-26.2,9.5
2004-02,33.8,6.8,8.6,4.9,-4.7,22.4,32.5,16.1,-6.8,4.7,6.5,3.6,3.8,13.4,-2.7,26.8,19.6,12.5,-12.0,32.4,30.0,34.0,23.7,6.0,2.6,-25.8,-25.2,8.8
2004-03,23.9,-1.0,7.6,-9.6,-3.8,46.9,27.8,23.0,6.8,23.4,5.7,5.3,-3.2,9.2,-4.0,29.1,18.9,11.7,-20.8,32.4,28.8,31.0,23.1,4.6,-1.8,-15.9,-5.8,0.2
2004-04,26.7,-3.9,18.4,-26.1,-7.5,42.5,27.1,20.0,3.5,15.5,9.7,8.9,1.6,4.2,0.4,30.5,13.0,11.0,-9.6,36.2,25.1,21.8,17.4,14.5,10.4,-15.4,-3.9,1.2
2004-05,29.7,-5.5,-2.6,-8.5,-8.9,30.8,32.2,18.4,-4.6,17.8,7.9,7.0,-4.5,7.5,-2.4,30.9,21.0,14.2,-8.2,25.7,21.7,22.9,16.5,24.2,13.0,-18.6,-8.4,18.8
2004-06,25.3,-12.9,0.4,-26.2,-1.2,29.7,19.6,16.1,17.2,17.4,1.0,3.9,-2.9,6.3,-4.6,22.6,24.3,14.2,-7.8,25.5,20.4,17.9,17.9,10.6,13.0,-20.4,-11.4,12.8
2004-07,23.2,-23.4,-29.6,-17.2,-6.7,29.7,21.9,15.6,22.7,16.2,4.8,0.7,0.9,8.2,-8.3,18.8,20.6,11.9,-11.3,17.8,19.6,26.9,14.2,20.5,21.4,-22.0,-14.6,17.4
2004-08,6.9,-34.3,-46.4,-22.2,-16.3,36.5,24.9,16.6,21.0,16.0,11.6,-1.0,1.4,9.5,-10.1,16.7,17.1,11.3,-14.2,11.6,11.5,15.5,7.3,11.0,17.2,-20.9,-16.0,15.0
2004-09,-10.2,-45.4,-63.2,-27.5,-26.5,43.7,29.1,18.4,19.6,15.8,17.5,-2.7,1.7,10.9,-12.0,14.7,13.5,10.6,-17.3,4.3,2.5,3.4,-0.3,1.1,12.5,-15.5,-9.2,10.8
2004-10,-15.2,-37.3,-37.8,-36.7,-37.3,37.3,15.9,11.0,11.2,7.6,20.1,-3.2,-6.8,12.9,-16.9,20.2,5.6,11.2,-21.1,12.7,8.2,8.0,4.0,-8.2,2.9,-17.6,-11.3,24.7
2004-11,-23.8,-46.6,-39.0,-54.2,-31.5,32.3,16.7,8.5,7.8,2.2,23.6,-3.7,-2.1,13.5,-17.3,19.8,3.9,10.2,-21.0,8.3,6.2,10.7,-0.4,-9.9,-7.8,-19.8,-15.6,22.5
2004-12,-22.5,-49.2,-45.0,-53.4,-32.1,25.5,24.2,7.0,3.2,15.1,28.6,-3.2,-11.5,12.4,-19.6,22.3,4.9,8.9,-23.6,-3.2,2.5,12.5,-1.8,-13.9,-17.9,-20.8,-14.9,14.8
2005-01,-22.5,-45.7,-42.6,-48.8,-24.7,18.9,31.7,12.3,0.7,12.9,13.6,-2.6,-7.5,13.2,-17.0,22.3,9.7,8.6,-17.1,16.3,16.5,20.5,12.9,-7.4,-17.0,-22.5,-20.2,16.8
2005-02,-35.0,-47.6,-33.9,-61.2,-29.6,20.3,10.2,4.3,2.6,1.6,17.5,-3.5,-6.5,13.1,-20.6,23.4,5.3,9.6,-18.7,18.5,16.2,16.0,14.3,-16.5,-14.6,-22.1,-21.4,18.0
2005-03,-44.1,-52.9,-42.4,-63.3,-27.6,32.6,15.3,9.0,3.0,13.8,21.0,-6.6,-4.1,15.0,-23.6,18.7,6.3,8.5,-18.8,25.1,22.7,19.6,23.3,-14.5,-18.0,-21.9,-19.2,18.6
2005-04,-49.5,-47.5,-35.2,-59.7,-38.1,40.3,9.2,9.9,7.7,14.3,19.8,-4.2,-10.6,15.5,-19.6,22.4,-2.4,6.5,-20.6,22.7,20.4,15.3,23.4,-5.0,-10.6,-23.3,-23.9,17.3
2005-05,-23.1,-30.6,-13.8,-47.4,-38.6,30.1,7.7,4.4,0.2,8.5,24.7,-9.2,-8.8,18.5,-23.4,14.3,3.5,7.8,-19.5,14.0,15.9,17.8,15.9,-2.1,-7.2,-21.5,-19.9,16.8
2005-06,-15.5,-38.4,-18.1,-58.7,-39.5,22.3,0.0,2.3,-7.9,-2.4,15.3,-9.9,-9.5,17.9,-30.6,18.8,3.8,4.9,-27.6,5.6,11.5,16.5,12.4,-3.8,-4.0,-25.8,-28.8,36.1
2005-07,-26.5,-48.6,-36.8,-60.3,-19.1,20.9,-8.4,-1.1,-11.4,-9.9,15.9,-9.6,-9.9,17.5,-25.3,14.1,6.2,6.5,-21.0,4.6,12.2,18.4,13.7,0.1,-1.9,-25.4,-21.4,33.1
2005-08,-33.2,-46.9,-30.8,-62.9,-16.9,28.3,-7.4,1.9,-6.0,2.3,15.1,-7.7,-7.3,15.1,-23.6,15.6,3.8,6.1,-22.3,7.1,13.0,17.6,14.2,2.0,2.2,-26.8,-24.5,35.8
2005-09,-40.2,-45.3,-24.9,-65.8,-14.8,35.5,-7.0,4.7,-0.4,14.3,14.5,-5.8,-4.6,12.6,-21.9,17.2,1.3,5.7,-23.9,10.2,13.9,17.1,14.3,3.7,5.7,-31.5,-24.1,38.3
2005-10,-38.8,-40.2,-17.4,-62.9,2.2,29.7,-0.2,4.9,-9.7,5.7,14.6,-6.1,-5.7,15.6,-20.3,17.6,5.4,7.0,-18.5,14.8,20.1,21.9,23.6,11.0,-2.1,-36.6,-30.8,37.8
2005-11,-18.5,-35.6,-8.5,-62.8,-7.9,28.7,-0.9,3.8,-7.7,10.9,16.4,-6.0,-6.4,16.5,-16.1,14.4,6.4,7.6,-12.5,16.0,19.9,24.5,19.2,6.4,-7.3,-31.9,-27.4,39.1
2005-12,-21.9,-34.0,-3.2,-64.8,-11.4,35.9,9.3,11.7,19.2,17.2,10.0,-2.3,-3.5,14.6,-13.9,21.7,16.3,6.7,-4.9,13.4,13.8,17.5,10.3,6.3,-4.6,-29.1,-27.7,32.8
2006-01,-19.5,-30.7,9.2,-70.6,-15.2,34.0,4.6,10.4,2.5,15.2,7.3,-1.4,-6.3,15.1,-14.0,24.9,20.0,8.0,-7.5,14.0,12.9,12.9,11.8,-4.1,-11.5,-26.8,-24.4,26.6
2006-02,-4.5,-21.9,10.0,-53.7,-18.4,48.5,16.8,19.3,12.8,24.1,7.6,-0.4,-12.1,16.0,-14.3,29.1,18.5,8.9,-9.1,10.3,13.8,17.2,14.0,-1.0,-6.6,-28.6,-25.6,31.5
2006-03,1.2,-14.6,16.1,-45.4,-0.8,45.1,33.0,23.7,7.2,23.7,7.1,2.8,-10.3,12.9,-9.2,30.5,18.9,11.5,-7.9,18.9,19.2,23.0,15.7,6.4,-8.9,-35.2,-30.2,33.8
2006-04,-5.0,-22.4,6.6,-51.4,-0.9,46.0,32.4,21.5,7.8,27.5,13.9,3.2,-2.2,11.6,-9.0,30.3,19.8,12.2,-6.1,25.5,22.5,21.2,20.7,7.0,-5.6,-30.6,-29.3,35.9
2006-05,-3.6,-22.1,12.2,-56.3,2.9,40.1,23.8,14.2,10.9,17.4,21.2,4.4,4.0,11.5,-5.8,30.7,22.2,19.7,-5.3,26.6,27.8,31.1,25.6,7.8,-6.0,-30.4,-31.2,38.1
2006-06,-1.4,-17.1,18.8,-53.0,3.4,51.0,32.9,21.0,11.2,30.1,21.0,5.7,2.7,14.0,-1.5,32.7,25.5,19.8,-3.4,22.1,27.5,34.2,26.2,12.4,2.1,-24.5,-24.0,34.0
2006-07,16.5,-9.6,30.9,-50.0,-1.7,49.9,37.4,22.2,13.5,23.2,20.6,5.0,3.0,11.3,-3.8,30.1,29.2,18.8,-8.9,26.2,27.3,30.4,25.3,13.7,9.2,-27.4,-27.0,35.4
2006-08,26.8,-2.8,38.3,-43.9,-4.5,46.7,39.5,23.3,18.2,16.5,16.2,4.5,3.5,11.8,0.2,25.0,31.6,21.1,-5.0,21.4,24.4,30.0,21.9,15.9,4.5,-28.8,-26.8,34.8
2006-09,41.7,10.3,54.2,-33.7,2.9,50.0,39.7,27.0,30.8,22.0,8.8,6.9,3.2,8.4,1.3,27.9,28.4,18.6,-5.4,23.0,23.5,30.8,16.7,17.3,0.9,-27.2,-26.1,36.1
2006-10,36.1,-1.1,27.1,-29.2,3.0,56.6,40.5,26.4,14.6,20.7,17.8,4.6,-0.3,12.8,0.8,25.8,24.3,12.2,-0.9,35.7,34.4,35.4,32.2,21.9,6.2,-26.5,-23.9,27.2
2006-11,26.0,-8.2,9.0,-25.4,5.8,51.6,38.1,24.9,24.7,23.3,14.9,3.2,-1.5,11.5,-4.2,25.3,21.4,11.3,-3.4,39.8,36.2,32.6,36.3,11.8,7.4,-26.2,-22.4,35.1
2006-12,19.8,-6.0,24.9,-36.9,8.9,52.1,40.8,27.1,21.2,29.0,11.6,3.5,-1.2,12.7,-1.5,24.6,22.5,8.9,-7.2,40.8,33.5,28.6,31.1,12.1,15.4,-22.9,-19.1,28.8
2007-01,22.1,-9.0,21.5,-39.5,-0.6,56.4,48.2,30.2,18.8,39.3,13.9,5.2,5.9,14.6,-2.4,32.5,15.8,17.3,-11.5,36.2,32.8,26.6,35.5,8.2,12.1,-27.6,-25.0,35.5
2007-02,40.9,-8.4,18.0,-34.7,4.6,62.9,58.1,35.1,15.9,28.4,15.8,2.6,7.4,13.2,-1.0,22.0,19.6,12.0,-11.2,37.1,30.3,30.1,23.6,8.1,1.8,-26.6,-23.7,35.6
2007-03,34.9,0.9,23.5,-21.7,2.4,59.2,45.1,29.1,16.8,20.8,17.2,5.1,2.0,10.7,1.5,24.6,20.3,14.1,-3.4,39.2,34.4,34.9,29.1,8.3,9.5,-22.8,-20.6,35.3
2007-04,32.6,-0.2,16.4,-16.8,-3.3,61.5,50.2,31.7,15.6,31.7,16.7,9.1,-1.7,6.2,3.7,29.7,29.0,15.3,-4.1,42.3,34.8,31.0,31.0,10.6,10.6,-27.2,-27.4,37.8
2007-05,21.4,-2.0,10.7,-14.6,1.2,68.7,54.7,36.8,22.0,40.2,12.9,6.4,-5.5,9.4,0.3,28.4,25.0,13.7,-5.5,43.6,33.6,22.8,34.4,5.3,1.3,-25.5,-24.2,42.7
2007-06,10.2,-3.3,9.2,-15.7,3.6,62.6,56.1,34.1,20.8,46.1,16.3,5.1,-4.1,10.2,-0.7,26.3,25.9,16.4,-7.8,35.0,29.9,22.8,31.9,7.4,1.5,-25.6,-22.1,38.8
2007-07,-0.1,-10.7,18.0,-39.5,8.9,70.3,60.4,39.0,40.1,46.6,13.8,6.3,-4.1,7.1,1.5,24.4,20.4,15.8,-3.2,36.7,27.6,19.7,26.3,1.0,1.3,-24.3,-22.3,41.1
2007-08,8.9,-10.6,14.4,-35.7,11.3,66.9,62.9,37.8,40.9,40.5,16.5,6.1,-1.7,5.9,0.6,23.5,21.1,14.1,2.3,40.6,32.3,24.2,32.2,12.8,10.7,-28.3,-26.0,38.0
2007-09,5.1,-19.6,3.0,-42.2,2.1,58.4,63.9,36.0,18.2,37.0,14.4,6.7,-3.4,7.7,-0.1,27.7,13.9,23.6,3.1,40.2,38.4,32.2,42.8,29.9,8.5,-20.2,-17.7,28.7
2007-10,-4.3,-18.5,2.3,-39.4,9.0,62.0,56.7,34.4,33.0,41.2,15.5,3.1,-1.8,10.1,-5.9,25.3,17.3,26.2,-4.1,36.1,33.1,32.1,31.0,13.6,8.0,-19.7,-17.7,33.4
2007-11,-1.0,-14.0,5.4,-33.3,0.9,67.4,53.2,32.6,33.2,43.3,23.0,4.8,0.1,12.4,-2.3,29.1,22.7,26.1,-4.6,35.5,31.5,29.3,29.7,17.7,4.7,-24.9,-24.3,47.2
2007-12,3.1,-15.5,3.8,-34.8,-0.7,65.0,55.1,33.8,34.5,38.2,18.9,2.0,0.6,13.7,-3.4,23.1,16.8,24.2,-4.3,30.5,30.0,29.7,29.8,18.4,6.7,-24.9,-24.4,46.9
2008-01,-7.1,-17.3,3.4,-38.0,-2.0,65.0,49.6,30.5,52.0,32.2,23.0,2.3,1.3,10.8,-7.9,25.5,13.9,28.8,-6.0,30.7,29.9,33.3,25.5,26.6,11.8,-26.6,-39.0,52.2
2008-02,7.3,-6.7,9.0,-22.4,-6.5,66.7,56.2,33.1,44.7,41.9,23.4,-0.5,-4.2,12.6,-10.9,21.8,19.3,21.0,-5.8,34.2,38.0,38.0,41.7,26.5,13.0,-29.1,-33.3,45.5
2008-03,6.3,-9.6,7.9,-27.1,-3.3,50.6,52.4,28.9,46.6,31.5,16.2,-1.1,-1.7,13.6,-12.5,22.9,16.7,24.3,-13.1,25.1,31.7,35.6,34.5,19.6,15.5,-30.7,-40.2,44.9
2008-04,11.6,-1.1,19.5,-21.7,-8.8,54.7,49.7,30.5,44.6,30.7,12.8,-0.6,-3.2,14.6,-6.4,19.2,12.0,23.4,-6.1,22.1,26.6,28.4,29.5,11.1,17.1,-32.3,-42.0,45.2
2008-05,2.0,-8.8,19.1,-36.8,-14.2,49.4,39.6,27.1,39.5,33.0,7.7,-1.7,-5.1,14.4,-11.4,20.6,14.6,21.5,-13.8,12.4,17.3,23.6,15.8,15.6,16.2,-36.3,-44.6,59.8
2008-06,8.9,-12.7,11.4,-36.8,-0.3,43.5,26.7,21.2,36.8,21.2,6.6,-2.5,1.7,11.5,-16.1,20.1,15.9,25.1,-20.3,17.4,20.3,24.4,19.0,17.0,15.5,-42.2,-51.9,55.4
2008-07,18.0,0.4,25.7,-24.9,-5.5,36.8,29.4,14.9,37.2,21.4,21.5,-2.5,-4.3,11.0,-15.5,19.1,11.5,28.1,-15.0,17.9,16.9,15.1,17.8,15.8,10.9,-38.1,-60.4,50.9
2008-08,25.5,4.2,29.4,-21.1,-8.9,32.7,21.6,9.1,32.4,16.7,27.0,-3.2,-2.2,10.1,-17.2,17.6,14.7,27.1,-15.2,16.8,17.3,17.0,18.2,16.0,9.3,-38.7,-57.4,51.5
2008-09,7.3,-12.2,1.2,-25.5,-3.2,19.1,17.8,4.9,44.1,3.6,22.1,-6.7,-3.3,19.7,-20.0,19.6,11.5,19.2,-17.5,15.4,17.4,23.1,13.6,14.3,3.9,-43.7,-60.8,50.6
2008-10,7.2,-11.1,6.3,-28.5,-24.6,11.9,10.9,-0.6,33.1,-4.0,24.8,-12.4,-9.6,23.3,-24.1,10.2,-2.0,5.1,-26.7,19.4,14.5,4.9,19.1,0.2,7.5,-49.8,-63.4,44.4
2008-11,-1.5,-19.1,-6.7,-31.5,-31.0,-1.9,0.2,-8.9,25.9,-23.0,25.2,-17.6,-14.8,20.8,-32.8,0.7,-2.9,1.0,-30.2,10.4,4.9,-3.3,7.7,-4.5,0.1,-48.0,-60.4,41.0
2008-12,10.4,-21.0,-9.7,-32.4,-16.5,-13.9,-19.1,-20.1,16.4,-32.9,27.2,-24.5,-19.7,25.6,-39.0,-8.9,-16.1,-3.8,-39.6,-7.0,-12.8,-20.8,-10.5,-18.3,-9.2,-43.2,-61.2,39.7
2009-01,10.2,-31.2,-27.1,-35.3,-30.5,-19.4,-25.0,-25.7,23.5,-28.8,32.6,-27.8,-29.7,27.4,-44.8,-11.3,-22.4,-13.8,-42.2,-14.5,-21.0,-24.4,-24.1,-18.4,-5.7,-40.1,-52.2,25.5
2009-02,-10.9,-32.7,-25.0,-40.4,-30.9,-22.7,-41.2,-33.2,25.1,-38.7,35.8,-34.2,-36.4,29.1,-56.6,-16.9,-29.5,-17.2,-53.9,-18.6,-22.0,-28.5,-18.9,-19.0,-6.2,-44.6,-60.6,32.0
2009-03,-21.1,-45.3,-45.4,-45.2,-46.3,-31.5,-48.3,-37.5,20.1,-48.5,32.8,-36.6,-36.3,33.9,-55.6,-20.3,-35.1,-18.1,-52.7,-17.1,-23.3,-27.7,-25.2,-16.9,-15.4,-44.8,-64.3,30.8
2009-04,-19.4,-44.6,-48.6,-40.6,-35.9,-23.0,-57.4,-35.3,-2.9,-44.7,25.5,-35.1,-35.0,31.2,-56.4,-17.7,-35.1,-14.7,-52.3,-26.6,-28.4,-26.1,-32.5,-17.8,-20.5,-39.0,-52.5,8.0
2009-05,-12.6,-56.1,-56.0,-56.1,-34.1,-6.9,-37.0,-20.1,11.1,-21.7,16.6,-33.2,-26.8,29.8,-59.1,-10.6,-32.3,-12.4,-58.6,-21.1,-24.6,-19.8,-32.8,-23.2,-21.0,-40.3,-52.1,9.8
2009-06,-34.0,-40.9,-34.1,-47.8,-38.0,-9.4,-17.6,-11.5,13.9,-16.0,7.5,-27.5,-25.0,22.9,-55.8,-3.7,-30.4,-9.3,-55.2,-14.1,-17.0,-17.0,-20.0,-21.6,-20.6,-36.2,-44.8,9.9
2009-07,-19.3,-39.7,-31.6,-47.8,-38.3,-12.0,-4.8,-6.7,19.0,-14.6,3.2,-27.5,-21.4,25.6,-56.5,-0.5,-24.2,-9.6,-52.8,-16.4,-19.2,-19.5,-21.6,-19.8,-17.4,-38.5,-39.3,25.3
2009-08,-9.4,-47.1,-44.5,-49.7,-28.6,-19.5,-2.9,-8.6,-4.1,-22.9,3.4,-26.8,-22.9,28.9,-55.2,3.5,-21.4,-8.0,-52.6,-15.2,-15.8,-15.9,-16.3,-20.6,-22.0,-36.6,-40.1,19.4
2009-09,-23.2,-39.3,-32.9,-45.7,-31.9,-14.9,4.3,-6.8,4.9,-19.3,9.9,-24.2,-21.6,19.6,-54.3,1.3,-19.6,-7.4,-45.0,-14.5,-19.0,-23.5,-18.9,-24.8,-21.6,-35.8,-38.3,6.9
2009-10,-24.4,-35.2,-24.1,-46.4,-27.3,9.4,-1.1,3.2,4.1,-6.1,-1.4,-21.5,-14.2,20.8,-49.9,6.2,-14.4,-5.6,-40.3,-19.6,-16.1,-7.4,-21.2,-12.5,-19.7,-23.2,-14.1,-2.6
2009-11,-19.5,-30.8,-18.3,-43.4,-24.4,1.3,6.4,2.0,-8.2,-11.0,1.6,-22.9,-11.2,22.5,-49.1,2.8,-12.8,-6.4,-44.9,-23.8,-16.0,-8.8,-15.3,-12.0,-15.8,-26.8,-23.8,15.6
2009-12,-19.7,-30.6,-29.0,-32.3,-16.9,3.4,-7.1,-4.2,6.4,-8.0,9.1,-24.0,-14.1,22.0,-50.7,0.5,-12.8,-7.6,-49.3,-17.0,-8.9,-8.1,-1.4,-14.9,-15.6,-34.2,-30.4,15.8
2010-01,-16.1,-33.9,-33.7,-34.1,-21.7,-7.9,-17.5,-10.8,4.7,-16.0,7.1,-21.2,-16.2,18.1,-47.8,2.4,-8.0,-5.0,-46.5,-22.3,-13.4,-10.9,-6.9,-21.7,-22.8,-39.3,-31.9,22.3
2010-02,-33.0,-50.1,-43.3,-57.0,-32.1,-21.9,-21.9,-16.6,13.3,-21.5,6.1,-22.7,-18.6,18.2,-44.8,-5.3,-6.8,-0.7,-43.2,-20.7,-20.1,-17.7,-21.8,-26.0,-21.4,-40.9,-35.4,16.0
2010-03,-30.3,-60.0,-48.0,-72.1,-18.2,-44.7,-45.0,-32.3,-21.7,-51.8,7.2,-22.6,-19.9,16.9,-52.0,1.1,-14.8,2.5,-40.0,-19.8,-23.1,-27.6,-22.0,-23.9,-15.9,-49.6,-44.1,24.9
2010-04,-41.7,-59.7,-50.4,-69.1,-22.1,-37.6,-34.2,-26.6,3.9,-46.9,8.0,-21.0,-16.8,21.3,-48.2,6.4,-13.5,4.0,-31.6,-22.3,-21.0,-21.6,-19.2,-22.8,-18.3,-51.8,-49.4,35.1
2010-05,-54.1,-60.1,-46.6,-73.6,-21.3,-43.4,-35.1,-30.5,-1.9,-52.4,13.0,-25.6,-20.7,23.2,-49.3,-4.3,-16.1,-1.3,-32.5,-37.6,-31.3,-24.6,-31.7,-21.8,-18.1,-59.1,-62.0,29.1
2010-06,-35.6,-56.4,-51.9,-60.8,-34.3,-44.8,-63.1,-43.3,-16.8,-53.2,22.1,-25.1,-20.8,18.0,-50.3,-7.0,-19.5,-4.8,-24.2,-34.4,-27.2,-20.1,-27.1,-20.1,-27.0,-60.0,-62.6,25.8
2010-07,-48.5,-58.8,-45.5,-72.2,-34.0,-43.8,-74.2,-44.6,-30.2,-55.3,15.7,-23.0,-20.8,14.3,-49.5,-5.1,-16.0,-0.3,-25.3,-38.6,-24.6,-17.0,-18.2,-26.0,-34.0,-60.5,-63.2,25.7
2010-08,-50.9,-59.0,-44.6,-73.5,-29.7,-45.7,-65.2,-42.3,-13.9,-51.8,16.1,-23.0,-19.9,16.0,-50.9,-2.0,-7.8,-1.3,-28.6,-35.7,-23.5,-16.3,-18.3,-30.0,-33.6,-56.5,-54.0,26.0
2010-09,-48.8,-66.4,-58.1,-74.7,-31.2,-38.5,-67.5,-44.7,-0.3,-57.5,28.0,-23.7,-28.4,15.5,-50.6,-5.0,-9.9,5.8,-30.2,-32.3,-17.8,-11.4,-9.7,-3.7,-37.3,-64.3,-64.9,40.8
2010-10,-25.2,-48.4,-39.6,-57.2,-31.5,-45.6,-55.1,-41.2,-4.6,-52.1,22.9,-20.4,-23.1,14.8,-46.5,0.2,-12.9,12.4,-22.3,-32.0,-18.7,-3.8,-20.3,-5.1,-33.1,-65.0,-69.9,39.8
2010-11,-29.8,-48.3,-39.9,-56.8,-35.9,-44.0,-56.5,-38.4,-8.1,-46.3,14.7,-20.8,-16.6,14.4,-49.8,1.7,-12.6,4.8,-24.0,-36.2,-26.1,-16.4,-25.7,-15.1,-18.4,-63.8,-69.5,24.5
2010-12,-62.7,-63.4,-59.3,-67.6,-13.6,-36.2,-52.7,-33.5,-4.0,-48.0,11.5,-20.9,-15.3,14.1,-46.0,-2.7,-16.3,6.7,-18.9,-27.7,-21.1,-14.5,-21.2,-20.6,-28.4,-71.5,-76.6,33.1
2011-01,-64.7,-64.7,-55.7,-73.8,9.1,-33.3,-53.1,-32.9,-20.3,-39.8,12.2,-18.4,-14.3,12.1,-38.6,-4.4,-3.9,7.6,-18.5,-25.9,-19.6,-14.8,-18.2,-21.2,-27.5,-71.2,-73.5,33.0
2011-02,-42.8,-62.2,-48.8,-75.6,-2.7,-27.5,-46.3,-27.7,4.7,-40.8,9.4,-13.4,-17.3,12.0,-32.6,4.3,0.9,13.1,-11.7,-24.5,-21.0,-15.0,-23.5,-19.2,-25.1,-64.7,-66.7,34.0
2011-03,-56.3,-67.8,-60.3,-75.3,-23.3,-18.0,-35.8,-22.0,-9.4,-32.6,12.3,-15.6,-10.7,9.5,-37.8,0.4,-8.1,7.3,-14.1,-28.9,-25.5,-21.5,-26.1,-21.0,-24.9,-64.0,-65.0,33.3
2011-04,-57.3,-71.0,-69.9,-72.1,-23.1,-32.0,-43.9,-30.5,-12.9,-41.1,15.7,-21.1,-15.6,13.2,-45.0,-5.0,-18.2,7.7,-16.4,-27.0,-25.0,-21.4,-26.7,-23.2,-27.4,-65.9,-71.6,35.5
2011-05,-64.0,-64.6,-58.7,-70.4,-19.8,-51.0,-59.9,-43.1,-34.5,-56.4,18.5,-20.4,-13.6,13.9,-42.3,-5.1,-15.0,1.8,-14.4,-36.8,-26.8,-18.1,-25.4,-21.3,-25.5,-64.9,-67.6,26.0
2011-06,-60.9,-73.9,-65.3,-82.5,-24.7,-44.5,-60.0,-41.6,-22.9,-51.1,20.2,-22.7,-18.0,19.1,-40.9,-8.2,-15.0,-3.3,-17.4,-33.2,-27.4,-20.6,-28.5,-23.0,-26.3,-69.7,-72.7,42.5
2011-07,-65.0,-75.0,-68.3,-81.8,-21.2,-40.8,-55.4,-38.6,-24.1,-44.5,19.6,-21.0,-18.0,18.5,-42.0,-2.4,-9.0,-4.9,-20.9,-26.6,-26.5,-21.9,-31.2,-20.1,-30.1,-73.2,-76.5,32.8
2011-08,-73.7,-77.4,-69.6,-85.1,-23.1,-42.8,-57.8,-39.6,-21.8,-45.6,18.1,-19.3,-15.0,16.4,-38.9,-2.6,-9.6,-5.1,-21.3,-21.0,-22.4,-19.7,-26.5,-15.8,-28.5,-68.1,-70.5,28.1
2011-09,-42.5,-61.2,-41.2,-81.2,-32.2,-40.5,-62.4,-40.5,-27.8,-47.1,18.5,-23.9,-22.9,20.2,-42.2,-9.3,-6.8,0.5,-33.7,-18.6,-24.9,-30.6,-25.5,-38.7,-21.3,-69.4,-77.5,36.0
2011-10,-46.1,-70.6,-48.9,-92.3,-34.9,-52.2,-53.0,-37.3,-22.4,-57.7,6.7,-25.4,-25.2,16.1,-47.2,-12.9,-10.1,-3.3,-25.3,-32.3,-30.9,-32.0,-28.2,-39.1,-27.0,-79.0,-88.7,28.6
2011-11,-41.7,-70.2,-41.9,-98.6,-40.5,-40.6,-56.5,-34.9,-15.2,-55.9,7.5,-23.6,-28.3,14.8,-44.6,-11.5,-14.5,-8.2,-23.9,-31.5,-31.5,-37.8,-25.2,-31.7,-26.5,-78.3,-83.7,24.4
2011-12,-29.4,-60.4,-34.6,-86.2,-47.8,-50.1,-57.0,-36.1,-39.8,-55.1,1.1,-22.1,-18.8,12.1,-47.5,-6.8,-16.6,-3.5,-21.8,-33.3,-32.0,-24.9,-37.9,-16.6,-26.8,-77.9,-84.6,22.8
2012-01,-51.8,-61.2,-36.5,-85.9,-43.6,-53.2,-55.5,-34.1,-69.9,-57.7,-6.4,-24.5,-21.6,13.4,-51.4,-8.6,-19.8,-1.0,-27.6,-36.2,-33.0,-22.6,-40.3,-19.5,-24.4,-77.3,-85.1,19.2
2012-02,-38.6,-56.2,-50.7,-61.8,-24.3,-53.9,-67.7,-38.7,-44.6,-59.8,-5.4,-23.6,-22.3,13.7,-51.0,-5.9,-27.4,-4.2,-22.1,-38.1,-30.6,-23.6,-30.2,-26.1,-23.2,-80.8,-88.6,21.4
2012-03,-51.8,-60.5,-42.9,-78.0,-28.1,-50.0,-58.6,-35.8,-42.1,-51.1,-1.3,-21.6,-22.7,14.3,-47.2,-3.3,-18.4,-11.3,-18.3,-34.1,-32.2,-28.5,-33.9,-32.2,-30.5,-76.9,-76.9,7.6
2012-04,-51.1,-58.7,-40.7,-76.8,-21.0,-49.9,-63.9,-37.6,-36.7,-55.4,-1.0,-19.3,-20.1,13.5,-48.3,4.0,-19.6,-8.1,-21.3,-27.9,-31.3,-34.1,-31.8,-34.3,-31.4,-77.4,-77.6,19.1
2012-05,-41.7,-61.3,-47.0,-75.7,-26.9,-46.2,-57.0,-34.9,-23.8,-50.0,1.3,-21.9,-15.8,15.4,-45.1,-5.0,-20.8,-3.1,-21.5,-34.4,-31.1,-34.6,-24.2,-33.0,-31.4,-74.5,-70.0,17.8
2012-06,-48.5,-61.8,-41.4,-82.2,-26.5,-47.2,-57.7,-35.2,-25.0,-56.0,0.9,-24.9,-22.9,14.8,-49.5,-10.5,-22.5,-5.3,-24.2,-43.2,-43.2,-47.2,-39.3,-39.3,-40.4,-68.9,-61.8,7.5
2012-07,-39.5,-56.3,-39.4,-73.2,-27.3,-38.0,-55.3,-31.0,-31.9,-48.5,-0.3,-25.5,-18.3,9.6,-52.9,-14.1,-29.6,-6.0,-31.3,-46.6,-42.8,-37.9,-43.9,-34.0,-32.4,-67.7,-57.6,-2.8
2012-08,-39.6,-52.6,-34.0,-71.1,-22.5,-35.2,-50.2,-26.6,-32.4,-42.8,-5.6,-25.4,-16.5,7.7,-55.5,-13.0,-34.6,-7.5,-36.7,-47.3,-41.8,-31.2,-47.0,-30.9,-36.0,-67.3,-58.9,-3.2
2012-09,-38.8,-58.2,-41.7,-74.8,-17.5,-53.9,-69.1,-37.0,-57.0,-55.6,-11.9,-21.8,-14.9,10.8,-51.9,-2.6,-28.6,-10.5,-26.7,-38.3,-40.9,-42.8,-41.6,-38.5,-25.1,-72.8,-72.1,10.3
2012-10,-24.0,-53.3,-26.0,-80.6,-29.0,-68.0,-78.7,-48.4,-41.0,-61.3,-1.4,-20.1,-15.1,7.6,-48.2,-4.3,-23.2,-4.7,-24.6,-39.7,-46.0,-47.8,-50.4,-37.7,-33.9,-74.9,-76.4,8.7
2012-11,-49.8,-56.7,-38.4,-75.0,-9.9,-55.5,-64.4,-40.1,-38.6,-59.5,0.3,-17.6,-21.4,7.4,-47.0,1.6,-12.1,-1.5,-27.2,-25.7,-38.4,-43.7,-45.8,-41.5,-34.5,-74.0,-77.0,7.0
2012-12,-53.4,-63.1,-45.4,-80.9,-31.5,-49.5,-57.2,-33.5,-50.5,-53.2,-6.3,-11.7,-20.0,-0.1,-38.1,2.7,-2.7,-1.1,-18.5,-30.9,-31.4,-33.3,-30.0,-33.5,-28.2,-73.7,-67.8,0.1
2013-01,-10.0,-58.6,-28.6,-88.7,-4.2,-54.3,-51.5,-30.5,-38.6,-56.2,-14.4,-13.7,-23.5,4.5,-38.8,2.1,-5.3,-2.9,-23.7,-33.2,-28.6,-22.7,-29.9,-24.6,-39.1,-73.7,-67.8,8.4
2013-02,-5.2,-46.7,-27.7,-65.7,0.2,-59.4,-55.2,-33.1,-46.7,-50.7,-15.2,-12.5,-18.8,6.6,-37.6,6.8,-2.2,-1.6,-26.6,-32.4,-22.5,-15.1,-20.1,-30.1,-35.6,-70.1,-64.8,4.4
2013-03,-31.9,-46.4,-22.4,-70.5,-6.1,-35.6,-52.9,-25.9,-24.8,-43.6,-10.9,-11.6,-7.0,3.5,-40.4,9.2,-3.1,-4.7,-24.1,-34.7,-22.4,-9.4,-23.0,-19.5,-33.1,-69.7,-63.8,0.2
2013-04,-3.3,-39.4,-10.6,-68.3,-28.6,-39.0,-50.8,-26.7,-25.3,-46.1,-9.6,-11.1,-12.9,-0.7,-39.8,5.8,-9.9,-5.4,-26.7,-32.7,-22.7,-12.5,-22.8,-26.2,-25.4,-72.1,-67.9,-2.5
2013-05,-19.8,-35.0,-15.6,-54.5,-26.7,-22.2,-36.2,-15.2,-20.8,-31.7,-12.8,-6.7,-15.2,-1.2,-31.0,9.6,-5.6,-4.0,-20.7,-16.6,-13.1,-9.0,-13.6,-24.3,-26.4,-65.4,-57.3,-4.6
2013-06,-4.5,-34.1,-2.8,-65.3,-12.5,-24.3,-40.1,-19.1,-2.9,-34.8,-7.1,-8.8,-16.8,0.3,-34.6,8.5,-7.4,-3.0,-25.6,-4.2,-2.5,0.8,-4.2,-11.5,-12.5,-67.9,-61.0,-4.1
2013-07,-24.2,-32.2,-1.0,-63.3,-29.8,-21.4,-45.0,-21.0,-7.1,-31.1,-3.5,-10.6,-12.3,1.9,-34.7,4.9,-9.4,-7.3,-21.9,-1.5,-4.6,-6.2,-6.0,-16.7,-19.2,-70.0,-69.0,-2.8
2013-08,-29.7,-30.2,1.0,-61.4,-34.6,-18.9,-45.7,-21.3,15.2,-22.8,-0.7,-10.7,-11.3,7.1,-31.2,6.2,-12.6,-7.7,-18.0,2.0,-7.0,-11.2,-11.8,-17.6,-19.4,-74.4,-74.1,-1.0
2013-09,11.6,-17.8,-5.0,-30.6,-35.4,-38.7,-36.6,-22.5,6.9,-30.2,-7.8,-5.3,-2.0,1.2,-26.5,11.7,-2.4,-13.6,-13.6,-12.6,-9.7,-5.4,-11.2,-23.2,-20.1,-72.4,-69.0,-3.9
2013-10,-33.4,-37.1,-13.0,-61.3,-19.2,-36.9,-40.4,-22.8,-17.8,-27.7,-9.0,-9.9,-5.3,6.3,-30.8,7.4,4.7,-7.4,-24.5,-4.8,-7.1,-9.9,-6.7,-19.5,-16.0,-65.8,-63.9,-1.1
2013-11,-24.8,-33.4,-2.3,-64.4,-13.1,-23.1,-41.4,-18.1,-8.0,-17.8,-10.2,-11.0,-12.3,4.2,-30.7,1.9,-9.4,-3.8,-18.3,-6.4,-8.1,-11.7,-6.3,-18.7,-26.2,-66.5,-62.2,-2.0
2013-12,-18.5,-39.4,-15.0,-63.8,-35.6,-20.2,-30.3,-15.0,-0.8,-10.3,-5.4,-10.6,-18.8,10.5,-31.8,10.4,-6.0,-8.4,-21.8,-2.3,-4.9,-3.5,-8.9,-14.8,-24.5,-63.0,-59.4,-8.9
2014-01,-20.7,-23.4,5.8,-52.6,-31.4,-21.7,-17.5,-11.6,0.5,-22.2,-4.5,-11.2,-7.3,9.3,-32.0,7.9,2.2,-7.5,-23.8,-5.1,2.5,7.8,4.9,-10.5,-8.5,-65.0,-59.4,-8.7
2014-02,-33.1,-23.2,11.8,-58.2,-45.8,-12.1,-10.5,-8.4,11.2,-14.2,2.5,-7.1,-3.4,6.5,-25.7,10.9,0.3,-4.9,-19.5,1.4,4.5,4.9,7.1,-4.9,-4.7,-63.2,-59.6,-2.3
2014-03,-9.5,-13.5,20.6,-47.5,-34.1,-15.4,-18.1,-10.0,17.7,-5.9,-3.6,-4.1,-7.9,4.3,-24.4,16.5,7.0,-5.8,-18.0,-0.7,4.9,16.6,-1.3,2.9,-13.0,-56.0,-51.2,7.6
2014-04,-19.7,-19.9,15.5,-55.2,-26.5,-13.1,-22.8,-9.7,9.2,-7.4,-6.8,-8.9,-9.0,9.1,-27.3,9.5,12.6,-7.0,-21.0,1.9,6.0,14.2,1.9,12.0,-8.3,-54.7,-44.3,-4.8
2014-05,-7.8,-20.3,21.8,-62.4,-30.7,-6.5,-19.2,-7.4,4.6,-12.6,-3.5,-4.9,-12.2,0.7,-25.9,12.0,5.2,-10.4,-15.1,13.9,6.5,10.2,-4.6,4.8,-13.5,-53.7,-43.3,-3.9
2014-06,-23.3,-19.1,19.2,-57.3,-26.3,13.6,-5.2,2.5,32.9,5.4,1.0,1.3,-4.1,-0.1,-20.8,24.7,4.8,-8.5,-18.9,19.6,18.4,20.3,15.5,3.7,-13.5,-49.0,-37.1,-7.9
2014-07,-23.6,-19.6,13.8,-53.0,-25.2,10.2,0.6,4.8,11.9,-0.3,-3.5,1.5,4.6,6.4,-14.7,25.5,10.9,-7.3,-12.2,18.9,19.7,16.4,23.7,6.8,-2.2,-47.1,-38.8,-7.7
2014-08,-27.7,-21.1,14.4,-56.7,-28.4,14.3,-4.9,6.6,2.4,-6.7,-10.4,0.3,1.0,6.6,-16.8,24.2,7.6,-6.6,-15.9,13.3,22.3,27.7,26.0,7.7,6.5,-51.4,-45.5,-0.1
2014-09,-35.6,-32.7,-2.7,-62.6,-25.6,-0.1,-5.6,-2.5,12.5,-10.0,1.7,-5.4,-1.2,0.3,-26.6,10.7,-3.6,-6.2,-24.3,13.7,14.8,19.2,11.5,-1.1,-2.3,-55.2,-47.5,-4.7
2014-10,-17.9,-21.2,-12.2,-30.2,-18.6,12.6,-2.6,5.0,29.5,3.0,-4.9,-0.6,-3.8,1.8,-20.6,20.5,2.1,-11.2,-17.8,13.1,15.8,18.1,16.1,3.6,0.4,-47.4,-39.4,0.0
2014-11,-15.5,-34.2,-10.4,-58.1,-3.8,12.9,8.9,10.3,21.7,13.7,-9.0,1.3,5.7,6.1,-12.0,21.9,13.5,-5.5,-14.2,21.6,21.6,22.6,20.7,5.1,1.9,-43.5,-37.4,-5.6
2014-12,-12.5,-16.6,-3.0,-30.1,-13.1,7.5,0.9,4.7,23.2,6.8,-5.7,-3.0,2.9,11.2,-15.5,17.6,13.0,-5.8,-7.9,20.1,15.3,13.4,12.4,-6.8,2.2,-47.1,-43.3,-4.0
2015-01,7.8,-29.8,-4.9,-54.8,-15.0,-0.5,-2.6,-1.0,11.8,-14.4,-0.1,-7.9,-3.0,17.0,-17.3,10.6,9.7,-11.8,-10.3,23.8,9.0,-1.3,4.6,-14.5,-3.8,-49.0,-37.9,-7.1
2015-02,-1.2,-31.9,-13.2,-50.7,-25.3,-2.2,-13.6,-3.9,4.5,-9.7,-4.2,-9.2,-2.9,10.3,-26.8,9.6,2.2,-11.8,-19.3,20.3,4.4,-5.5,-1.5,-7.1,-10.9,-35.7,-11.9,-15.8
2015-03,-13.0,-40.0,-26.1,-53.9,-23.5,-9.1,-9.1,-4.1,7.2,-11.5,-6.0,-10.2,-3.3,11.6,-28.9,10.0,8.3,-4.1,-20.5,10.8,-0.3,-8.4,-3.3,-10.6,-3.2,-32.2,-15.5,-16.6
2015-04,-27.4,-41.9,-31.3,-52.5,-16.4,-3.3,0.7,-0.6,4.3,-4.2,-0.8,-15.0,-7.2,11.8,-29.2,-4.0,2.6,-6.3,-18.8,0.0,-4.4,-5.5,-7.7,-7.7,-9.8,-42.3,-25.5,-10.5
2015-05,-41.3,-44.5,-42.8,-46.3,-18.7,-1.9,-0.3,0.2,-1.8,-8.9,-2.7,-13.0,-0.6,16.7,-27.4,5.1,-5.9,-4.3,-20.8,1.6,-10.1,-16.8,-15.1,-18.3,-14.5,-44.2,-32.5,-8.0
2015-06,-37.4,-48.0,-45.1,-50.9,-25.8,-13.4,-8.3,-3.5,-14.3,-23.8,-11.3,-14.1,-3.2,16.4,-32.0,6.3,-7.8,-2.0,-23.0,-4.2,-9.4,-11.8,-12.1,-8.9,-13.9,-46.7,-36.5,-0.9
2015-07,-38.3,-62.5,-59.0,-66.0,-23.3,-53.0,-30.0,-25.9,-12.4,-55.1,-5.2,-26.4,-26.6,16.4,-41.1,-21.6,-15.0,-6.2,-25.9,-25.7,-27.6,-32.9,-24.1,-29.2,-21.6,-52.4,-42.6,11.1
2015-08,-22.4,-67.5,-74.2,-60.9,-24.1,-65.4,-27.7,-31.0,-22.0,-64.8,-0.3,-30.2,-37.1,18.8,-43.4,-28.5,-13.8,-7.5,-24.3,-38.5,-42.8,-54.1,-35.9,-45.9,-22.4,-63.2,-58.5,34.9
2015-09,-54.4,-52.8,-32.8,-72.8,-21.7,-39.0,-33.9,-20.0,-25.5,-49.1,-12.7,-23.3,-16.4,17.0,-47.2,-5.7,-25.4,-5.6,-18.9,-18.5,-15.1,-7.3,-19.6,-7.8,-6.2,-62.0,-57.8,10.1
2015-10,-64.8,-49.4,-38.2,-60.6,-12.1,-31.3,-27.4,-15.3,-16.3,-30.4,-13.0,-19.6,-20.1,12.5,-42.6,-3.7,-26.6,-9.3,-27.9,-21.4,-14.3,-6.8,-14.8,-12.8,-18.8,-58.3,-54.8,15.8
2015-11,-32.2,-47.0,-48.9,-45.1,-27.8,-26.8,-24.5,-12.8,-7.5,-18.0,-13.0,-16.6,-11.2,14.1,-36.4,0.8,-7.9,-8.7,-18.7,-31.8,-15.4,-0.2,-14.2,-12.6,-17.3,-62.3,-59.0,16.2
2015-12,-25.9,-49.1,-36.9,-61.4,-23.3,-13.3,-18.4,-5.3,-1.3,-20.8,-15.8,-13.6,-6.2,19.3,-31.7,10.4,-5.5,-5.9,-7.9,-24.3,-16.6,-13.5,-12.0,-14.6,-18.5,-55.7,-61.6,-3.2
2016-01,-33.5,-37.9,-27.6,-48.3,-40.8,-1.4,-25.2,-3.4,13.4,-2.3,-16.4,-10.1,-7.7,13.4,-26.9,10.1,-1.0,-11.8,-13.9,-11.8,-5.3,4.4,-8.4,-12.8,-8.5,-60.5,-62.1,5.3
2016-02,-42.1,-37.5,-18.5,-56.6,-32.7,-1.4,0.6,3.2,-2.3,-3.5,-10.3,-10.2,-1.9,12.3,-31.5,13.2,-1.5,-16.7,-14.7,-28.2,-23.1,-17.1,-24.0,-16.9,-20.0,-63.8,-69.8,5.8
2016-03,-26.4,-35.9,-20.8,-51.0,-33.9,-4.7,6.1,3.0,6.1,-9.9,-7.6,-7.8,-4.3,11.8,-26.3,14.7,0.8,-13.4,-16.4,-18.6,-17.3,-16.8,-16.5,-15.9,-11.8,-67.8,-79.6,9.2
2016-04,-26.4,-45.9,-31.5,-60.2,-34.1,9.0,5.9,5.6,32.5,2.5,-1.9,-7.8,-4.0,11.3,-24.6,12.7,6.5,-10.0,-13.2,-13.4,-13.0,-9.7,-15.9,-15.1,-16.1,-67.3,-80.1,13.6
2016-05,-12.4,-39.0,-13.6,-64.4,-26.9,14.7,-0.4,5.1,24.0,1.4,-0.8,-11.6,-7.4,9.9,-24.1,-0.8,18.2,-0.2,-15.5,-12.4,-11.4,-3.5,-18.3,-10.8,-8.9,-66.5,-80.7,37.6
2016-06,-17.6,-39.8,-18.0,-61.7,-26.8,11.4,4.6,4.7,-2.6,-4.2,1.8,-9.1,-4.4,12.2,-19.3,4.3,12.6,-1.0,-16.9,-22.8,-17.5,-5.6,-24.0,-11.3,-16.0,-61.4,-73.5,28.9
2016-07,-24.0,-55.6,-38.8,-72.4,-23.1,8.4,8.9,8.2,10.6,7.8,-7.2,-7.3,-8.4,14.5,-21.1,13.6,2.6,-3.9,-18.4,-10.5,-8.3,1.8,-16.3,-7.0,-15.1,-62.9,-72.3,20.0
2016-08,-27.0,-52.5,-32.1,-72.9,-24.7,10.3,7.7,9.3,4.6,9.9,-9.9,-5.1,-9.7,13.4,-18.2,16.2,3.4,-2.4,-8.2,-5.2,-4.0,3.3,-10.1,-4.0,-13.2,-64.0,-69.6,13.5
2016-09,-26.5,-59.5,-44.2,-74.8,-22.1,27.1,21.3,15.0,-1.8,6.0,3.3,-6.2,-7.3,16.8,-14.4,12.6,8.8,-0.1,-5.5,-5.8,-6.9,-7.4,-7.5,-9.0,-13.3,-59.9,-65.3,9.1
2016-10,-38.4,-67.1,-59.1,-75.1,-34.5,23.6,15.8,10.7,11.3,4.6,7.2,-4.7,0.3,13.7,-17.8,17.3,10.5,1.3,-9.9,2.8,1.3,1.7,-0.7,-5.2,-6.9,-58.5,-61.5,6.1
2016-11,-35.0,-53.8,-42.5,-65.0,-32.8,14.1,19.9,10.9,6.0,7.2,1.4,-7.8,-5.6,16.2,-20.5,13.3,-2.0,-0.4,-8.8,3.0,3.5,5.4,2.0,-0.9,-2.6,-62.5,-66.7,11.3
2016-12,-25.0,-44.0,-38.1,-50.0,-27.3,23.2,16.8,9.8,10.8,-7.7,10.6,-5.7,-7.0,6.7,-21.4,10.9,-1.4,-2.2,-9.8,-4.1,-3.1,-2.7,-2.5,-5.9,-6.6,-59.5,-61.8,21.9
2017-01,-24.8,-45.3,-50.0,-40.6,-36.3,32.1,20.6,12.9,46.1,8.6,14.0,-5.0,-1.9,5.8,-21.8,12.5,0.3,2.0,-4.7,-1.3,-3.2,-2.7,-5.5,-2.0,-6.5,-61.8,-67.2,28.3
2017-02,-33.2,-59.7,-51.3,-68.1,-31.4,9.7,4.5,1.9,11.9,-5.7,8.5,-5.1,5.7,14.0,-22.7,21.4,2.2,1.9,-3.0,0.8,1.9,5.5,-0.5,-2.8,-2.4,-67.7,-78.3,30.9
2017-03,-15.2,-49.8,-49.7,-49.9,-32.2,12.8,3.9,2.7,22.0,-1.6,8.7,-6.7,2.7,12.3,-20.9,13.2,3.2,-0.7,-7.2,6.3,6.6,4.3,9.1,-7.5,-0.9,-71.8,-80.1,25.8
2017-04,-13.1,-53.5,-49.6,-57.3,-22.8,4.6,1.0,3.0,18.1,5.3,-3.5,-5.6,-2.0,10.1,-23.6,16.8,7.2,0.9,-10.1,11.8,8.9,9.8,5.2,-1.2,2.3,-64.4,-74.7,20.2
2017-05,-27.5,-67.4,-63.8,-70.9,-8.6,9.4,-7.1,1.5,18.7,5.9,-2.2,-10.4,3.7,11.7,-28.5,9.2,12.6,-2.3,-11.0,10.1,11.5,10.1,14.1,1.3,5.2,-65.0,-73.6,11.6
2017-06,-35.0,-55.6,-50.9,-60.3,-28.9,0.3,-8.4,-3.4,19.9,-0.8,2.1,-7.3,8.3,13.5,-24.5,16.1,6.4,-4.2,-1.2,9.4,9.0,9.0,8.7,-1.4,9.7,-65.9,-74.9,15.4
2017-07,-25.2,-39.7,-37.5,-41.8,-30.5,12.3,-9.2,-1.3,22.6,1.3,7.0,-2.7,12.1,14.4,-16.1,22.5,16.0,-1.5,3.4,21.9,17.4,16.7,13.4,2.5,9.8,-60.2,-65.7,8.8
2017-08,-33.1,-49.2,-47.9,-50.6,-31.8,13.3,-14.7,-3.6,8.4,-0.5,9.4,-3.7,14.3,13.5,-16.2,18.6,14.0,1.3,0.1,28.9,22.9,20.2,19.5,7.5,9.7,-52.8,-54.0,2.2
2017-09,-24.8,-36.9,-30.2,-43.6,-12.9,3.5,-2.7,0.0,20.0,6.8,0.8,-0.7,-5.5,10.2,-10.7,18.7,22.8,3.7,1.3,22.8,15.3,6.3,16.8,3.8,9.1,-49.2,-48.5,8.1
2017-10,-29.0,-44.7,-29.6,-59.7,-18.1,11.5,0.0,2.0,12.5,-4.8,5.5,-4.7,-3.8,12.0,-15.9,13.7,16.3,-2.3,-4.7,17.6,14.4,11.3,14.4,0.0,14.8,-50.0,-51.2,7.1
2017-11,-45.2,-59.3,-54.8,-63.8,-22.7,7.9,4.0,2.3,9.8,-6.8,4.8,-3.9,0.4,11.3,-18.5,18.2,8.1,2.4,-8.1,12.2,13.6,18.7,10.0,1.2,14.0,-49.4,-48.4,8.6
2017-12,-46.6,-58.3,-38.6,-78.0,-29.0,12.3,-7.4,-0.4,9.8,-7.0,6.1,0.2,4.8,7.5,-14.3,22.5,4.7,1.9,-11.8,14.5,13.4,14.3,11.3,1.7,12.1,-48.0,-42.5,13.3
2018-01,-41.9,-50.4,-30.3,-70.4,-30.0,17.6,-1.5,1.8,13.0,2.0,10.8,1.2,8.8,3.8,-15.8,23.2,2.0,1.2,-2.7,9.8,8.9,9.9,6.9,8.0,5.0,-47.8,-46.5,9.4
2018-02,-34.3,-45.1,-32.9,-57.4,-23.3,21.2,-5.1,2.8,15.4,6.6,7.9,4.2,1.9,4.2,-4.8,21.7,10.6,3.0,-0.4,20.1,18.9,22.8,13.8,15.1,7.0,-49.6,-51.0,9.8
2018-03,-33.8,-55.0,-42.5,-67.5,-30.0,20.9,-8.7,2.2,13.3,16.0,5.8,-3.3,-0.3,10.2,-13.0,13.1,12.6,-2.8,-9.4,19.2,17.7,19.7,14.3,12.3,5.2,-52.1,-51.5,9.4
2018-04,-40.6,-54.7,-49.9,-59.5,-20.4,16.0,9.5,10.4,10.7,5.8,-5.7,-1.2,11.5,5.0,-13.2,14.6,18.8,0.1,-12.6,27.2,23.6,28.3,15.5,24.1,10.0,-48.5,-44.4,9.1
2018-05,-44.3,-39.0,-24.5,-53.5,-23.6,10.4,16.5,6.4,-1.4,1.3,7.6,-1.5,-1.4,1.9,-20.7,18.2,2.5,-4.5,-9.3,25.5,25.1,24.6,25.3,21.7,17.4,-48.6,-47.5,3.7
2018-06,-44.3,-47.8,-39.5,-56.0,-16.9,9.9,3.1,2.6,-6.2,3.2,5.1,-1.6,2.6,4.6,-18.2,17.8,10.8,-0.1,-6.6,20.8,21.0,22.7,19.6,10.9,16.7,-48.9,-52.6,10.6
2018-07,-20.2,-45.8,-28.8,-62.7,-22.3,34.2,20.2,14.9,5.1,19.2,9.6,5.4,8.2,2.8,-9.9,28.7,12.0,5.5,3.9,19.3,15.9,16.2,12.2,7.8,14.4,-46.5,-46.4,10.4
2018-08,-31.1,-45.1,-24.9,-65.3,-23.0,37.0,29.9,19.7,11.1,22.9,7.8,6.3,10.6,3.8,-6.3,29.0,11.1,7.3,4.2,16.9,11.9,9.7,9.0,4.9,8.9,-45.0,-42.0,-4.2
2018-09,-44.7,-54.5,-50.7,-58.3,-42.2,41.9,18.7,21.0,39.4,32.6,-2.5,0.3,2.4,12.7,-8.9,22.4,9.1,5.1,-5.0,14.7,10.5,4.2,12.7,-0.6,7.6,-42.7,-40.5,-0.4
2018-10,-26.1,-51.4,-43.2,-59.5,-29.4,30.5,21.7,16.4,19.5,22.1,3.0,-3.4,4.0,11.4,-13.7,14.9,15.7,4.4,-11.7,11.2,10.7,9.8,11.2,7.0,8.0,-34.1,-32.5,1.0
2018-11,-29.1,-43.1,-23.3,-63.0,-23.8,25.6,13.2,10.0,12.6,10.2,8.8,-3.2,4.9,9.8,-15.2,15.4,13.3,6.6,-11.7,11.6,11.1,10.3,11.4,10.9,9.3,-32.7,-29.9,4.1
2018-12,-33.3,-53.1,-33.4,-72.8,-14.8,35.3,24.6,18.4,10.7,22.9,4.6,-5.0,5.4,8.2,-18.3,11.6,5.2,3.1,-20.3,11.4,11.4,11.3,11.5,13.9,13.9,-31.0,-24.1,8.2
2019-01,-43.1,-51.3,-34.9,-67.6,-27.2,28.2,38.9,23.0,13.5,19.8,-1.8,-4.6,7.0,9.0,-19.6,14.9,5.4,2.8,-20.9,-2.0,-1.6,0.2,-3.1,3.9,6.1,-28.3,-24.6,5.0
2019-02,-30.4,-61.3,-45.9,-76.8,-19.7,19.8,17.5,13.3,24.1,22.9,-2.5,-1.2,11.0,7.2,-16.5,20.0,4.0,7.4,-16.8,5.4,6.1,7.5,5.3,5.3,8.0,-33.3,-28.8,7.5
2019-03,-23.7,-48.0,-26.4,-69.6,-20.4,17.6,11.4,7.4,22.1,12.9,6.6,-2.3,-4.1,9.5,-14.1,16.7,9.0,7.1,-16.1,8.8,10.5,13.3,9.4,16.0,17.4,-31.6,-25.0,5.7
2019-04,-9.2,-49.5,-25.5,-73.5,-18.6,20.5,-6.9,1.4,16.2,-4.5,9.3,-0.9,5.5,13.3,-12.6,23.2,9.8,3.8,-13.0,2.6,5.6,12.4,1.8,13.5,10.1,-30.9,-24.7,7.1
2019-05,-18.7,-53.6,-34.0,-73.2,-27.2,9.5,2.1,-0.7,17.3,4.5,13.8,-0.2,6.8,13.3,-10.4,23.1,11.6,1.9,-10.4,2.2,7.3,16.7,2.9,21.5,8.2,-29.5,-22.2,4.4
2019-06,-13.0,-55.5,-39.5,-71.4,-17.4,23.5,14.0,9.2,18.8,19.0,9.9,-0.6,5.2,13.8,-11.3,23.2,15.5,-0.8,-7.7,5.0,7.9,15.1,3.6,17.1,12.4,-27.8,-18.3,-6.6
2019-07,-28.5,-48.1,-33.4,-62.9,-5.6,32.2,19.1,13.7,17.9,34.1,10.3,1.7,0.5,14.2,-7.8,27.2,11.7,0.9,-13.0,21.9,22.1,25.6,18.8,24.4,12.2,-20.2,0.1,-7.8
2019-08,-34.0,-52.3,-37.2,-67.4,-1.5,37.4,31.7,22.6,21.4,38.7,1.3,0.6,1.0,10.7,-13.2,25.7,9.2,2.5,-16.4,29.3,28.8,30.2,26.9,29.8,16.7,-8.2,12.3,-21.8
2019-09,-21.3,-56.2,-43.8,-68.5,-4.2,51.2,48.0,32.9,23.8,28.3,0.5,1.0,-6.1,12.5,-11.8,27.2,11.3,-6.2,-14.5,21.3,20.2,25.8,13.6,17.7,16.6,-6.8,16.1,-15.2
2019-10,-7.3,-50.4,-36.1,-64.6,-12.6,50.4,38.6,26.3,18.0,26.5,10.1,1.9,-4.7,10.8,-7.1,23.4,19.8,-1.3,-6.3,15.8,15.4,20.7,9.7,14.6,14.1,-8.4,10.2,-11.7
2019-11,-17.5,-51.7,-32.5,-70.9,-7.3,44.4,35.7,25.0,26.3,33.0,5.2,1.4,8.4,11.2,-9.1,24.5,17.9,-0.1,-7.5,16.3,17.8,21.7,15.3,15.4,12.4,-6.8,15.8,-16.4
2019-12,6.2,-24.2,-12.3,-36.1,-3.4,38.1,39.1,22.0,26.8,32.5,11.1,2.0,11.9,12.3,-9.1,27.4,23.8,1.5,-4.8,25.0,29.1,35.3,26.9,26.1,14.4,-6.2,15.3,-15.6
2020-01,-21.3,-32.1,-33.0,-31.3,-12.0,45.3,36.4,21.5,20.0,30.2,17.3,2.7,7.3,12.5,-12.2,32.9,12.9,1.0,-3.0,22.9,25.2,27.1,25.5,23.4,13.7,-10.0,9.4,-13.6
2020-02,-11.0,-31.3,-25.3,-37.2,-14.0,47.4,42.5,27.5,6.2,32.0,7.3,4.5,8.6,6.6,-10.2,30.3,12.0,-2.3,-5.9,30.0,33.6,35.8,34.8,27.5,21.5,-4.8,14.1,-9.6
2020-03,-3.5,-30.5,-23.5,-37.4,-8.5,39.7,42.7,21.3,23.6,36.2,18.3,3.1,19.3,10.4,-5.6,25.3,20.6,1.1,-5.4,23.5,26.6,23.4,33.0,23.1,21.7,-16.5,-9.1,2.4
2020-04,-9.4,-76.3,-75.8,-76.7,-20.0,0.9,37.4,3.2,19.2,3.9,28.6,-5.6,5.2,9.5,-7.4,0.2,10.8,-0.8,-5.9,3.4,1.1,-15.2,15.2,-3.4,13.2,-32.6,-42.0,2.4
2020-05,-12.2,-76.1,-74.2,-78.0,-22.4,-31.0,-5.7,-22.4,18.8,-20.1,30.7,-15.4,-4.7,14.1,-28.5,-3.7,-7.3,-9.6,-22.6,-47.7,-40.3,-34.1,-39.1,-22.7,-23.8,-33.0,-43.2,-6.1
2020-06,-44.4,-55.8,-45.8,-65.8,-32.5,13.1,-20.3,-6.2,21.2,2.5,11.3,-18.1,-2.4,18.1,-40.3,4.2,-30.8,-10.7,-29.0,-57.8,-46.8,-32.9,-49.8,-19.2,-20.5,-27.7,-26.6,-11.9
2020-07,-44.0,-31.7,-16.8,-46.7,-17.4,-4.1,-25.0,-18.3,31.1,-17.0,25.9,-13.3,-8.6,16.9,-38.8,15.8,-26.9,-12.1,-30.8,-48.6,-34.2,-12.6,-41.3,-4.1,-20.9,-34.7,-38.2,-7.4
2020-08,-54.9,-40.9,-27.4,-54.4,-21.0,-5.6,-26.5,-20.3,39.2,-11.4,28.7,-15.5,-10.6,16.3,-44.8,14.6,-28.8,-15.1,-37.7,-44.8,-28.8,-5.1,-36.5,-0.2,-20.4,-35.0,-37.3,-6.4
2020-09,-38.8,-52.1,-48.0,-56.2,-9.1,-14.7,-18.1,-21.1,23.5,10.0,30.4,-18.1,4.2,13.8,-41.8,1.2,-14.1,-12.2,-28.3,-44.4,-26.9,-1.5,-34.7,1.0,-18.7,-41.0,-48.6,-6.9
2020-10,-59.9,-46.6,-15.1,-78.1,-6.9,-13.9,-4.8,-15.3,27.5,-3.0,27.3,-9.0,0.3,14.3,-25.1,12.5,1.9,-2.3,-2.0,-36.3,-25.6,-8.7,-31.8,1.4,-13.0,-45.5,-51.1,-10.4
2020-11,-22.1,-31.0,-14.3,-47.7,-23.7,-20.5,-10.6,-14.3,25.6,-22.8,11.7,-12.4,2.9,13.7,-25.4,1.8,4.3,-0.4,-7.0,-34.4,-28.8,-21.3,-30.9,-3.1,-14.4,-48.3,-64.8,-8.4
2020-12,-38.1,-44.0,-17.5,-70.4,-15.2,-34.5,-28.8,-22.1,22.5,-33.1,3.0,-10.3,5.5,14.3,-26.3,9.7,-7.1,2.8,-15.6,-38.1,-30.4,-19.8,-33.4,-4.3,-11.0,-44.7,-60.5,-8.8
2021-01,-18.4,-25.5,-14.0,-37.1,-4.9,-19.1,-27.3,-18.9,10.2,-8.9,10.2,-10.0,-6.9,25.3,-20.3,15.4,-3.2,6.6,-14.7,-37.1,-28.3,-14.3,-33.5,12.0,1.0,-43.2,-61.7,-9.6
2021-02,-22.7,-16.8,-7.6,-26.1,-6.6,10.1,-22.1,-10.1,18.5,-9.8,18.5,-10.6,-10.7,21.7,-20.2,10.2,5.0,6.0,-5.0,-27.2,-22.6,-14.8,-25.9,12.1,-4.6,-46.2,-66.0,-13.8
2021-03,-65.7,-12.2,-2.3,-22.1,-1.0,8.8,-5.0,-1.3,27.6,4.3,7.7,-7.5,0.7,10.2,-19.7,7.4,-0.7,10.1,-4.5,-29.1,-18.2,1.0,-26.5,9.5,-2.1,-39.5,-47.6,-14.1
2021-04,-78.2,5.1,16.3,-6.2,2.8,29.2,-10.7,3.2,8.7,18.2,8.9,-5.8,5.9,14.2,-21.2,18.0,-0.7,19.2,-9.9,-29.6,-17.6,1.2,-24.4,3.9,-1.7,-34.6,-41.3,-16.0
2021-05,-22.5,-2.1,25.9,-30.2,-1.3,23.7,-1.8,5.0,22.3,9.8,6.7,7.1,12.2,11.1,-2.1,34.5,17.6,30.9,6.3,-1.1,13.1,37.0,3.4,7.1,4.1,-22.2,-18.7,-10.7
2021-06,-10.1,-6.3,11.6,-24.1,5.9,-0.4,13.3,2.8,21.0,21.3,4.5,3.0,7.3,11.9,-2.3,23.1,18.3,30.9,2.4,22.1,27.5,43.9,16.4,16.0,13.5,-25.6,-28.1,-6.5
2021-07,3.6,0.4,23.4,-22.5,9.7,17.5,12.8,10.8,20.9,21.3,-2.2,7.4,10.7,2.2,-0.4,24.7,19.5,27.4,3.3,11.4,25.4,39.9,24.7,22.2,15.0,-32.9,-44.2,-3.4
2021-08,10.3,-1.2,24.9,-27.4,7.2,18.7,6.9,9.3,12.7,18.6,-2.3,10.5,12.7,-3.1,2.1,26.3,23.7,32.2,-1.1,19.9,26.0,26.5,31.6,12.0,19.3,-35.1,-46.5,5.8
2021-09,-2.7,12.3,50.0,-25.4,-5.5,0.8,5.1,2.1,7.6,10.9,-0.3,3.3,13.4,6.6,-3.4,19.8,15.9,31.5,-3.1,34.9,34.5,36.9,31.7,23.4,20.5,-38.3,-48.6,30.3
2021-10,19.9,6.8,38.5,-24.9,29.3,32.8,12.7,17.3,31.6,29.1,-6.4,8.6,18.6,3.8,4.4,25.0,18.4,36.1,2.9,43.2,40.5,43.1,35.2,25.6,20.9,-44.7,-49.6,46.6
2021-11,30.4,1.4,32.3,-29.5,12.0,29.2,2.6,9.7,14.8,19.6,2.6,9.3,6.3,4.9,4.0,28.9,20.8,42.0,0.6,47.8,46.3,40.6,50.4,24.9,33.1,-40.8,-45.0,40.2
2021-12,5.4,-7.0,8.0,-22.0,-10.7,35.5,21.1,19.2,36.9,33.4,-0.9,7.5,16.2,9.8,8.8,23.6,22.6,40.4,7.5,47.3,37.5,41.3,23.8,24.7,20.7,-43.2,-49.5,27.0
2022-01,-14.5,-14.8,24.2,-53.8,19.0,21.2,0.9,11.3,24.0,16.3,-11.9,13.2,19.7,-2.6,12.0,24.9,21.4,42.2,8.6,46.2,39.4,41.3,30.7,18.2,26.2,-42.2,-48.5,36.4
