country,FIN,FIN,FIN,FIN,FIN,FIN,FIN,FIN,FIN,FIN,FIN,FIN,FIN,FIN,FIN,FIN,FIN,FIN,FIN,FIN,FIN,FIN,FIN,FIN,FIN,FIN,FIN,FIN
subject,BCBUTE,BCCI,BCEMFT,BCOBLV,BCSPFT,BRBUFT,BRBUTE,BRCI,BREMFT,BRODFT,BRVSLV,BSCI,BSEMFT,BSFGLV,BSOBLV,BSPRFT,BSPRTE,BSSPFT,BSXRLV,BVBUTE,BVCI,BVDEFT,BVDETE,BVEMFT,BVEMTE,CSCICP02,CSESFT,CSINFT
measure,BLSA,BLSA,BLSA,BLSA,BLSA,BLSA,BLSA,BLSA,BLSA,BLSA,BLSA,BLSA,BLSA,BLSA,BLSA,BLSA,BLSA,BLSA,BLSA,BLSA,BLSA,BLSA,BLSA,BLSA,BLSA,BLSA,BLSA,BLSA
unit,,,,,,,,,,,,,,,,,,,,,,,,,,,,
powercode,Units,Units,Units,Units,Units,Units,Units,Units,Units,Units,Units,Units,Units,Units,Units,Units,Units,Units,Units,Units,Units,Units,Units,Units,Units,Units,Units,Units
reference_period,,,,,,,,,,,,,,,,,,,,,,,,,,,,
time,,,,,,,,,,,,,,,,,,,,,,,,,,,,
1985-01,-9.0,-8.3,12.2,-28.8,-44.3,,,,,,,,-14.8,,-6.7,1.8,5.2,-22.4,,,,,,,,,,
1985-02,-8.2,-10.6,9.1,-30.3,-43.9,,,,,,,,-15.5,,-9.0,1.9,5.2,-21.9,,,,,,,,,,
1985-03,-8.9,-11.0,6.4,-28.3,-43.2,,,,,,,,-15.5,,-9.6,2.2,5.3,-21.2,,,,,,,,,,
1985-04,0.8,-13.5,1.7,-28.7,-46.0,,,,,,,,-20.9,,-19.7,-2.3,5.0,-27.9,,,,,,,,,,
1985-05,-3.0,-15.6,0.1,-31.3,-45.6,,,,,,,,-20.9,,-20.1,-2.0,5.1,-27.0,,,,,,,,,,
1985-06,-4.0,-17.7,-0.7,-34.8,-45.8,,,,,,,,-20.8,,-20.2,-1.8,5.2,-26.1,,,,,,,,,,
1985-07,-3.2,-29.3,-21.1,-37.5,-38.8,,,,,,,,-23.2,,-30.6,0.8,-1.2,-34.0,,,,,,,,,,
1985-08,-5.7,-28.2,-21.5,-35.0,-37.9,,,,,,,,-23.1,,-30.8,1.0,-1.0,-32.9,,,,,,,,,,
1985-09,-6.9,-28.2,-22.2,-34.3,-35.4,,,,,,,,-22.9,,-29.6,1.3,-1.4,-31.9,,,,,,,,,,
1985-10,-1.9,-16.7,2.5,-35.9,-49.0,,,,,,,,-24.0,,-28.4,0.7,-7.7,-23.8,,,,,,,,,,
1985-11,-1.3,-17.0,1.6,-35.7,-47.0,,,,,,,,-23.8,,-28.5,1.0,-8.9,-22.8,,,,,,,,,,
1985-12,-0.8,-17.0,0.9,-35.0,-45.7,,,,,,,,-23.6,,-26.5,1.2,-7.3,-21.8,,,,,,,,,,
1986-01,5.0,-16.5,-0.2,-32.8,-28.6,,,,,,,,-25.8,,-17.6,1.2,2.8,-37.3,,,,,,,,,,
1986-02,5.8,-18.9,-3.6,-34.3,-28.9,,,,,,,,-26.5,,-20.0,1.4,4.2,-36.9,,,,,,,,,,
1986-03,5.1,-19.4,-6.5,-32.3,-28.5,,,,,,,,-26.4,,-20.6,1.6,3.2,-36.2,,,,,,,,,,
1986-04,-23.1,5.2,24.1,-13.7,-17.4,,,,,,,,-23.1,,-13.8,9.7,7.0,-25.9,,,,,,,,,,
1986-05,-27.1,3.0,22.4,-16.3,-15.8,,,,,,,,-23.0,,-14.1,9.9,6.1,-25.1,,,,,,,,,,
1986-06,-28.2,0.9,21.5,-19.8,-14.3,,,,,,,,-22.8,,-14.2,10.3,7.0,-24.1,,,,,,,,,,
1986-07,42.6,-11.6,14.3,-37.5,-11.2,,,,,,,,-17.5,,-14.7,7.8,16.2,-21.0,,,,,,,,,,
1986-08,40.3,-10.5,13.9,-35.0,-9.4,,,,,,,,-17.3,,-14.9,8.0,16.4,-20.0,,,,,,,,,,
1986-09,39.1,-10.4,13.4,-34.3,-8.2,,,,,,,,-17.1,,-13.6,8.2,16.4,-19.0,,,,,,,,,,
1986-10,6.1,-14.5,-3.1,-25.9,-2.9,,,,,,,,-23.0,,-14.4,7.2,16.5,-12.8,,,,,,,,,,
1986-11,6.8,-14.8,-3.9,-25.7,-1.7,,,,,,,,-22.8,,-14.5,7.5,17.3,-11.9,,,,,,,,,,
1986-12,7.4,-14.8,-4.6,-25.0,-0.7,,,,,,,,-22.6,,-12.4,7.6,16.3,-9.9,,,,,,,,,,
1987-01,3.5,15.7,46.1,-14.8,-1.7,,,,,,,,-11.9,,0.5,16.0,11.9,11.5,,,,,,,,,,
1987-02,4.3,13.1,42.5,-16.3,0.1,,,,,,,,-12.3,,-1.9,16.1,9.9,12.1,,,,,,,,,,
1987-03,3.5,12.5,39.3,-14.3,2.1,,,,,,,,-12.3,,-2.5,16.2,12.5,12.7,,,,,,,,,,
1987-04,31.9,-3.0,4.6,-10.7,-4.7,,,,,,,,-14.0,,5.3,14.3,24.7,14.5,,,,,,,,,,
1987-05,27.3,-5.2,2.8,-13.3,-3.3,,,,,,,,-13.9,,4.9,14.4,27.8,15.5,,,,,,,,,,
1987-06,26.0,-7.4,1.9,-16.8,-2.1,,,,,,,,-13.8,,4.9,14.8,24.5,16.6,,,,,,,,,,
1987-07,23.0,4.8,4.1,5.5,4.2,,,,,,,,-19.3,,7.2,12.4,17.4,20.1,,,,,,,,,,
1987-08,21.3,5.8,3.7,8.0,5.0,,,,,,,,-19.1,,7.0,12.6,13.4,21.2,,,,,,,,,,
1987-09,20.7,5.9,3.2,8.7,6.9,,,,,,,,-18.9,,8.3,12.6,17.2,22.4,,,,,,,,,,
1987-10,1.6,-7.3,-28.6,14.1,6.6,,,,,,,,-11.0,,12.5,8.4,26.1,14.5,,,,,,,,,,
1987-11,2.6,-7.6,-29.5,14.3,7.8,,,,,,,,-10.8,,12.4,8.6,29.9,15.6,,,,,,,,7.0,-1.6,
1987-12,3.4,-7.6,-30.3,15.0,8.4,,,,,,,,-10.6,,14.5,8.7,26.1,16.6,,,,,,,,6.0,-1.6,
1988-01,-2.3,-3.8,0.1,-7.8,25.7,,,,,,,,-18.9,,17.6,14.0,9.5,29.5,,,,,,,,6.0,-1.6,
1988-02,-1.3,-6.2,-3.1,-9.3,26.0,,,,,,,,-19.0,,15.2,13.9,5.8,29.8,,,,,,,,6.0,-1.6,
1988-03,-2.3,-6.7,-6.1,-7.3,26.8,,,,,,,,-19.2,,14.5,13.7,9.4,30.6,,,,,,,,5.0,-1.6,
1988-04,22.6,-1.3,2.0,-4.6,29.7,,,,,,,,-14.5,,16.3,10.7,18.1,32.3,,,,,,,,5.0,-1.6,
1988-05,17.2,-3.5,0.3,-7.3,31.5,,,,,,,,-14.4,,15.9,10.7,21.0,33.3,,,,,,,,3.0,-5.0,
1988-06,15.7,-5.5,-0.3,-10.8,32.5,,,,,,,,-14.2,,15.9,10.9,18.0,34.3,,,,,,,,3.0,-5.0,
1988-07,12.7,1.5,-1.5,4.5,34.7,,,,,,,,-6.4,,27.2,20.3,17.1,38.5,,,,,,,,2.0,-5.0,
1988-08,11.7,2.6,-1.8,7.0,36.1,,,,,,,,-6.0,,26.9,20.2,13.6,39.7,,,,,,,,2.0,-5.0,
1988-09,11.6,2.7,-2.3,7.7,37.8,,,,,,,,-5.6,,28.3,20.0,16.2,41.0,,,,,,,,2.0,-5.0,
1988-10,28.7,2.3,7.4,-2.9,32.2,,,,,,,,-4.5,,17.5,16.4,26.3,38.6,,,,,,,,1.0,-5.0,
1988-11,30.1,1.8,6.3,-2.7,32.7,,,,,,,,-4.1,,17.3,16.4,28.3,39.5,,,,,,,,9.0,-1.0,
1988-12,31.2,1.7,5.4,-2.0,31.9,,,,,,,,-3.7,,19.5,16.5,26.1,40.2,,,,,,,,8.0,-1.0,
1989-01,-37.7,4.6,36.0,-26.8,45.4,,,,,,,,-3.9,,21.8,5.0,19.8,28.5,,,,,,,,8.0,-1.0,
1989-02,-36.4,2.4,33.2,-28.4,45.2,,,,,,,,-3.5,,19.2,4.9,18.2,29.1,,,,,,,,7.0,-1.0,
1989-03,-37.7,2.0,30.3,-26.3,46.3,,,,,,,,-3.1,,18.5,4.2,19.4,29.8,,,,,,,,6.0,-1.0,
1989-04,44.8,21.6,10.7,32.4,29.5,,,,,,,,-0.2,,14.4,12.2,21.9,15.6,,,,,,,,6.0,-1.0,
1989-05,38.6,19.3,8.9,29.8,31.3,,,,,,,,0.3,,14.0,11.9,22.3,16.0,,,,,,,,1.0,-4.1,
1989-06,36.8,17.3,8.3,26.2,32.1,,,,,,,,1.1,,13.9,12.4,21.4,16.4,,,,,,,,1.0,-4.1,
1989-07,12.5,20.6,17.8,23.4,35.8,,,,,,,,-5.9,,12.2,12.3,21.7,23.6,,,,,,,,0.0,-4.1,
1989-08,12.1,21.8,17.5,26.0,35.2,,,,,,,,-5.8,,11.9,12.0,19.9,24.5,,,,,,,,0.0,-4.1,
1989-09,12.5,21.8,17.0,26.7,35.3,,,,,,,,-5.7,,13.3,11.5,20.2,25.6,,,,,,,,0.0,-4.1,
1989-10,2.8,17.4,-8.4,43.1,-20.2,,,,,,,,-8.5,,2.4,4.2,14.8,24.2,,,,,,,,-1.0,-4.1,
1989-11,4.7,16.8,-9.7,43.4,-20.3,,,,,,,,-8.3,,2.2,4.2,14.4,24.9,,,,,,,,-10.0,-14.5,
1989-12,6.0,16.7,-10.7,44.1,-20.2,,,,,,,,-8.1,,4.4,4.2,14.1,25.8,,,,,,,,-11.0,-14.5,
1990-01,6.7,-15.8,-27.8,-3.8,-14.7,,,,,,,,-7.5,,5.0,8.3,7.0,5.1,,,,,,,,-11.0,-14.5,
1990-02,8.1,-17.9,-30.3,-5.5,-15.3,,,,,,,,-7.6,,2.3,7.8,6.7,5.0,,,,,,,,-11.0,-14.5,
1990-03,6.5,-18.5,-33.6,-3.4,-16.4,,,,,,,,-7.6,,1.5,7.0,6.7,5.0,,,,,,,,-12.0,-14.5,
1990-04,-7.2,-17.1,-21.7,-12.5,-8.8,,,,,,,,-11.6,,-13.6,-8.7,1.9,-5.7,,,,,,,,-12.0,-14.5,
1990-05,-14.0,-19.5,-23.8,-15.3,-9.2,,,,,,,,-11.6,,-14.1,-8.7,1.7,-6.2,,,,,,,,-6.0,-7.2,
1990-06,-15.6,-21.5,-24.0,-18.9,-9.6,,,,,,,,-11.6,,-14.1,-7.3,0.7,-6.6,,,,,,,,-7.0,-7.2,
1990-07,-26.0,-36.1,-47.6,-24.6,-17.7,,,,,,,,-31.0,,-22.9,-10.1,-2.8,-10.2,,,,,,,,-7.0,-7.2,
1990-08,-25.6,-34.7,-47.5,-22.0,-17.0,,,,,,,,-31.9,,-23.2,-10.1,-6.3,-10.4,,,,,,,,-7.0,-7.2,
1990-09,-24.5,-34.6,-48.0,-21.2,-16.6,,,,,,,,-32.8,,-21.7,-10.7,-4.6,-10.5,,,,,,,,-8.0,-7.2,
1990-10,-53.2,-44.8,-54.8,-34.8,-27.1,,,,,,,,-43.1,,-28.7,-18.0,-4.6,-14.2,,,,,,,,-8.0,-7.2,
1990-11,-50.6,-45.4,-56.2,-34.5,-27.7,,,,,,,,-44.3,,-29.0,-17.6,-3.3,-14.1,,,,,,,,-13.0,-24.8,
1990-12,-48.9,-45.6,-57.3,-33.8,-29.0,,,,,,,,-45.4,,-26.6,-16.9,-5.4,-13.9,,,,,,,,-14.0,-24.8,
1991-01,-81.8,-66.6,-69.2,-63.9,-25.9,,,,,,,,-46.9,,-42.8,-13.8,-24.8,-17.4,,,,,,,,-14.0,-24.8,
1991-02,-80.1,-68.5,-71.5,-65.5,-26.7,,,,,,,,-47.7,,-45.6,-14.2,-26.6,-17.7,,,,,,,,-15.0,-24.8,
1991-03,-82.2,-69.1,-74.9,-63.4,-26.4,,,,,,,,-48.4,,-46.4,-15.3,-24.9,-17.9,,,,,,,,-15.0,-24.8,
1991-04,-66.1,-97.8,-95.2,-100.5,-40.4,,,,,,,,-58.4,,-57.6,-26.7,-23.2,-21.1,,,,,,,,-16.0,-24.8,
1991-05,-73.5,-100.2,-97.1,-103.3,-39.6,,,,,,,,-59.4,,-58.1,-26.1,-22.7,-21.3,,,,,,,,-14.0,-2.4,
1991-06,-74.7,-101.9,-96.8,-107.0,-38.9,,,,,,,,-60.2,,-58.1,-22.7,-24.2,-20.4,,,,,,,,-15.0,-2.4,
1991-07,-90.7,-101.4,-89.1,-113.6,-36.1,,,,,,,,-57.2,,-63.9,-12.4,-17.2,-25.1,,,,,,,,-15.0,-2.4,
1991-08,-89.1,-99.7,-88.4,-111.0,-37.2,,,,,,,,-58.0,,-64.2,-11.8,-21.9,-25.8,,,,,,,,-15.0,-4.4,
1991-09,-87.0,-99.4,-88.5,-110.2,-38.1,,,,,,,,-58.7,,-62.6,-12.4,-19.9,-26.1,,,,,,,,-15.0,-4.4,
1991-10,-77.5,-84.2,-59.6,-108.7,-24.4,,,,,,,,-54.8,,-55.9,-10.3,1.5,12.3,,,,,,,,-15.0,-4.4,
1991-11,-74.0,-84.8,-61.1,-108.5,-24.5,,,,,,,,-55.3,,-56.1,-8.9,1.2,13.8,,,,,,,,-10.0,8.2,
1991-12,-71.6,-84.9,-62.0,-107.7,-24.0,,,,,,,,-55.8,,-53.5,-7.0,1.2,15.4,,,,,,,,-10.0,8.2,
1992-01,-72.1,-76.7,-54.5,-99.0,-27.2,,,,,,,,-51.7,,-31.5,10.5,17.5,11.1,,,,,,,,-10.0,8.2,
1992-02,-69.7,-78.6,-56.6,-100.6,-25.2,,,,,,,,-52.0,,-34.5,10.0,18.5,11.6,,,,,,,,-6.0,14.5,
1992-03,-72.2,-79.3,-60.2,-98.4,-23.1,,,,,,,,-52.3,,-35.3,8.1,18.1,12.1,,,,,,,,-6.0,14.5,
1992-04,-73.8,-96.8,-85.1,-108.5,-25.5,,,,,,,,-49.5,,-28.7,-1.3,18.8,17.9,,,,,,,,-7.0,14.5,
1992-05,-81.9,-99.1,-87.0,-111.3,-24.4,,,,,,,,-49.8,,-29.2,-0.2,18.4,18.4,,,,,,,,-7.0,13.0,
1992-06,-82.8,-100.4,-85.8,-115.1,-23.6,,,,,,,,-49.9,,-29.2,7.1,17.1,18.5,,,,,,,,-8.0,13.0,
1992-07,-71.7,-101.8,-87.8,-115.7,-11.7,,,,,,,,-44.2,,-34.1,4.5,11.6,10.4,,,,,,,,-8.0,13.0,
1992-08,-68.9,-99.6,-86.2,-113.0,-11.4,,,,,,,,-44.3,,-34.3,5.9,4.9,9.5,,,,,,,,-11.0,2.7,
1992-09,-65.5,-99.0,-85.8,-112.2,-10.6,,,,,,,,-44.6,,-32.6,4.8,7.8,8.1,,,,,,,,-11.0,2.7,
1992-10,-83.0,-84.3,-63.0,-105.7,-5.6,,,,,,,,-42.4,,-37.0,2.9,10.2,2.5,,,,,,,,-11.0,2.7,
1992-11,-78.1,-85.0,-64.5,-105.4,-4.1,,,,,,,,-42.8,,-37.2,5.6,10.8,2.3,,,,,,,,-7.0,3.7,
1992-12,-74.8,-84.9,-65.1,-104.6,-3.1,,,,,,,,-43.1,,-34.5,9.7,8.8,2.2,,,,,,,,-7.0,3.7,
1993-01,-87.5,-90.1,-74.2,-106.0,0.2,,,,,,,-19.1,-34.5,5.8,-46.1,-5.5,12.6,4.7,-38.4,,,,,,,-7.0,3.7,
1993-02,-84.3,-92.0,-76.2,-107.7,2.3,,,,,,,-14.4,-34.6,8.1,-35.3,0.3,11.5,10.6,-29.4,,,,,,,-12.0,-9.8,
1993-03,-87.4,-93.0,-80.6,-105.5,4.8,,,,,,,-11.6,-34.9,7.3,-31.1,3.6,13.2,15.8,-10.5,,,,,,,-13.0,-9.8,
1993-04,-57.1,-94.7,-78.0,-111.5,-2.9,,,,,,,-6.1,-29.4,12.7,-27.7,22.0,18.2,8.8,-18.5,,,,,,,-13.0,-9.8,
1993-05,-66.6,-97.3,-80.2,-114.4,-0.4,,,,,,,-0.1,-29.8,-2.1,-24.2,21.8,16.3,3.3,-8.5,,,,,,,-10.0,-0.3,
1993-06,-67.1,-98.2,-78.1,-118.2,2.3,,,,,,,-2.1,-30.4,-2.0,-14.1,5.9,9.2,8.5,-2.5,,,,,,,-10.0,-0.3,
1993-07,-85.0,-88.2,-57.5,-118.8,7.0,,,,,,,-2.7,-22.3,-1.9,-25.2,15.2,-2.8,8.9,-2.6,,,,,,,-10.0,-0.3,
1993-08,-80.7,-85.5,-54.9,-116.0,7.3,,,,,,,-2.4,-22.2,3.7,-17.5,13.9,18.7,12.3,-1.6,,,,,,,-7.0,2.9,
1993-09,-76.1,-84.6,-54.0,-115.2,6.9,,,,,,,2.1,-22.3,-5.2,-14.6,15.7,9.0,15.0,-6.7,,,,,,,-7.0,2.9,
1993-10,-43.6,-68.1,-24.7,-111.6,32.5,,,,,,,1.9,-13.2,-7.5,-16.3,14.5,6.4,7.2,-14.7,,,,,,,-7.0,2.9,
1993-11,-37.4,-68.9,-26.5,-111.4,32.8,,,,,,,8.1,-12.8,-11.4,-5.5,18.4,21.9,3.7,-8.8,,,,,,,-2.0,3.2,
1993-12,-33.2,-68.8,-27.1,-110.5,35.1,,,,,,,4.6,-12.6,-9.8,-6.5,10.6,27.4,12.3,0.2,,,,,,,-2.0,3.2,
1994-01,-11.3,-67.3,-38.5,-96.2,25.1,,,,,,,14.1,-2.7,-20.2,-1.9,24.0,19.4,25.0,-6.9,,,,,,,-1.0,3.2,
1994-02,-7.4,-69.4,-40.9,-97.9,30.1,,,,,,,14.9,-2.0,-15.9,12.8,16.0,19.7,25.8,16.0,,,,,,,8.0,25.2,
1994-03,-11.4,-71.2,-46.8,-95.6,28.5,,,,,,,17.9,-1.6,-21.6,8.0,24.1,20.7,20.3,18.0,,,,,,,9.0,25.2,
1994-04,24.9,-58.6,-13.6,-103.5,41.3,,,,,,,16.0,-1.3,-14.2,18.3,15.5,19.6,26.5,13.9,,,,,,,10.0,25.2,
1994-05,13.2,-61.6,-16.7,-106.5,43.2,,,,,,,15.5,-0.7,-15.1,13.8,17.4,26.1,32.8,10.8,,,,,,,10.0,24.5,
1994-06,12.8,-62.2,-13.8,-110.5,41.8,,,,,,,14.9,-0.2,-14.0,11.0,19.7,29.8,29.9,12.7,,,,,,,10.0,24.5,
1994-07,13.9,-26.6,6.0,-59.1,41.7,,,,,,,23.6,2.0,-9.8,32.6,28.3,18.5,47.4,25.4,,,,,,,11.0,24.5,
1994-08,19.6,-23.4,9.5,-56.2,45.0,,,,,,,23.8,2.6,-20.2,28.4,22.6,31.4,51.2,25.3,,,,,,,7.0,17.0,
1994-09,25.4,-22.2,10.9,-55.4,47.1,,,,,,,21.7,3.1,-20.2,22.4,22.3,36.3,49.9,23.7,,,,,,,6.0,17.0,
1994-10,-12.2,-26.2,-3.6,-48.8,23.3,,,,,,,26.6,11.1,-12.5,37.5,29.9,21.5,34.1,24.4,,,,,,,7.0,17.0,
1994-11,-4.6,-27.3,-6.1,-48.5,28.8,,,,,,,28.3,12.2,-14.4,39.4,31.0,24.0,41.7,25.0,,,,,,,14.0,24.3,
1994-12,0.1,-27.5,-7.3,-47.7,25.3,,,,,,,21.3,13.2,-10.8,30.5,22.5,28.5,29.8,19.0,,,,,,,14.0,24.3,
1995-01,-3.0,-27.9,-7.4,-48.5,41.8,,,,,,,28.5,2.8,-27.3,28.3,29.7,26.6,43.3,27.0,,,,,,,15.0,19.7,
1995-02,1.2,-30.5,-10.7,-50.3,25.7,,,,,,,22.2,3.2,-11.9,31.1,23.6,24.9,38.1,16.0,,,,,,,11.0,14.5,
1995-03,-5.7,-33.5,-19.0,-48.0,39.5,,,,,,,20.7,3.7,-6.7,33.2,22.2,28.0,32.1,28.0,,,,,,,11.0,14.5,
1995-04,-35.7,-31.7,-24.5,-39.0,23.5,,,,,,,23.1,4.9,-25.1,31.4,12.9,26.2,35.8,36.0,,,,,,,11.0,14.5,
1995-05,-51.4,-35.4,-28.8,-42.1,10.0,,,,,,,20.6,5.5,-16.2,30.8,14.8,23.7,45.1,30.0,,,,,,,10.0,15.1,
1995-06,-58.9,-35.6,-24.9,-46.3,9.6,,,,,,,12.3,6.0,3.0,28.0,11.9,25.8,27.9,25.0,,,,,,,10.0,15.1,
1995-07,-13.5,-29.2,-22.4,-35.9,33.4,,,,,,,8.2,-4.8,-3.8,12.5,8.2,8.4,19.7,1.0,,,,,,,10.0,15.1,
1995-08,-8.2,-25.4,-17.7,-33.0,17.7,,,,,,,2.5,-4.7,5.8,16.3,-2.8,4.5,24.0,-1.0,,,,,,,12.0,10.3,
1995-09,-32.7,-24.1,-16.0,-32.3,15.5,,,,,,,-1.2,-4.5,14.7,-0.7,11.8,12.8,15.7,-6.0,,,,,,,12.0,10.3,
1995-10,7.7,-37.1,-11.5,-62.7,22.9,,,,,,,-3.4,-11.7,14.5,-6.7,11.0,14.7,4.7,-11.0,,,,,,,-3.0,8.2,-5.9
1995-11,-22.8,-39.0,-16.4,-61.6,1.5,,,,,,,-12.4,-11.5,20.5,-20.8,4.2,-1.4,-4.4,-22.0,,,,,,,-2.3,7.9,-11.6
1995-12,-38.4,-37.0,-12.1,-61.9,4.3,,,,,,,-15.5,-11.3,29.3,-20.6,3.5,-8.8,-10.3,-31.0,,,,,,,-3.7,4.7,-15.4
1996-01,6.3,-39.1,-21.3,-56.9,-9.2,,,,,,,-16.3,-17.8,21.6,-24.5,-2.8,1.9,-8.8,-17.0,,,,,,,-5.1,-1.1,-11.7
1996-02,-25.2,-43.0,-26.1,-60.0,2.9,,,,,,,-13.5,-17.7,17.1,-28.7,5.3,0.0,-17.2,-29.0,,,,,,,-5.2,-2.7,-8.3
1996-03,-2.5,-40.5,-12.2,-68.8,-9.9,,,,,,,-16.8,-17.5,16.3,-28.6,-5.4,-4.0,-23.4,-29.0,,,,,,,-4.7,-2.1,-11.1
1996-04,-15.6,-29.4,3.3,-62.0,-7.7,,,,,,,-13.4,-6.3,20.0,-37.5,17.5,-11.6,-15.0,-27.0,,,,,,,-5.1,-2.1,-3.6
1996-05,-8.4,-20.1,10.3,-50.5,-3.8,,,,,,,-11.5,-5.3,13.8,-32.1,11.2,1.5,-22.1,-19.0,,,,,,,-3.7,1.2,-1.2
1996-06,-1.0,-18.8,8.4,-46.0,2.6,,,,,,,-14.6,-4.2,16.1,-35.9,8.2,7.1,-16.9,-23.0,,,,,,,-1.8,7.0,-5.7
1996-07,-4.0,-14.3,20.5,-49.0,-3.7,,,,,,,-10.9,-18.3,21.2,-20.6,9.2,14.8,-10.2,-18.0,,,,,,,-1.7,6.8,4.7
1996-08,-2.5,-22.1,-4.9,-39.3,9.7,,,,,,,-2.5,-18.0,5.8,-14.8,12.9,18.7,-5.8,-13.0,,,,,,,0.0,11.5,3.8
1996-09,7.6,-14.1,6.5,-34.8,5.8,,,,,,,-1.3,-17.6,-4.5,-14.8,6.5,19.7,-9.2,-16.0,,,,,,,0.6,12.4,6.2
1996-10,15.6,-19.4,10.9,-49.6,-0.5,,,,,,,4.0,-17.6,-0.9,-10.9,21.9,19.0,-3.8,-14.0,49.5,5.3,-22.1,-11.5,13.6,59.4,0.1,9.6,3.9
1996-11,2.6,-12.8,13.2,-38.8,14.4,,,,,,,6.1,-17.0,-5.0,2.0,11.2,24.7,-7.6,-4.0,7.2,-6.8,-15.0,-12.5,-35.4,-58.8,0.3,11.4,7.0
1996-12,24.9,4.4,35.6,-26.9,17.9,,,,,,,7.9,-16.4,-8.1,-4.7,20.1,25.0,-4.2,-12.0,18.3,9.4,2.6,7.3,4.6,8.9,1.3,12.4,5.7
1997-01,13.4,-2.1,8.7,-12.9,24.8,,,,,,,0.4,-11.0,1.1,-6.4,8.6,25.9,-5.1,-19.0,23.7,11.7,-6.4,17.7,40.6,55.0,1.5,14.2,3.7
1997-02,22.8,9.5,41.8,-22.8,25.2,,,,,,,6.7,-10.3,-7.5,0.5,12.1,30.9,-2.1,-5.0,17.0,10.1,4.4,8.9,32.6,48.3,2.5,16.0,8.2
1997-03,27.8,15.7,55.6,-24.2,24.6,,,,,,,12.9,-9.6,-5.3,7.5,26.0,27.5,3.5,-3.0,23.8,14.2,17.2,1.6,43.6,-27.7,2.6,16.0,7.9
1997-04,1.0,10.7,38.4,-17.0,32.5,,,,,,,7.9,-1.1,-1.3,5.5,16.8,26.1,-2.9,-2.0,20.4,21.3,15.5,28.1,21.6,-21.7,3.2,17.1,9.7
1997-05,20.9,15.0,48.3,-18.2,36.9,37.8,8.0,5.5,-0.1,1.0,29.1,15.4,0.2,-8.8,10.9,26.4,28.2,4.9,4.0,6.1,21.5,22.8,35.6,10.6,9.4,2.6,15.6,15.7
1997-06,9.0,19.9,45.3,-5.5,35.5,37.4,2.7,3.4,-2.0,-0.5,30.0,15.6,1.5,-6.3,9.2,31.3,27.0,14.5,5.0,5.2,13.7,18.1,17.8,3.6,17.0,2.6,15.7,15.3
1997-07,19.6,4.4,23.9,-15.0,30.3,33.9,13.4,5.3,0.8,-0.5,31.4,9.8,-11.0,0.9,13.3,17.0,34.9,3.5,5.0,12.4,18.4,16.5,26.3,-49.4,29.7,1.9,13.2,11.8
1997-08,16.1,15.2,47.2,-16.8,25.3,24.7,14.3,5.1,-0.1,1.1,23.7,16.6,-11.0,-7.7,17.3,24.7,29.1,1.4,11.0,48.8,38.5,27.4,39.1,14.6,28.3,1.3,11.6,27.9
1997-09,19.8,19.4,46.6,-7.8,20.3,25.5,5.6,1.2,-2.9,-0.7,27.4,16.6,-11.0,-6.9,14.2,28.6,25.2,8.0,11.0,45.8,42.1,40.8,39.7,53.6,30.5,2.8,14.1,25.1
1997-10,19.2,9.7,34.6,-15.2,22.5,18.9,-1.0,-4.5,0.4,-2.8,31.4,13.9,-2.9,-4.0,19.9,18.0,19.4,2.4,4.0,56.5,46.9,42.1,42.1,51.6,31.6,2.9,14.0,16.5
1997-11,27.8,20.8,45.4,-3.7,26.3,22.3,12.1,2.7,-1.3,-3.5,26.2,19.0,-2.6,-5.0,22.9,29.0,29.5,5.2,10.0,64.8,42.3,35.3,26.8,67.6,52.3,2.5,12.0,16.7
1997-12,24.3,23.2,54.1,-7.8,17.8,15.9,-2.3,-3.4,-1.1,-6.9,23.8,20.8,-2.3,-7.0,24.3,31.2,24.8,8.4,1.0,66.1,25.9,-10.6,22.1,41.6,34.0,2.3,12.4,18.4
1998-01,23.9,15.8,42.4,-10.8,22.7,18.8,12.7,1.7,-1.9,-4.9,26.4,15.7,6.5,-1.0,21.7,24.5,23.0,-0.3,1.0,68.5,32.0,-5.1,32.6,65.6,33.5,1.8,11.0,22.8
1998-02,22.8,20.4,29.6,11.2,15.2,15.9,2.5,-3.3,-4.6,-6.0,28.2,14.0,7.1,-2.6,16.6,22.9,25.5,0.9,-4.0,70.2,40.7,28.1,23.8,57.6,74.3,1.3,9.4,25.6
1998-03,23.6,29.4,54.1,4.8,28.0,18.8,4.8,-0.2,3.6,-3.3,24.2,10.5,7.7,0.6,9.7,22.5,26.4,2.6,-5.0,71.4,33.8,0.5,29.7,77.6,66.5,2.4,12.0,18.3
1998-04,5.7,25.6,56.2,-5.0,29.2,19.5,6.3,0.5,-2.4,-4.0,24.4,6.1,11.4,1.8,3.4,16.8,28.4,2.1,-4.0,69.9,32.7,6.7,21.5,40.6,64.9,2.5,11.3,21.8
1998-05,32.4,27.4,46.1,8.7,33.3,15.7,7.9,-1.2,-0.1,-5.1,27.1,5.7,12.4,7.1,4.9,19.2,14.8,-3.8,-1.0,71.3,31.7,15.4,8.2,59.6,52.9,2.5,11.8,17.5
1998-06,38.8,33.5,54.6,12.4,21.9,16.5,-5.2,-5.5,-1.0,-7.0,28.0,3.8,14.2,7.8,1.2,18.2,22.1,-1.8,-11.0,72.7,35.4,12.1,21.4,56.6,52.3,2.5,10.2,15.6
1998-07,36.2,31.2,51.5,10.9,23.3,10.9,3.4,-4.1,-3.2,-7.6,26.4,2.9,0.5,9.0,1.2,16.5,25.6,-1.1,-8.0,72.5,34.8,5.0,27.0,46.6,56.7,3.1,13.2,15.9
1998-08,18.5,25.1,36.9,13.3,21.2,9.7,9.3,-1.9,-2.1,-7.3,24.7,1.3,0.0,6.3,-9.7,19.7,12.9,-6.3,-8.0,65.9,37.8,22.4,25.0,42.6,41.8,2.3,9.6,18.5
1998-09,-1.2,19.0,36.6,1.3,17.4,16.5,20.6,4.6,1.1,-5.5,23.4,-5.4,-0.5,14.0,-12.9,10.7,5.6,-7.9,-26.0,60.1,23.6,20.2,-9.4,49.6,53.3,-0.8,-0.4,13.5
1998-10,7.7,-3.6,5.0,-12.2,7.1,6.8,-0.2,-5.6,-2.6,-5.8,23.4,-9.3,-6.5,13.0,-17.3,2.5,2.6,-14.3,-32.0,58.5,42.1,27.3,40.4,36.6,55.9,-1.8,-3.7,12.0
1998-11,3.0,11.2,19.1,3.3,7.2,6.4,0.2,-7.2,-3.3,-8.4,28.2,-13.5,-7.2,17.9,-30.2,7.7,-4.7,-15.2,-37.0,56.9,36.5,24.5,28.2,38.6,9.3,-1.0,-3.3,8.2
1998-12,17.1,12.3,11.2,13.4,8.3,8.9,20.7,1.2,-4.1,-11.4,25.8,-12.7,-7.9,15.0,-31.8,8.7,-0.1,-14.5,-41.0,59.4,28.4,9.1,16.9,12.6,17.8,0.9,1.0,4.2
1999-01,22.5,7.2,14.2,0.2,15.0,8.7,1.6,-7.4,-3.0,-8.6,32.4,-11.3,-19.4,18.0,-34.2,18.4,3.2,-12.9,-42.0,58.0,28.5,0.9,26.7,43.6,50.2,0.5,2.0,8.5
1999-02,11.9,14.4,14.7,14.1,6.9,9.9,-16.5,-13.6,-8.7,-10.6,34.2,-11.1,-20.3,12.3,-32.2,11.3,2.9,-9.9,-40.0,57.1,19.6,8.9,-7.4,42.6,52.7,-0.9,-3.7,8.5
1999-03,24.8,2.5,5.3,-0.2,4.1,2.9,-18.1,-14.5,-10.4,-11.5,28.2,-11.8,-21.2,11.5,-32.2,8.3,7.6,-7.9,-36.0,58.5,23.7,12.6,0.1,37.6,46.6,0.1,1.9,6.3
1999-04,-0.5,5.3,5.6,5.0,10.7,7.5,6.3,-3.2,-7.4,-10.6,23.4,-1.2,-4.8,9.0,-18.6,23.9,5.9,0.8,-25.0,49.5,11.9,-9.4,-4.5,46.6,58.9,0.8,3.3,11.2
1999-05,26.4,17.4,30.0,4.7,8.4,2.7,-8.1,-11.9,-4.0,-14.4,30.1,-4.6,-4.2,10.0,-19.0,15.2,12.6,-1.9,-28.0,52.1,18.2,0.2,2.4,43.6,62.9,2.0,6.9,15.2
1999-06,21.2,13.2,13.1,13.3,13.4,0.5,-22.2,-16.6,-7.0,-15.3,28.0,-4.3,-3.5,6.0,-17.8,10.9,11.6,-7.5,-21.0,62.5,38.0,10.4,41.1,44.6,78.8,2.8,8.8,15.1
1999-07,31.7,17.4,24.1,10.8,14.3,8.8,8.3,-2.8,-1.1,-12.5,25.4,-0.7,-10.2,0.2,-10.8,8.8,13.2,4.7,-19.0,59.2,29.4,14.8,14.3,30.6,64.9,2.0,7.0,22.8
1999-08,19.7,15.3,24.2,6.3,15.5,3.8,4.5,-5.1,-2.1,-13.2,23.6,6.0,-10.5,-1.8,-4.6,20.7,17.1,-0.2,-16.0,58.8,32.7,26.1,13.3,78.6,26.7,1.4,5.6,26.1
1999-09,20.0,10.6,16.9,4.4,13.5,2.5,-7.4,-10.4,-4.9,-14.6,26.4,4.4,-10.9,-1.2,-4.0,15.9,19.6,5.9,-12.0,30.3,19.6,22.9,5.5,47.6,16.7,1.5,7.2,22.0
1999-10,31.9,24.8,35.9,13.7,16.0,2.7,-6.3,-11.0,-6.6,-15.2,29.4,8.7,-2.6,0.0,2.5,23.6,23.2,14.6,-9.0,33.4,22.7,26.9,7.8,8.6,38.5,2.5,7.9,21.8
1999-11,20.7,16.9,40.5,-6.6,18.3,2.5,-0.6,-9.1,-8.3,-14.6,29.2,10.9,-2.3,-2.1,9.7,21.0,16.3,15.6,-9.0,37.3,32.3,43.2,16.4,45.6,25.0,2.1,8.0,33.3
1999-12,3.6,7.4,22.4,-7.5,7.3,2.9,-10.3,-12.4,-6.1,-12.4,29.7,14.0,-1.8,-11.0,11.1,20.0,22.5,19.7,-9.0,24.8,9.6,-6.0,10.1,37.6,33.9,2.8,9.3,30.2
2000-01,10.3,13.3,31.5,-4.8,13.2,-1.3,1.6,-10.4,-11.0,-18.3,31.5,11.6,-3.3,-3.0,10.8,21.0,27.2,23.4,-10.0,28.2,11.4,6.6,-0.8,34.6,31.3,3.4,10.1,35.1
2000-02,11.8,3.5,19.8,-12.9,14.2,-0.8,-11.0,-16.4,-13.9,-17.6,37.3,19.8,-3.1,-7.8,23.9,27.7,23.5,18.7,1.0,41.1,23.8,23.5,6.9,38.6,31.5,4.1,12.2,34.1
2000-03,25.3,7.7,17.7,-2.3,22.5,5.9,4.8,-7.5,-9.4,-15.4,33.1,16.9,-2.9,-7.6,21.9,21.1,30.9,20.2,1.0,42.0,28.9,24.8,20.1,48.6,39.3,2.9,7.8,40.6
2000-04,32.6,5.6,13.2,-2.0,14.1,-2.7,-5.9,-13.0,-9.5,-17.3,30.3,15.4,-1.8,-3.8,18.4,23.9,38.5,18.3,5.0,39.2,32.0,48.7,8.1,68.6,51.7,1.7,4.8,35.9
2000-05,16.8,12.1,23.5,0.7,13.9,0.9,-16.9,-16.4,-13.0,-15.2,33.2,19.6,-1.2,-8.0,30.0,20.6,37.7,20.3,6.0,35.7,35.9,49.9,22.1,55.6,53.6,2.1,5.4,33.6
2000-06,14.0,6.9,23.6,-9.8,15.8,9.5,12.7,-2.6,-7.0,-14.9,30.1,20.2,-0.5,-5.9,30.2,24.6,34.2,22.8,9.0,30.8,31.3,32.8,30.4,39.6,44.1,1.9,6.7,32.3
2000-07,4.7,20.7,49.7,-8.3,17.8,1.7,-4.8,-10.9,-5.0,-17.6,29.4,18.5,6.9,-6.6,24.2,24.6,40.3,10.7,8.0,30.3,28.4,33.5,21.3,60.6,63.6,2.3,7.0,32.7
2000-08,6.0,9.1,31.9,-13.7,7.7,2.9,-5.4,-13.0,-6.0,-13.6,36.5,23.9,7.3,-19.9,35.5,16.3,29.1,13.8,19.0,17.0,35.0,43.6,44.3,48.6,56.1,1.4,6.1,32.1
2000-09,2.1,9.0,33.5,-15.6,12.7,7.4,5.5,-5.8,-8.8,-14.2,30.3,18.7,7.5,-4.3,27.9,23.8,18.5,18.4,6.0,73.6,57.8,46.8,52.8,47.6,68.4,-0.5,-0.4,35.8
2000-10,-9.7,-0.6,12.1,-13.3,-5.0,11.8,7.8,-4.3,-7.5,-13.2,32.4,19.0,13.1,-3.0,22.4,31.4,29.0,17.2,6.0,12.3,12.3,20.9,3.5,40.6,-1.4,-1.2,-3.6,35.6
2000-11,6.3,0.1,4.9,-4.6,10.0,-1.5,-17.6,-18.8,-13.4,-16.5,37.2,16.0,13.8,-1.1,22.6,24.3,21.5,15.8,8.0,11.8,5.9,-8.9,14.9,55.6,6.8,0.0,-0.8,34.9
2000-12,1.6,-6.0,15.4,-27.4,3.8,-1.3,-6.6,-14.5,-8.0,-17.7,35.7,14.8,14.5,-2.0,8.0,34.5,14.5,9.3,-4.0,16.3,33.6,43.8,40.7,74.6,47.9,1.0,3.8,28.6
2001-01,4.8,-2.7,1.4,-6.9,0.0,-1.1,-3.1,-12.6,-10.0,-14.7,33.5,13.4,9.8,3.1,7.8,35.5,16.4,3.7,-9.0,47.7,37.4,25.4,39.2,69.6,44.9,1.5,1.6,36.9
2001-02,10.6,-8.5,4.0,-20.9,1.2,3.9,8.4,-7.7,-9.2,-9.4,35.5,-0.5,10.0,3.0,-2.9,4.3,10.3,3.0,-13.0,61.6,34.1,16.7,24.1,36.6,35.5,0.2,-2.4,38.5
2001-03,0.2,-9.4,-5.5,-13.3,-4.7,-1.2,-8.3,-14.6,-15.4,-15.2,34.1,-8.5,10.0,8.3,-10.0,-7.2,9.9,0.6,-15.0,-61.8,-5.5,15.1,30.2,10.6,62.5,-2.2,-10.2,45.8
2001-04,-3.8,-7.8,0.3,-16.0,-9.9,0.4,2.2,-8.5,-14.6,-13.5,28.2,-8.0,-0.9,8.3,-11.7,-3.8,10.7,-4.6,-13.0,-27.2,25.1,30.4,72.0,57.6,55.8,-2.7,-13.5,45.5
2001-05,-8.5,-9.8,-7.4,-12.3,-4.5,-4.9,6.7,-8.4,-20.6,-13.8,26.8,-3.3,-1.1,8.9,-11.9,10.8,-0.6,-7.5,-12.0,-60.6,-13.2,9.1,12.0,39.5,58.8,-1.3,-7.2,44.1
2001-06,-9.2,-22.7,-15.6,-29.8,-19.5,-0.1,2.3,-9.0,-13.3,-14.6,29.1,-6.0,-1.3,0.2,-24.8,7.1,-6.1,-8.3,-18.0,58.9,33.2,5.3,35.3,38.5,49.4,-2.3,-9.4,42.1
2001-07,4.7,-23.5,-32.6,-14.4,-24.6,2.8,16.3,-3.1,-3.8,-11.2,28.4,-10.6,-5.6,1.6,-34.8,4.6,-11.1,-9.4,-30.0,43.0,31.4,11.9,39.4,15.4,62.7,-4.2,-16.4,39.4
2001-08,-2.9,-15.7,-15.8,-15.6,-9.7,-0.6,19.0,-1.4,-9.0,-13.0,22.7,-9.6,-6.0,8.0,-24.3,3.6,10.6,-16.5,-25.0,55.1,22.0,-5.2,16.1,2.4,5.7,-4.7,-19.6,35.8
2001-09,-3.2,-7.5,-13.5,-1.5,-26.7,1.1,13.4,-2.8,-0.2,-9.5,22.7,-12.0,-6.4,8.6,-26.1,-1.3,12.4,-17.7,-22.0,-53.4,-19.5,-12.5,7.3,6.8,4.0,-4.8,-17.8,50.2
2001-10,11.4,-16.1,-4.9,-27.4,-16.3,-4.3,5.0,-8.4,-7.5,-14.7,25.8,-9.7,-21.7,9.0,-26.7,6.5,8.3,-13.8,-30.0,-47.6,-23.1,31.2,-52.9,56.6,13.1,-4.4,-16.8,42.1
2001-11,2.0,-18.0,-15.3,-20.6,-30.4,2.0,20.9,0.4,-8.9,-10.8,21.8,-8.4,-22.8,4.9,-27.4,7.0,-0.3,-21.4,-27.0,-52.4,-30.1,-24.5,-13.5,-10.0,17.4,-4.6,-15.5,43.4
2001-12,-8.8,-27.7,-27.0,-28.4,-14.2,5.7,19.4,1.1,-3.0,-12.4,21.7,-7.1,-23.7,-3.1,-28.1,3.7,-5.4,-17.0,-36.0,-146.6,-63.5,-20.1,-23.9,-1.0,-1.0,-2.5,-8.3,38.8
2002-01,-1.7,-16.0,-5.1,-26.9,-20.1,4.7,18.3,-2.3,-4.0,-16.1,29.9,-1.9,-19.7,-9.8,-28.2,12.7,-3.1,-14.0,-37.0,45.4,15.7,-1.5,3.2,5.0,22.1,-0.5,-1.5,7.1
2002-02,5.7,-24.8,-17.6,-32.0,-23.2,8.9,3.3,-6.5,-2.5,-13.5,31.7,-8.6,-20.2,0.9,-30.8,6.0,4.4,-12.7,-30.0,-91.8,-25.3,-0.8,16.5,17.0,2.5,0.1,-0.2,10.2
2002-03,2.2,-21.1,-19.9,-22.3,-8.9,12.7,8.5,-1.4,-3.6,-11.6,25.2,-3.2,-20.7,2.3,-27.0,19.7,16.7,-7.0,-31.0,-57.4,-14.0,7.1,8.1,2.0,8.3,1.0,2.6,11.1
2002-04,2.7,-10.5,-1.1,-19.9,-6.6,10.5,-0.7,-6.4,-8.8,-12.9,29.1,3.7,-18.3,-8.5,-23.8,26.5,-3.8,4.2,-19.0,-49.2,-16.8,-12.9,11.6,22.0,33.0,0.7,2.4,16.8
2002-05,25.1,-8.6,-3.9,-13.3,-5.9,15.9,12.0,0.5,-7.2,-12.5,26.2,-6.0,-18.7,3.9,-20.7,6.6,4.3,-2.6,-26.0,134.6,50.5,-9.1,26.0,20.0,11.0,1.6,4.3,14.6
2002-06,28.5,9.3,16.4,2.1,0.6,6.3,7.3,-4.5,-5.1,-10.5,27.1,-4.2,-19.0,-4.7,-23.8,6.6,11.9,-1.5,-21.0,68.9,26.5,-13.4,23.8,22.0,16.8,0.2,1.4,10.7
2002-07,34.2,-9.5,-2.6,-16.4,4.6,3.9,-11.5,-11.3,-6.4,-15.4,26.4,-3.6,-15.7,-6.3,-17.9,0.8,15.9,3.8,-18.0,28.8,1.6,-67.6,43.5,0.0,22.5,-0.3,-0.3,10.5
2002-08,2.0,0.1,2.8,-2.6,-5.0,-1.2,9.6,-7.0,-3.5,-13.5,29.3,-3.4,-15.6,3.0,-19.1,11.9,8.1,0.7,-31.0,73.4,26.6,-3.0,9.5,-18.0,-5.2,-2.1,-5.9,10.2
2002-09,4.4,-2.6,0.3,-5.4,3.1,-2.6,-8.5,-14.0,-6.4,-17.3,31.1,1.5,-15.5,-2.5,-8.1,10.1,6.3,1.7,-18.0,-75.8,-22.3,7.0,1.9,1.0,-8.6,-0.9,-3.2,10.4
2002-10,14.8,0.7,-3.1,4.6,-1.9,1.9,1.8,-8.9,-8.3,-12.5,30.4,-4.8,-22.2,5.1,-24.8,15.4,0.0,7.4,-27.0,-31.3,-1.1,25.5,2.6,-4.0,-16.9,-1.6,-3.6,10.2
2002-11,12.8,4.7,14.8,-5.5,-3.3,3.4,11.1,-4.2,-6.6,-13.8,27.3,2.2,-25.0,-8.1,-6.4,5.0,4.2,5.4,-15.0,120.9,50.9,17.3,14.5,-4.0,-5.2,-1.7,-4.5,11.9
2002-12,1.3,-3.6,-0.8,-6.3,-6.9,-1.2,-8.5,-11.8,-8.8,-13.8,25.6,-2.3,-21.2,2.9,-9.2,5.2,-10.7,13.2,-12.0,81.8,36.7,4.8,23.4,-8.0,-2.0,-1.3,-5.0,13.8
2003-01,14.6,5.5,15.9,-4.9,-0.7,2.9,-4.1,-10.7,-10.1,-13.4,30.7,-10.6,-14.1,-2.9,-21.2,-13.6,5.7,8.7,-32.0,-4.5,5.6,13.1,8.3,-4.0,-8.9,-1.2,-5.4,20.3
2003-02,36.1,3.2,9.5,-3.1,-0.1,4.9,7.1,-5.0,-9.7,-13.7,26.9,-8.1,-13.6,2.8,-24.7,3.3,4.3,1.6,-25.0,91.8,38.5,19.7,4.0,-1.0,1.3,-2.6,-8.3,17.9
2003-03,9.0,-11.8,-6.3,-17.3,-1.6,-0.3,-3.7,-10.7,-15.7,-14.8,28.2,-8.2,-17.1,6.2,-24.0,5.7,-7.4,-0.8,-29.0,-17.7,-1.6,8.0,4.9,-4.0,-7.1,-2.0,-9.4,19.5
2003-04,24.2,-10.5,-1.0,-19.9,-0.2,-5.5,3.2,-8.8,-15.0,-15.8,24.1,-5.7,-20.0,-4.3,-22.9,1.6,-3.8,-14.4,-28.0,-30.2,-2.3,12.5,10.7,-2.0,-12.0,-2.1,-7.9,7.6
2003-05,8.0,-9.3,-7.4,-11.2,-1.3,-0.2,-7.3,-10.6,-10.5,-17.7,24.3,0.0,-22.6,-2.1,-27.6,25.5,-6.5,-13.1,-32.0,-22.5,-0.4,12.6,8.8,3.0,-4.7,-1.7,-7.4,12.0
2003-06,6.7,-9.2,-8.5,-10.0,-0.9,-4.6,-1.8,-12.5,-15.2,-17.2,31.1,-11.7,-19.0,-1.6,-32.9,-3.7,-6.8,-21.1,-33.0,-22.2,-1.2,14.0,4.5,-7.0,0.0,-2.4,-10.2,8.0
2003-07,4.4,2.5,12.5,-7.5,-7.3,1.9,-6.6,-12.0,-16.1,-18.9,31.3,-6.6,-24.0,-1.2,-31.1,10.1,-6.0,-13.0,-32.0,-16.5,1.1,17.9,2.0,-12.0,-6.2,-1.1,-4.1,10.2
2003-08,7.5,-7.0,-2.5,-11.5,-0.9,0.7,9.4,-6.7,-8.3,-12.6,30.2,-4.4,-23.2,-4.1,-30.9,13.7,-0.8,-13.1,-31.0,-11.9,0.9,9.8,4.6,-6.0,-7.9,-1.1,-3.9,10.4
2003-09,10.5,-10.2,-5.2,-15.3,-2.4,2.5,8.6,-6.3,-6.0,-10.9,30.0,0.1,-18.2,-4.6,-24.0,19.6,3.0,-8.5,-27.0,-16.0,-0.1,5.7,9.9,-10.0,-3.7,-0.2,-0.2,15.5
2003-10,16.2,-7.4,4.7,-19.5,4.0,0.9,9.6,-5.7,-10.2,-12.6,27.5,-2.1,-14.7,-5.8,-22.0,9.8,16.5,-16.1,-25.0,-13.3,0.8,7.5,8.2,-9.0,-3.4,-0.4,-1.4,19.4
2003-11,39.7,-7.8,4.8,-20.5,1.9,7.3,21.9,1.3,-6.7,-6.6,25.3,1.6,-17.5,-7.2,-14.3,11.9,21.8,-5.7,-27.0,-8.3,4.9,9.2,13.7,-10.0,-0.8,-0.7,-1.8,19.7
2003-12,40.0,-9.6,8.1,-27.3,2.4,-1.1,-0.6,-9.4,-7.6,-14.2,26.5,1.4,-18.4,-8.2,-16.2,12.2,27.2,-7.9,-27.0,-0.8,11.1,12.3,21.9,-2.0,5.0,0.3,1.7,19.3
2004-01,12.8,-14.0,4.9,-32.9,7.3,17.8,9.6,-0.8,-5.1,-9.5,29.9,3.3,-12.2,-11.9,-22.2,20.1,18.0,-5.8,-29.0,6.1,15.0,23.2,15.8,0.0,-0.2,0.9,3.1,13.1
2004-02,10.1,-3.6,5.0,-12.1,3.5,25.1,21.4,6.4,-5.9,-5.7,27.2,0.9,-21.7,-0.3,-20.6,23.0,8.8,-7.3,-27.0,2.3,15.2,18.1,25.2,5.0,19.4,0.3,1.5,16.5
2004-03,37.7,-12.0,2.5,-26.4,3.9,23.9,36.3,9.3,1.1,0.0,32.2,1.9,-13.3,-1.7,-20.0,24.1,9.8,-4.2,-27.0,-1.7,16.1,21.0,29.1,3.0,7.0,0.4,1.9,14.7
2004-04,12.7,-6.5,7.9,-20.9,4.2,23.5,28.0,5.5,2.6,2.3,35.0,2.6,-5.6,2.8,-8.1,18.7,22.9,1.6,-20.0,5.7,20.8,25.0,31.6,11.0,6.2,0.7,3.1,16.9
2004-05,29.0,-2.5,-0.8,-4.2,6.3,18.7,32.3,7.9,4.2,-2.8,27.2,1.8,-3.7,-0.1,-17.5,22.8,26.5,-3.8,-19.0,7.5,17.2,18.5,25.6,10.0,9.7,-0.4,0.4,23.9
2004-06,16.7,-5.9,1.2,-13.0,-2.5,7.5,14.0,-2.9,1.7,-7.1,30.1,9.2,-11.8,5.4,-1.0,34.2,23.3,8.3,-11.0,0.0,14.5,25.5,18.1,-1.0,7.8,-0.2,0.7,22.8
2004-07,14.2,-16.3,-2.1,-30.5,9.0,5.8,13.0,-3.2,1.2,-1.3,28.3,6.0,-7.7,6.8,-1.2,26.0,20.9,6.3,-8.0,4.2,20.3,32.3,24.4,-2.0,0.2,0.1,0.6,22.2
2004-08,24.4,-7.6,13.2,-28.4,3.1,1.8,5.3,-6.7,-3.0,-4.7,27.1,7.0,-11.6,4.9,2.3,23.7,26.8,11.0,-8.0,2.7,15.1,26.4,16.3,6.0,7.5,0.2,0.9,28.4
2004-09,21.3,-9.7,4.8,-24.1,-0.1,5.5,-2.7,-5.4,-5.7,-4.1,18.9,6.2,-16.2,9.3,3.1,24.7,30.5,8.6,-15.0,-2.1,14.5,23.8,21.8,-4.0,13.0,-0.1,-1.0,25.1
2004-10,15.6,-3.9,13.7,-21.5,-7.1,9.7,4.0,-2.9,-3.1,-1.7,22.5,5.8,-12.5,10.3,2.9,24.9,27.5,5.4,-12.0,2.9,22.1,28.6,34.8,6.0,6.6,-0.3,-2.3,25.2
2004-11,2.2,-12.7,2.1,-27.4,1.6,4.5,-2.2,-6.0,-3.8,-2.5,20.2,6.4,-8.4,6.7,3.9,22.0,29.2,11.3,-11.0,4.9,19.3,26.2,26.9,6.0,4.8,-0.9,-4.3,23.7
2004-12,4.2,-2.5,11.3,-16.3,1.1,17.9,7.0,2.5,-6.5,3.4,17.4,8.5,-7.9,4.7,6.8,23.4,31.9,15.4,-9.0,4.1,21.6,32.5,28.0,5.0,7.9,0.7,1.1,22.2
2005-01,11.7,-13.4,1.2,-28.0,2.8,6.7,4.0,-5.1,-5.1,1.9,26.0,4.1,-4.1,6.9,-0.3,19.6,31.4,15.6,-17.0,2.0,18.5,23.1,30.5,-1.0,6.1,0.4,0.3,23.4
2005-02,8.0,-10.8,8.6,-30.2,8.3,3.9,2.4,-8.4,-6.1,-4.8,31.4,3.9,-1.2,9.6,4.4,16.9,29.1,23.9,-15.0,1.2,17.3,24.6,26.1,16.0,5.3,1.3,1.1,24.9
2005-03,16.0,1.3,22.2,-19.5,8.9,13.9,11.8,-1.5,-6.1,0.1,30.3,4.2,-1.5,9.3,-1.1,23.1,9.3,14.3,-18.0,-4.1,12.2,21.4,19.4,0.0,4.7,2.2,4.0,28.9
2005-04,9.2,7.2,28.3,-13.9,15.6,18.4,6.3,-2.0,-9.7,1.0,30.9,2.3,4.6,10.0,-0.1,17.1,11.4,7.2,-10.0,-7.9,12.0,19.0,25.0,13.0,6.5,0.9,-0.7,31.1
2005-05,17.3,3.7,21.4,-14.1,20.1,18.8,15.8,2.8,-7.0,5.0,26.2,-0.5,-7.7,10.9,-6.5,15.8,9.0,4.9,-13.0,-4.2,18.0,26.2,32.0,6.0,7.8,-0.1,-4.3,27.8
2005-06,21.6,3.2,18.4,-12.0,19.1,17.5,24.3,5.6,-1.5,-0.5,25.2,7.9,-1.1,-1.5,-3.1,25.3,-2.2,3.5,-16.0,-1.0,19.5,31.8,27.6,10.0,8.6,-3.3,-11.9,30.3
2005-07,18.9,6.2,21.1,-8.6,10.9,13.7,8.1,-1.2,-0.6,-0.7,25.3,15.4,-0.3,-14.1,-0.4,32.7,9.9,10.4,-15.0,2.2,15.7,26.6,18.3,6.0,6.8,-0.9,-5.4,31.0
2005-08,21.6,7.9,14.1,1.6,13.6,18.9,13.8,0.2,-2.7,4.1,32.0,12.1,-3.2,-7.1,1.5,27.6,5.1,11.5,-9.0,5.9,22.1,31.5,29.0,3.0,13.7,0.2,-3.2,32.6
2005-09,27.2,-1.3,7.4,-10.0,14.2,19.5,24.5,4.8,-7.4,2.5,29.7,11.0,7.7,1.3,4.3,30.1,13.4,8.3,-8.0,-0.4,19.2,25.5,32.5,3.0,5.6,-2.2,-7.8,40.4
2005-10,32.0,3.2,12.0,-5.5,12.6,20.7,18.1,7.4,-0.1,6.6,16.4,14.5,2.6,-0.6,13.8,29.2,30.0,0.1,1.0,-0.3,16.3,28.1,21.0,4.0,12.3,0.0,-2.6,35.8
2005-11,26.5,1.2,12.9,-10.4,9.4,19.5,26.9,10.1,-1.1,7.9,16.1,15.5,-2.3,-2.4,14.2,29.9,26.4,11.7,-3.0,10.4,26.2,36.4,31.9,9.0,10.1,-0.3,-4.2,31.5
2005-12,27.2,-1.9,11.4,-15.3,9.2,14.8,12.8,3.1,-2.6,6.9,18.2,9.6,0.0,2.5,9.9,21.6,29.8,11.2,-8.0,8.6,21.7,26.0,30.3,5.0,8.8,-0.2,-3.9,33.4
2006-01,33.5,10.4,13.8,6.9,13.2,23.8,7.1,3.5,2.7,6.2,20.2,13.0,-2.0,2.8,10.7,31.2,31.8,12.0,-11.0,8.7,21.0,33.9,20.5,4.0,7.6,-0.1,-1.7,33.3
2006-02,10.3,17.5,26.2,8.7,16.8,26.9,21.1,7.4,-1.6,9.7,25.7,13.2,-1.1,4.6,9.4,34.8,30.2,14.4,-7.0,11.4,22.1,27.2,27.7,11.0,4.0,1.0,0.5,32.4
2006-03,14.4,10.5,28.6,-7.6,17.3,29.9,26.5,8.3,-1.5,13.6,31.4,12.4,1.5,1.4,7.8,30.8,40.6,14.0,-1.0,8.7,25.7,35.4,32.9,19.0,11.5,-1.0,-5.9,33.7
2006-04,21.3,8.0,22.9,-7.0,20.5,25.3,24.8,8.4,2.6,6.4,24.9,16.4,-6.0,-1.8,19.8,27.7,30.3,17.5,14.0,12.1,24.1,31.5,28.6,12.0,5.4,-1.6,-7.6,37.7
2006-05,19.6,6.1,21.1,-9.0,15.0,26.9,16.5,4.1,0.3,8.1,31.2,15.2,9.2,-2.0,14.4,29.2,26.8,22.8,4.0,17.5,26.5,29.0,33.0,12.0,10.0,-0.4,-5.0,37.3
2006-06,16.6,11.4,17.8,5.0,20.4,22.5,14.6,5.0,-2.1,9.4,22.3,19.4,-1.4,-3.5,28.8,26.0,40.3,26.1,10.0,15.0,26.2,31.2,32.5,6.0,14.8,0.5,-2.9,36.3
2006-07,11.5,10.3,16.4,4.3,20.8,18.7,14.3,0.2,4.1,5.4,32.3,21.1,2.7,-2.1,32.4,28.8,34.4,25.5,17.0,11.5,22.7,22.7,33.9,1.0,12.3,-1.4,-5.5,38.8
2006-08,10.8,8.4,23.0,-6.3,22.2,25.8,9.2,0.4,0.8,11.4,34.0,15.9,2.8,5.8,21.7,31.6,32.9,24.3,11.0,13.9,25.6,30.3,32.5,7.0,13.9,-1.2,-5.5,45.1
2006-09,28.6,7.6,20.2,-4.9,26.3,22.4,16.1,1.3,0.7,9.2,34.6,17.7,3.2,2.2,27.4,27.9,33.2,20.9,16.0,15.5,29.2,38.6,33.6,5.0,12.9,-0.6,-3.8,38.7
2006-10,21.9,4.6,6.8,2.4,20.4,18.7,24.6,3.3,7.8,7.1,33.3,21.1,9.3,-4.4,26.7,32.1,24.9,25.9,10.0,11.1,24.3,27.9,34.0,10.0,14.4,-0.9,-4.6,30.7
2006-11,33.0,8.3,12.0,4.6,22.6,23.3,16.7,3.7,8.8,7.2,28.9,17.3,9.7,-2.5,18.4,31.1,26.2,20.2,4.0,10.7,21.2,24.3,28.4,9.0,14.5,1.1,-1.3,34.0
2006-12,24.3,5.9,13.1,-1.3,27.3,22.6,20.3,6.3,9.4,8.8,23.9,19.6,3.8,-2.6,25.0,31.2,32.1,15.9,5.0,16.1,25.6,29.3,31.2,1.0,13.5,0.6,-0.9,34.4
2007-01,17.6,12.8,14.8,10.9,32.3,38.9,28.7,18.1,11.0,18.3,13.3,17.7,-2.0,-4.3,27.6,21.2,30.4,23.0,7.0,17.4,23.9,21.7,32.6,9.0,11.0,0.8,-1.0,33.7
2007-02,34.3,16.0,20.3,11.7,37.0,37.0,40.7,20.5,9.4,15.2,16.1,20.3,5.1,-5.4,27.4,28.0,32.7,13.9,6.0,14.7,24.6,28.5,30.5,10.0,13.4,0.2,-4.4,32.9
2007-03,28.6,27.4,36.5,18.3,31.3,42.8,32.2,20.1,1.6,13.8,14.7,25.2,5.0,-4.5,38.4,32.6,17.6,20.5,27.0,14.9,24.7,27.0,32.3,15.0,11.7,-0.1,-4.1,34.2
2007-04,24.1,3.3,-1.4,8.0,37.9,47.5,49.0,26.9,4.7,17.8,15.9,23.2,10.2,-4.6,29.7,35.3,27.7,22.0,24.0,12.2,24.9,26.8,35.7,24.0,10.9,0.8,-2.6,33.5
2007-05,27.9,20.1,20.2,20.1,36.8,37.9,43.6,22.6,8.6,15.7,13.8,22.4,10.4,2.0,30.4,38.9,40.7,23.9,23.0,7.4,21.9,31.0,27.3,16.0,12.5,0.0,-1.9,35.2
2007-06,32.4,19.6,19.2,20.0,34.7,30.5,33.8,15.8,0.5,12.8,17.1,21.3,13.8,2.6,28.3,38.1,36.4,20.6,16.0,6.5,20.5,25.1,29.9,4.0,11.9,0.9,-1.7,37.7
2007-07,37.7,24.0,20.8,27.3,31.0,30.8,35.0,16.2,-7.7,10.6,17.2,18.9,10.1,1.8,25.7,32.9,35.4,25.4,20.0,4.2,20.4,24.7,32.4,-3.0,8.4,0.2,-2.8,41.6
2007-08,37.8,14.0,9.1,18.8,31.4,31.9,42.8,21.3,1.0,12.3,10.8,19.1,8.7,2.7,27.3,32.9,29.5,19.0,19.0,5.5,21.2,27.0,31.1,7.0,10.2,-0.1,-3.6,46.2
2007-09,16.0,16.1,17.0,15.2,27.9,36.4,38.2,19.4,5.1,18.2,16.4,16.4,9.9,8.2,26.0,31.3,23.7,16.4,20.0,6.9,21.8,24.4,34.2,8.0,9.1,-1.9,-8.9,52.8
2007-10,21.8,15.4,1.5,29.4,41.3,28.9,32.4,16.1,2.3,6.6,13.1,13.9,11.2,7.7,30.1,19.3,13.8,17.6,22.0,4.3,20.5,28.5,28.6,5.0,8.8,-1.6,-9.5,59.8
2007-11,36.0,13.6,1.4,25.7,24.1,20.6,39.2,13.4,2.0,11.4,19.6,14.3,8.9,14.4,27.1,30.1,20.1,18.6,14.0,1.6,18.3,29.8,23.6,8.0,10.1,-2.6,-13.3,52.8
2007-12,27.6,7.9,1.1,14.7,23.1,22.7,26.9,8.7,-5.2,7.2,23.4,15.5,5.1,10.3,28.4,28.4,19.8,20.2,19.0,-0.4,18.1,27.0,27.7,11.0,7.5,-3.0,-13.9,54.2
2008-01,3.5,17.2,12.6,21.9,27.0,21.9,34.7,14.8,-5.9,8.4,12.1,14.7,0.2,8.5,26.9,25.8,17.1,17.2,14.0,-4.2,16.1,29.0,23.5,13.0,10.5,-3.3,-13.9,57.6
2008-02,1.3,16.4,26.2,6.6,15.9,31.3,31.3,15.9,-0.9,5.0,15.1,4.3,3.3,16.6,9.7,19.7,22.7,18.6,0.0,-8.5,13.6,21.5,27.7,7.0,12.4,-4.1,-17.2,47.3
2008-03,-7.5,11.1,17.9,4.3,15.8,34.7,42.1,19.8,2.3,9.9,17.5,3.4,3.4,14.6,11.9,12.8,19.6,18.7,-2.0,-8.5,16.4,26.8,30.8,8.0,10.0,-4.2,-15.7,47.3
2008-04,-4.1,5.3,9.5,1.0,24.8,33.6,32.2,17.4,0.4,4.4,13.7,2.5,-3.5,9.5,6.0,11.0,16.2,14.6,1.0,-5.4,18.9,28.6,33.4,19.0,12.6,-5.1,-18.2,48.6
2008-05,-1.9,-3.1,2.6,-8.8,9.5,41.8,36.5,19.5,-1.5,3.5,20.0,3.2,1.2,6.1,5.6,10.2,13.4,17.9,2.0,-0.6,19.4,25.8,33.1,24.0,12.6,-7.6,-19.8,50.7
2008-06,4.5,2.5,-2.0,7.0,7.0,21.5,36.8,12.4,0.3,-4.7,21.1,-1.3,-3.4,7.6,-2.0,5.6,12.9,15.4,3.0,-1.0,16.5,22.7,27.7,8.0,10.6,-8.8,-22.5,48.9
2008-07,-12.8,-22.4,-34.0,-10.8,-0.5,13.9,14.1,2.9,-11.6,-9.7,19.3,-2.4,-6.4,13.8,-1.4,7.9,3.9,20.5,-6.0,-4.6,15.8,20.2,31.9,1.0,8.9,-10.2,-26.9,51.4
2008-08,-5.9,-11.1,-20.1,-2.1,-7.7,8.7,13.6,2.8,-6.8,-9.7,13.8,-7.1,-8.4,14.6,-13.6,7.0,-0.4,7.1,-17.0,-8.6,11.2,14.4,27.7,7.0,7.5,-9.9,-21.9,35.4
2008-09,-7.5,-19.4,-24.0,-14.7,-27.7,11.6,14.5,2.6,-8.7,-17.1,18.4,-9.2,-12.0,14.2,-14.9,1.4,-4.1,12.3,-22.0,-10.8,9.7,15.4,24.4,-2.0,9.9,-8.7,-22.0,31.8
2008-10,-21.3,-20.8,-32.0,-9.6,-45.7,3.9,20.3,1.4,-9.4,-13.8,20.0,-11.9,-22.4,14.8,-23.9,3.1,-8.2,2.0,-28.0,-16.1,4.6,13.7,16.3,-5.0,3.1,-11.6,-26.2,31.7
2008-11,-37.4,-42.7,-37.0,-48.3,-48.3,1.4,9.0,-4.3,-9.9,-22.4,23.4,-31.5,-27.8,21.4,-29.7,-43.4,-14.5,-7.2,-34.0,-23.2,-2.8,3.5,11.4,-9.0,-0.5,-12.5,-28.8,18.3
2008-12,-51.0,-47.1,-48.8,-45.4,-58.7,-6.1,8.1,-5.7,-10.1,-27.7,19.2,-35.3,-38.7,21.2,-41.4,-43.1,-33.2,-23.1,-49.0,-28.4,-5.4,2.8,9.4,-14.0,-1.6,-13.1,-32.8,4.7
2009-01,-34.1,-56.9,-59.6,-54.2,-57.5,-14.2,-5.5,-11.2,-18.8,-25.1,14.1,-31.8,-46.3,22.4,-49.1,-23.8,-38.7,-27.7,-59.0,-32.0,-12.6,-5.9,-0.1,-15.0,-0.7,-10.3,-23.1,3.7
2009-02,-40.0,-55.9,-52.4,-59.4,-54.1,-13.0,0.7,-7.2,-10.0,-25.1,9.3,-35.4,-41.8,14.7,-60.4,-31.3,-47.5,-26.3,-70.0,-32.3,-12.8,-5.1,-0.9,-13.0,-4.1,-9.9,-19.7,1.3
2009-03,-49.1,-53.4,-50.0,-56.8,-49.5,-13.2,-7.8,-9.2,-15.9,-28.2,6.6,-36.7,-46.2,14.7,-66.2,-29.1,-48.2,-30.7,-74.0,-40.9,-17.3,-7.3,-3.5,-13.0,-6.4,-9.5,-19.2,-0.1
2009-04,-29.6,-47.0,-37.8,-56.1,-62.7,-15.4,-14.8,-10.6,-16.8,-25.5,1.6,-32.5,-47.8,11.6,-63.1,-22.9,-37.5,-26.8,-64.0,-43.6,-22.3,-11.1,-12.3,-17.0,-16.4,-6.9,-9.4,-6.9
2009-05,-51.7,-48.9,-40.1,-57.8,-48.2,-11.3,-14.6,-11.3,-15.6,-28.6,8.0,-32.0,-47.8,12.1,-64.5,-19.2,-40.3,-19.3,-65.0,-31.3,-15.1,-5.3,-8.8,-12.0,-14.2,-3.2,3.9,-1.7
2009-06,-43.0,-57.2,-42.6,-71.9,-47.8,-19.4,-19.1,-15.6,-16.8,-29.0,8.2,-31.1,-50.9,9.6,-65.1,-18.6,-40.0,-21.1,-62.0,-20.2,-8.3,-0.8,-4.0,-1.0,-15.4,-2.8,3.8,1.8
2009-07,-44.3,-47.7,-34.6,-60.8,-59.6,-15.1,-19.0,-14.1,-14.5,-28.2,8.4,-20.5,-44.1,-3.4,-55.4,-9.5,-27.3,-27.2,-53.0,-19.5,-7.6,1.0,-4.2,-23.0,-3.4,-2.2,5.7,1.4
2009-08,-29.9,-49.7,-35.4,-64.0,-34.7,-16.3,-20.3,-14.8,-19.6,-23.4,7.8,-20.3,-42.2,-2.4,-55.4,-7.8,-22.1,-15.8,-58.0,-18.4,-7.0,-1.6,-1.0,-14.0,-14.0,-2.3,5.4,0.9
2009-09,-30.8,-42.7,-27.8,-57.6,-32.1,-15.4,-15.5,-12.4,-20.5,-26.4,6.4,-15.4,-35.6,-13.8,-56.6,-3.4,-11.4,-17.2,-56.0,-13.0,-3.7,-1.2,3.1,-13.0,-11.3,-0.6,14.0,4.9
2009-10,-14.1,-27.1,-13.5,-40.6,-25.5,-21.2,-19.8,-16.7,-13.2,-23.1,9.0,-12.3,-29.3,-15.1,-48.8,-3.1,-2.6,-14.0,-54.0,-9.9,-1.9,0.9,3.2,-22.0,-12.9,0.6,16.3,15.3
2009-11,-18.9,-28.1,-16.9,-39.2,-21.8,1.5,-7.8,-3.2,-8.9,-12.2,3.4,-16.0,-32.1,-6.6,-49.4,-5.3,-1.7,-12.5,-52.0,-4.8,1.2,4.5,3.8,-16.0,-10.0,-0.7,13.1,15.0
2009-12,4.1,-20.5,-8.6,-32.4,-14.4,6.9,-9.0,-3.4,-10.0,-16.4,8.1,-8.3,-25.7,-12.8,-45.3,7.6,3.6,-11.9,-47.0,-6.4,-0.2,7.9,-2.0,-14.0,-10.2,1.0,14.6,16.2
2010-01,-3.8,-21.1,-6.0,-36.2,-8.0,-7.3,-3.6,-6.3,-7.8,-12.9,8.1,-6.8,-21.1,-10.7,-43.2,12.0,-0.3,-7.0,-51.0,-6.1,8.1,15.3,15.0,-10.0,-9.3,1.7,16.8,19.6
2010-02,-3.6,-27.0,-10.5,-43.5,1.7,-2.0,2.7,-0.3,-4.1,-10.6,1.5,-5.6,-26.9,-10.3,-39.6,12.6,7.4,-4.0,-48.0,-0.9,12.7,19.2,19.8,2.0,-5.6,3.3,16.2,17.7
2010-03,-0.3,-31.8,-18.6,-44.9,-1.5,10.9,2.4,4.2,-6.1,-6.1,0.7,-5.4,-30.0,-7.1,-39.5,16.1,16.7,7.0,-42.0,2.4,12.4,16.0,18.7,6.0,-6.1,3.1,17.2,26.5
2010-04,2.2,-21.4,3.3,-46.1,9.7,35.6,3.3,13.2,-14.1,-6.0,-0.6,-0.3,-19.3,-11.2,-34.2,22.1,17.3,13.0,-31.0,9.8,18.9,16.5,30.5,11.0,3.7,3.6,19.1,36.1
2010-05,0.8,-19.6,1.5,-40.7,16.3,15.7,10.5,8.4,-5.7,-2.4,1.0,5.0,-22.5,-11.8,-15.7,18.9,22.6,11.0,-21.0,10.3,17.7,14.6,28.2,12.0,1.8,0.3,4.8,33.9
2010-06,16.5,-24.6,-3.2,-45.9,17.4,24.6,22.9,16.1,-5.9,10.1,-0.7,2.1,-3.3,-3.4,-16.2,19.0,25.5,22.0,-18.0,8.4,17.7,17.5,27.3,6.0,7.2,1.7,10.3,32.0
2010-07,13.8,-17.8,-2.7,-32.9,25.9,20.8,19.8,10.1,-4.5,-1.6,10.5,2.7,0.5,-4.5,-14.5,18.0,29.3,20.0,-13.0,10.4,16.9,17.9,22.5,-4.0,1.6,2.8,16.3,32.6
2010-08,22.2,-23.0,-9.1,-37.0,16.9,1.8,12.8,5.0,-7.4,-4.0,-0.2,6.1,-3.6,-6.5,-12.2,23.9,26.8,16.0,-13.0,15.0,22.5,24.2,28.4,9.0,8.4,3.6,17.8,40.8
2010-09,25.2,-8.8,13.9,-31.6,15.1,17.6,20.5,12.6,0.6,5.6,0.4,3.8,-4.0,0.1,-10.4,22.0,17.9,17.0,-17.0,20.7,27.0,31.6,28.8,4.0,3.4,4.6,20.4,48.7
2010-10,11.4,-17.5,-6.5,-28.6,24.4,18.7,15.0,9.9,-4.0,5.6,4.0,4.8,-1.9,-4.1,-8.7,18.9,29.4,10.0,-16.0,24.5,29.0,30.6,31.8,8.0,12.4,2.8,14.2,54.5
2010-11,-3.7,-14.8,2.6,-32.2,18.3,29.6,27.3,16.2,-3.7,8.9,8.4,5.8,3.8,-1.6,-14.1,29.8,34.8,20.0,-17.0,22.7,30.1,35.2,32.4,12.0,13.2,2.2,12.2,48.8
2010-12,7.6,-7.0,9.3,-23.3,16.2,22.9,39.9,17.6,-0.9,9.7,10.0,7.3,9.5,-0.9,-9.2,30.3,33.1,27.0,-15.0,19.0,25.8,34.1,24.3,12.0,17.1,-1.8,-3.9,49.1
2011-01,13.8,-4.6,8.9,-18.1,24.1,8.7,25.3,8.7,-4.9,12.6,8.1,8.5,7.8,0.2,1.8,23.9,33.0,18.0,-4.0,20.2,28.1,33.9,30.2,8.0,14.2,0.1,4.7,51.6
2011-02,20.1,-0.2,2.1,-2.6,20.8,25.0,24.7,12.3,3.9,6.1,12.6,3.6,8.0,7.8,-5.8,24.4,33.2,31.0,-11.0,17.0,27.4,30.2,34.9,17.0,14.9,0.3,7.4,49.4
2011-03,12.4,-0.4,8.1,-9.0,19.0,28.9,26.5,13.9,2.8,11.2,13.7,8.2,5.6,2.0,-1.7,28.3,30.2,35.0,-9.0,12.4,27.7,31.6,39.3,18.0,16.8,-0.4,3.7,52.4
2011-04,20.1,-1.1,3.0,-5.2,33.7,37.5,25.3,14.5,-6.6,7.1,19.3,4.2,3.7,3.9,-6.4,22.9,27.1,29.0,-3.0,16.3,30.9,39.0,37.3,26.0,16.9,-0.7,3.2,49.7
2011-05,16.0,-0.1,15.6,-15.7,31.7,31.8,26.7,15.8,-3.7,5.2,11.0,5.1,9.3,4.2,-7.8,27.2,31.0,22.0,-10.0,19.9,29.3,34.4,33.6,20.0,13.7,-1.6,-1.7,47.0
2011-06,21.2,1.4,4.8,-2.0,29.8,17.6,30.9,12.1,-5.0,0.1,12.3,3.4,6.4,8.6,-6.3,25.2,26.4,22.0,-9.0,15.9,28.9,39.1,31.7,19.0,11.9,-5.3,-9.1,53.5
2011-07,19.0,0.0,3.0,-2.9,22.2,32.7,30.6,13.6,-5.4,6.4,22.7,-1.4,4.1,6.4,-15.4,17.5,8.2,17.0,-8.0,16.1,27.3,33.9,32.0,13.0,9.5,-5.6,-12.4,51.4
2011-08,11.7,-1.7,10.6,-13.9,14.8,18.9,36.0,9.7,-14.4,-9.8,25.7,-7.3,8.8,4.4,-20.0,2.6,-4.4,7.0,-20.0,12.6,26.5,33.1,33.7,0.0,9.1,-8.5,-21.8,43.9
2011-09,8.4,-6.2,-3.0,-9.5,0.7,24.6,41.5,17.0,-13.3,-1.9,15.3,-8.3,-12.6,12.0,-25.2,12.4,4.8,1.0,-23.0,5.3,19.4,28.2,24.7,2.0,11.1,-9.5,-24.4,45.8
2011-10,10.8,-10.7,-6.0,-15.5,-6.4,15.7,41.0,11.9,-9.8,-3.1,21.0,-4.7,-15.2,7.9,-20.6,14.4,-2.9,2.0,-21.0,1.4,17.9,22.6,29.7,2.0,12.1,-9.5,-25.6,44.1
2011-11,21.9,-4.6,-8.1,-1.1,1.5,6.6,13.4,-0.4,-5.6,-6.4,21.3,-7.9,-15.8,9.4,-23.9,9.6,0.5,9.0,-31.0,-7.9,14.5,25.9,25.6,6.0,11.2,-9.9,-25.0,43.2
2011-12,-1.3,-18.5,-17.7,-19.3,-2.3,10.8,41.7,5.2,-15.8,-14.7,36.9,-9.2,-18.6,7.0,-20.1,-0.4,18.2,1.0,-29.0,-15.9,4.5,12.3,16.9,-6.0,4.3,-10.4,-27.5,41.8
2012-01,-2.8,-2.9,1.3,-7.1,-3.8,12.8,33.4,2.4,-19.9,-14.7,39.1,-9.5,-22.7,5.1,-23.2,-0.2,6.0,12.0,-35.0,-10.0,4.1,11.7,10.6,-2.0,8.3,-7.1,-18.1,46.3
2012-02,-11.4,-3.0,0.7,-6.6,-1.3,22.3,37.3,13.6,-13.9,-9.2,18.8,-4.4,-19.8,-0.1,-17.0,3.8,-6.8,5.0,-29.0,2.5,17.0,22.7,25.8,6.0,-0.3,-4.4,-7.0,39.0
2012-03,-8.1,-0.6,1.9,-3.1,8.4,22.8,50.4,21.5,-5.2,-6.9,8.8,-5.6,-13.3,4.2,-17.0,4.4,2.4,13.0,-21.0,0.1,13.9,20.6,21.2,16.0,2.4,-5.6,-9.7,46.9
2012-04,-13.0,-7.7,-7.2,-8.3,1.5,33.5,38.3,18.9,-3.0,-3.5,15.1,-4.3,-8.7,0.0,-18.6,5.7,8.5,12.0,-20.0,-2.2,11.6,14.5,22.5,11.0,1.7,-3.0,-1.3,51.0
2012-05,3.4,-19.7,-13.6,-25.7,-9.6,31.9,16.8,13.3,-10.8,-4.6,8.9,-11.7,-6.8,10.2,-22.8,-2.0,15.3,7.0,-23.0,-0.9,15.0,19.0,26.8,12.0,4.6,-2.9,-2.3,40.5
2012-06,-24.9,-16.0,-12.0,-20.0,-4.9,29.5,19.7,11.7,-7.1,-9.2,14.3,-7.9,-6.5,1.7,-19.3,-2.7,13.5,6.0,-21.0,-5.8,5.6,12.1,10.4,-1.0,5.9,-7.5,-16.8,39.8
2012-07,-27.7,-17.2,-21.5,-13.0,-14.1,7.8,9.7,1.9,-10.4,-14.9,11.9,-6.5,-11.3,14.3,-11.4,6.1,13.5,1.0,-14.0,-7.9,4.6,12.3,9.4,-2.0,5.4,-9.3,-24.0,37.3
2012-08,-15.7,-19.2,-18.5,-19.9,-18.0,-5.1,9.0,-3.9,-13.5,-14.2,15.8,-7.3,-9.1,10.3,-15.9,4.3,13.8,9.0,-19.0,-10.2,1.1,6.7,6.7,-1.0,3.9,-10.1,-24.1,49.6
2012-09,8.0,-22.7,-21.9,-23.5,-21.9,-14.6,9.3,-4.5,-17.3,-19.9,8.2,-7.9,-15.2,5.0,-20.1,1.2,8.0,4.0,-22.0,-13.8,2.3,7.4,13.4,-8.0,4.7,-8.3,-19.7,48.3
2012-10,-18.8,-23.3,-15.1,-31.5,-22.2,-10.1,7.2,-7.6,-11.6,-7.7,20.1,-9.5,-21.6,1.9,-25.5,-1.2,7.1,-6.0,-30.0,-19.6,-0.7,11.8,5.8,-15.0,-1.3,-8.8,-22.2,48.5
2012-11,-3.1,-20.6,-12.3,-29.0,-26.2,0.6,-5.6,-5.4,-16.3,-17.3,11.3,-11.7,-20.5,0.4,-24.7,-10.1,-4.7,4.0,-28.0,-18.1,-3.8,4.8,2.0,-11.0,-10.8,-6.9,-14.3,44.2
2012-12,3.9,-29.0,-21.7,-36.3,-29.2,-8.3,-7.5,-11.2,-20.7,-15.2,17.8,-12.8,-26.9,0.9,-32.0,-5.3,-16.9,2.0,-43.0,-12.7,4.2,11.8,13.4,-8.0,-1.7,-7.2,-14.8,44.3
2013-01,0.6,-25.0,-26.9,-23.1,-17.9,-9.1,23.6,0.4,-16.2,-16.8,13.2,-11.4,-17.5,6.0,-27.3,-0.8,-13.9,-1.0,-31.0,-18.0,1.9,12.6,11.0,-11.0,-8.2,-5.6,-8.1,42.4
2013-02,-4.1,-27.1,-32.5,-21.6,-24.0,2.0,1.7,-2.7,-14.8,-16.4,11.9,-6.0,-15.1,5.0,-22.2,9.2,-1.8,-2.0,-32.0,-13.9,-1.1,9.1,1.4,-3.0,-2.0,-3.0,-1.0,42.4
2013-03,-6.8,-22.8,-18.3,-27.2,-17.7,-0.3,-10.7,-7.9,-18.1,-18.7,12.7,-9.1,-15.1,3.3,-35.2,11.3,-6.6,-1.0,-35.0,-10.3,1.8,6.5,9.4,-1.0,-4.2,-3.4,-1.0,40.2
2013-04,-17.4,-19.2,-14.1,-24.3,-21.1,3.6,-20.5,-10.3,-13.3,-18.0,13.9,-7.2,-17.5,-1.9,-30.8,7.3,-10.9,-3.0,-23.0,-17.0,-0.4,10.5,5.2,-1.0,-7.0,-5.2,-6.6,44.5
2013-05,-22.1,-34.3,-26.8,-41.7,-26.9,3.9,-8.2,-8.3,-10.7,-24.3,20.7,-5.3,-17.1,-0.7,-26.9,10.2,1.4,-1.0,-21.0,-13.4,-3.5,8.1,-5.3,4.0,-6.7,-5.8,-8.8,35.9
2013-06,5.7,-18.9,-20.8,-17.0,-25.9,-4.6,-12.4,-10.4,-15.0,-19.4,14.2,-6.1,-16.1,-2.3,-25.3,4.9,5.7,-6.0,-23.0,-8.0,0.8,5.0,5.4,-2.0,-8.1,-4.8,-5.0,38.7
2013-07,1.0,-15.2,-18.4,-12.0,-22.1,-11.1,-10.3,-10.5,-17.3,-20.4,10.1,-9.4,-15.6,1.2,-26.3,-0.7,2.7,-11.0,-23.0,-3.5,5.4,7.3,12.3,-9.0,-7.2,-6.1,-9.9,38.1
2013-08,-3.3,-23.8,-26.7,-20.9,-26.7,-33.2,-23.1,-23.4,-6.7,-27.7,13.8,-11.5,-13.4,8.2,-29.7,3.4,10.2,-7.0,-24.0,-11.5,-1.8,8.3,-2.0,-6.0,-10.1,-6.4,-13.0,34.3
2013-09,-27.1,-24.3,-23.2,-25.5,-15.0,-30.5,-25.6,-20.4,-12.3,-33.2,5.1,-13.8,-13.2,7.0,-33.9,-0.4,-0.4,-10.0,-31.0,-13.4,-0.2,12.4,0.4,-10.0,-9.7,-5.9,-8.4,40.0
2013-10,-1.4,-10.2,-7.8,-12.5,-29.0,-22.1,-19.9,-12.0,-14.4,-26.7,-5.9,-13.7,-20.2,7.9,-34.5,1.3,-10.4,-12.0,-33.0,-12.4,-1.0,6.2,3.2,-2.0,-6.7,-5.7,-7.1,34.0
2013-11,-15.6,-30.0,-19.0,-40.9,-29.5,-7.5,-10.8,-6.9,-16.2,-25.0,2.3,-7.7,-15.8,-3.6,-34.5,7.7,-5.0,-8.0,-35.0,-19.3,-2.6,4.7,6.8,-9.0,-1.2,-5.0,-4.1,31.9
2013-12,-9.5,-19.1,-17.9,-20.3,-27.8,0.8,2.6,-1.8,-6.8,-17.5,8.8,-7.7,-13.5,0.8,-28.0,5.8,0.5,-4.0,-33.0,-7.5,2.8,8.6,7.3,-12.0,-8.8,-5.1,-5.3,31.9
2014-01,-17.8,-28.8,-24.6,-33.1,-29.5,0.9,3.6,-3.3,-7.5,-16.9,14.3,-11.9,-6.8,5.9,-33.3,3.5,5.7,-4.0,-35.0,-6.3,2.6,10.7,3.3,-2.0,-6.1,-3.1,1.7,38.2
2014-02,-15.7,-22.5,-20.3,-24.6,-22.5,3.0,-4.3,-3.1,-17.7,-17.6,8.0,-7.0,-17.3,3.0,-26.4,8.4,6.6,2.0,-26.0,-9.3,2.2,10.8,5.0,-5.0,-5.1,-4.1,-2.1,34.0
2014-03,-2.4,-26.9,-32.5,-21.2,-18.8,-3.3,-5.6,-7.8,-14.0,-18.2,14.6,-8.0,-8.4,2.5,-26.5,4.8,7.8,4.0,-22.0,-5.8,0.1,9.1,-2.8,-5.0,-4.5,-4.9,-3.5,36.8
2014-04,-9.2,-28.4,-29.6,-27.3,-25.1,4.6,3.6,2.8,-12.6,-21.8,-0.3,-6.7,-7.7,4.1,-22.0,6.0,9.0,-4.0,-18.0,-12.4,-2.4,10.9,-5.8,-3.0,-3.7,-6.8,-7.7,33.0
2014-05,7.3,-18.5,-14.2,-22.8,-19.7,3.8,-18.3,-3.7,-28.7,-16.7,-3.3,-5.0,-8.9,-0.7,-24.9,9.4,7.1,-3.0,-21.0,-11.4,-0.5,9.5,0.3,2.0,-1.8,-5.3,-1.8,34.4
2014-06,-4.5,-19.7,-12.4,-27.0,-17.6,-14.5,-30.3,-16.0,-11.0,-15.5,3.2,-8.5,-11.7,5.7,-29.3,9.7,7.6,-5.0,-25.0,-11.0,-0.3,7.5,2.7,-1.0,-6.7,-4.4,-2.8,26.3
2014-07,-5.1,-22.6,-21.3,-24.0,-26.0,-26.1,-46.4,-24.3,-20.2,-45.1,0.3,-8.0,-12.4,6.2,-27.2,9.4,8.0,-8.0,-23.0,-8.0,0.0,9.2,-1.1,-6.0,-7.2,-3.7,0.4,33.0
2014-08,-11.8,-33.0,-23.2,-42.8,-21.7,-22.3,-42.3,-23.8,-23.7,-38.1,6.9,-5.9,-6.5,6.2,-23.5,11.9,8.5,-7.0,-25.0,-8.0,2.8,11.1,5.4,-11.0,-4.9,-8.6,-15.1,27.7
2014-09,-15.6,-37.6,-29.8,-45.4,-33.9,-29.4,-44.5,-26.3,-24.3,-33.2,4.9,-11.9,-14.3,11.0,-31.8,7.1,-1.9,-8.0,-30.0,-23.0,-6.9,6.5,-4.2,-12.0,-5.5,-10.2,-20.9,23.3
2014-10,-10.1,-32.1,-31.7,-32.5,-34.0,-46.1,-26.9,-22.7,-29.2,-44.9,-4.9,-8.9,-9.9,6.9,-25.5,5.8,3.2,-10.0,-29.0,-19.5,-3.8,6.2,1.9,-1.0,-13.0,-8.5,-16.7,12.4
2014-11,-6.4,-35.2,-29.5,-40.9,-28.0,-34.6,-44.9,-26.6,-30.1,-38.5,0.3,-9.1,-15.2,4.3,-26.4,3.5,8.3,-15.0,-30.0,-11.6,0.2,5.8,6.5,-9.0,-6.3,-7.9,-14.0,21.0
2014-12,-11.9,-21.6,-12.8,-30.4,-21.3,-42.1,-36.3,-28.0,-33.9,-42.7,5.8,-11.3,-15.2,12.7,-26.0,4.9,-1.4,-8.0,-30.0,-16.3,-2.6,7.5,1.0,-8.0,-2.6,-7.3,-10.5,14.4
2015-01,-1.3,-22.2,-11.3,-33.0,-31.2,-40.2,-43.5,-28.4,-31.7,-41.7,1.5,-8.1,-16.4,10.9,-18.4,4.8,2.8,-13.0,-24.0,-17.4,-2.5,3.4,6.5,-5.0,-4.7,-5.9,-7.4,8.2
2015-02,6.6,-23.0,-20.4,-25.6,-23.4,-37.0,-37.2,-27.8,-28.6,-37.0,9.2,-8.1,-14.6,6.1,-26.5,8.2,-3.0,1.0,-29.0,-9.9,-1.0,4.0,3.0,2.0,-5.6,-3.4,-0.1,-6.0
2015-03,-11.9,-19.8,-17.3,-22.3,-22.6,-31.2,-36.4,-21.4,-22.9,-35.7,-3.4,-7.9,-13.2,3.6,-19.8,-0.4,1.3,-7.0,-17.0,-6.6,2.5,13.2,1.1,5.0,-3.0,-3.9,-3.0,3.7
2015-04,-6.1,-16.8,-11.3,-22.3,-31.3,-18.4,-20.3,-15.7,-37.8,-38.8,8.5,-7.0,-15.9,7.1,-16.1,2.1,10.6,-4.0,-13.0,-8.6,2.1,13.0,1.9,4.0,-2.5,-2.2,0.5,-0.5
2015-05,4.1,-11.4,-5.0,-17.8,-16.4,-11.3,-38.4,-17.4,-24.8,-34.0,2.5,-11.2,-10.6,10.3,-25.9,2.6,-6.6,-4.0,-24.0,-5.4,2.4,9.2,3.5,2.0,-4.6,-1.4,6.7,1.0
2015-06,-2.3,-13.6,-8.2,-19.0,-13.3,-29.4,-40.2,-23.9,-28.8,-42.5,2.2,-7.8,-19.3,3.7,-22.3,2.5,-3.8,-5.0,-19.0,-6.1,2.1,10.8,1.6,4.0,4.2,-4.0,0.2,6.5
2015-07,13.1,1.7,6.3,-2.9,-5.8,-25.1,-20.5,-16.4,-33.2,-32.2,3.5,-9.0,-15.2,5.2,-21.0,-0.8,-0.2,-7.0,-19.0,-6.1,2.4,10.3,3.0,-2.0,2.3,-4.1,-3.5,10.2
2015-08,10.7,-14.4,-5.0,-23.8,-16.1,-25.3,-35.3,-19.9,-28.7,-32.1,-1.0,-12.4,-21.0,10.2,-29.2,2.3,0.5,-7.0,-30.0,-6.6,3.5,15.0,2.0,-1.0,-0.3,-5.5,-5.8,7.7
2015-09,6.3,-10.4,-7.3,-13.5,-17.4,-20.4,-30.5,-18.6,-29.4,-36.3,4.8,-10.2,-22.9,8.1,-21.7,-0.8,1.0,-11.0,-27.0,-10.2,2.5,15.4,2.4,-12.0,-2.1,-8.0,-16.0,6.5
2015-10,12.3,-2.2,4.1,-8.5,-7.3,-10.2,-17.1,-9.4,-36.1,-21.3,1.0,-4.7,-18.2,0.0,-23.5,9.3,-1.6,-24.0,-29.0,-6.0,6.7,18.0,8.1,-12.0,5.6,-8.7,-14.5,4.4
2015-11,7.8,-1.3,-1.7,-0.9,-6.4,-17.5,-24.8,-15.8,-23.0,-29.9,5.2,-9.3,-18.8,2.2,-30.3,4.6,4.0,0.0,-37.0,-0.7,11.3,21.3,13.3,-2.0,2.9,-5.5,-7.2,5.8
2015-12,7.5,-5.8,-1.3,-10.4,-2.7,-24.1,-18.3,-12.7,-20.9,-25.7,-4.2,-10.8,-15.5,8.6,-30.0,6.2,4.3,1.0,-36.0,-2.5,9.7,18.4,13.1,0.0,1.2,-7.9,-16.5,9.4
2016-01,10.1,-12.0,-9.9,-14.0,-5.2,-8.3,-11.5,-4.5,-24.9,-20.7,-6.3,-9.3,-15.1,10.9,-24.4,7.5,5.0,0.0,-35.0,-2.9,11.9,24.0,14.6,2.0,4.2,-3.3,-1.0,4.9
2016-02,-0.1,-8.7,-4.8,-12.6,1.7,-20.7,-26.6,-15.6,-29.6,-28.9,-0.6,-9.0,-15.8,8.1,-19.6,0.8,2.7,-6.0,-26.0,-3.8,10.0,19.1,14.8,3.0,5.8,-5.0,-8.7,6.1
2016-03,17.4,-3.5,-0.6,-6.3,6.4,-10.1,-16.1,-9.3,-25.7,-25.6,1.6,-4.6,-13.8,0.7,-19.0,5.8,0.7,4.0,-27.0,-5.8,7.5,15.8,12.6,13.0,2.4,-5.4,-3.0,4.3
2016-04,10.8,-3.7,5.9,-13.4,13.3,1.5,-11.3,-5.7,-11.1,-13.0,7.4,-8.3,-13.5,0.0,-28.2,3.2,-1.6,-3.0,-28.0,-0.8,9.5,15.4,14.1,8.0,0.9,-3.8,-1.7,9.1
2016-05,6.1,-3.1,-2.4,-3.8,15.8,2.8,-13.2,-2.9,-19.9,-18.2,-1.6,-11.4,-16.2,5.3,-30.0,1.1,4.7,0.0,-33.0,3.1,12.2,17.3,16.1,10.0,4.4,-3.1,1.1,7.3
2016-06,11.8,-4.3,5.4,-13.9,15.4,7.6,3.7,1.4,-14.5,-16.7,7.2,-10.5,-14.5,5.7,-26.3,0.5,-2.6,-9.0,-25.0,5.5,12.8,17.5,15.5,7.0,-0.8,-0.4,7.5,7.8
2016-07,12.7,-4.0,7.9,-15.8,17.6,2.7,2.1,-1.0,-21.2,-12.0,7.7,-11.9,-14.0,8.2,-24.9,-2.7,4.0,-13.0,-28.0,7.1,17.1,24.5,19.9,6.0,8.5,-2.2,2.5,9.8
2016-08,13.3,3.3,8.4,-1.9,18.7,-9.1,-19.1,-8.8,-24.7,-22.9,-1.9,-9.0,-10.6,1.2,-25.0,-0.8,-1.5,-11.0,-29.0,5.0,14.4,18.7,19.6,1.0,4.7,-0.6,4.6,8.3
2016-09,27.3,0.3,4.1,-3.5,13.0,-14.4,-10.6,-10.9,-17.5,-9.1,7.7,1.1,-8.6,-5.8,-16.7,14.0,4.1,-12.0,-27.0,5.4,12.8,14.5,18.4,-2.0,9.7,-1.2,3.8,9.4
2016-10,8.7,-6.8,-4.1,-9.4,1.9,-11.3,-3.3,-5.8,-13.1,-16.7,2.8,-4.3,-8.4,0.9,-17.5,5.5,8.2,-17.0,-24.0,6.4,15.0,19.8,18.8,1.0,5.7,0.2,6.4,20.0
2016-11,8.9,-10.0,-7.1,-12.9,7.6,-15.4,-22.8,-12.4,-14.9,-15.8,-0.9,-3.2,-4.3,0.1,-16.3,6.8,-1.8,-12.0,-22.0,4.4,12.5,19.5,13.5,0.0,4.3,-0.1,6.7,19.0
2016-12,11.8,-4.6,-2.8,-6.4,16.2,-10.2,-7.4,-6.8,-19.0,-11.8,2.8,0.9,-4.2,-2.5,-10.1,10.3,14.6,-1.0,-20.0,6.3,16.0,23.3,18.5,1.0,9.1,0.7,9.2,22.9
2017-01,17.7,1.0,10.1,-8.0,12.1,-6.2,-11.3,-8.4,-10.1,-4.8,7.8,2.1,-0.7,-0.1,-8.4,14.6,18.6,-4.0,-18.0,10.2,17.5,22.1,20.3,-1.0,8.0,2.0,12.4,21.6
2017-02,3.9,2.4,10.5,-5.6,20.1,-9.0,5.8,-3.2,-19.6,-8.9,6.6,3.5,-5.2,-2.8,-9.7,17.4,14.8,-8.0,-17.0,9.5,17.4,23.9,18.7,7.0,1.9,1.5,11.2,20.1
2017-03,17.8,-2.2,-0.2,-4.3,21.7,25.9,14.0,8.1,-21.5,-0.3,15.6,6.3,-1.9,1.7,-2.2,22.8,13.2,9.0,-8.0,12.1,19.4,26.3,19.7,15.0,6.5,3.1,12.9,21.5
2017-04,29.7,0.5,1.5,-0.4,8.2,19.4,11.7,8.0,-9.2,1.2,7.3,5.7,4.0,6.0,-0.3,23.5,26.1,14.0,-3.0,16.5,23.1,27.8,24.9,18.0,11.8,3.6,15.6,22.9
2017-05,15.0,0.1,-7.0,7.1,14.9,13.9,-1.1,-0.1,-9.9,-7.3,13.2,8.5,8.3,0.3,5.9,20.0,18.6,11.0,2.0,19.8,24.5,26.7,27.0,19.0,11.3,3.6,16.9,29.1
2017-06,22.8,6.2,3.3,9.1,17.1,24.6,0.7,8.0,-23.2,-2.2,1.2,8.9,8.3,0.7,4.7,22.7,21.1,10.0,3.0,24.2,25.0,27.2,23.6,12.0,13.0,3.3,16.6,25.3
2017-07,17.4,-0.8,0.2,-1.7,4.5,28.7,13.0,16.6,-19.3,-2.2,-8.1,7.8,2.2,-1.8,3.3,18.4,24.0,7.0,2.0,24.5,22.6,23.1,20.2,8.0,11.0,3.5,15.3,25.2
2017-08,10.0,-3.8,2.2,-9.9,9.0,27.9,31.8,20.5,-5.8,3.6,-1.8,7.6,7.7,1.2,3.1,21.0,17.9,4.0,-6.0,20.4,23.5,26.8,23.2,7.0,13.8,2.6,14.3,27.8
2017-09,2.6,-8.1,-3.7,-12.5,11.9,30.5,25.2,17.4,-3.5,4.0,3.6,10.2,11.1,0.2,8.4,22.4,24.7,9.0,0.0,18.0,23.9,31.0,22.8,9.0,8.0,3.0,13.2,27.2
2017-10,4.0,5.6,8.6,2.6,19.0,17.8,3.8,3.0,-10.1,3.2,12.7,12.5,12.3,1.9,9.5,30.0,17.4,9.0,5.0,19.1,26.0,32.5,26.5,12.0,9.4,3.8,14.4,27.2
2017-11,25.9,6.4,8.7,4.1,21.1,37.6,30.2,19.6,1.3,12.4,9.0,13.3,15.7,0.0,14.8,25.0,31.9,19.0,3.0,16.2,23.4,28.0,26.0,6.0,18.4,2.1,14.0,29.7
2017-12,6.8,8.1,15.6,0.5,9.6,21.7,8.4,6.8,-3.0,4.8,9.7,16.4,20.2,-4.6,14.9,29.8,31.0,21.0,3.0,12.2,21.0,28.1,22.7,18.0,10.6,6.7,17.4,28.3
2018-01,10.3,-0.9,2.3,-4.1,12.1,17.9,13.9,9.6,2.8,5.9,2.9,14.1,20.8,-2.0,13.6,26.5,20.1,23.0,1.0,21.2,21.7,25.8,18.0,13.0,14.2,4.5,14.7,29.2
2018-02,12.4,2.8,4.2,1.4,12.3,31.0,34.9,25.0,5.2,10.2,-9.3,14.8,19.3,-2.7,17.2,24.4,27.9,19.0,7.0,25.9,28.2,28.7,29.9,19.0,21.5,5.0,16.7,28.8
2018-03,1.4,0.9,3.1,-1.3,14.7,23.8,16.0,13.1,8.6,11.8,0.6,12.5,12.5,-0.2,17.7,19.7,29.6,22.0,10.0,17.4,30.5,37.7,36.4,25.0,14.0,3.9,13.2,30.7
2018-04,7.2,11.4,13.1,9.6,16.3,33.5,3.0,8.4,-1.2,2.9,11.2,13.0,17.5,-5.0,12.7,21.5,22.9,18.0,10.0,15.6,22.7,28.8,23.6,27.0,13.3,3.0,13.1,34.8
2018-05,-7.4,10.4,15.7,5.2,12.0,45.9,33.9,22.9,6.2,16.7,11.1,11.0,14.3,2.4,15.9,19.6,18.7,22.0,13.0,12.2,22.7,31.4,24.4,23.0,14.0,3.8,13.3,29.8
2018-06,2.1,11.7,12.2,11.1,17.2,33.5,32.5,15.6,2.9,14.7,19.3,14.5,16.6,2.7,18.7,27.4,30.4,22.0,12.0,7.7,16.2,22.0,19.0,14.0,11.1,2.1,7.5,31.1
2018-07,8.3,0.3,4.3,-3.7,7.0,25.8,26.1,17.3,1.4,7.0,0.1,14.4,11.6,0.2,14.4,28.9,18.7,15.0,9.0,9.2,15.7,19.7,18.1,6.0,6.2,2.4,7.8,32.4
2018-08,9.6,13.1,12.2,14.1,9.9,19.9,31.7,14.8,1.1,11.9,7.1,11.2,9.0,5.3,12.2,26.5,20.9,21.0,9.0,7.3,18.8,27.6,21.6,13.0,9.1,2.0,6.0,36.5
2018-09,5.8,11.3,11.1,11.5,1.7,23.4,26.1,11.3,0.5,5.6,15.5,10.4,12.8,7.2,14.5,23.8,24.8,20.0,5.0,5.2,20.4,25.9,30.2,10.0,14.4,0.9,2.8,37.8
2018-10,-3.2,0.5,4.3,-3.4,-9.9,17.9,20.9,10.8,4.9,9.6,6.6,8.5,15.1,10.9,14.5,22.0,22.1,16.0,5.0,5.9,15.1,20.1,19.4,7.0,16.1,-0.2,-2.5,39.8
2018-11,3.4,11.5,9.8,13.1,-9.7,8.6,11.1,3.9,-8.5,-1.3,8.0,6.1,11.7,9.8,8.8,19.4,21.3,14.0,-5.0,2.5,13.5,21.9,16.2,13.0,12.0,-1.3,-4.7,37.2
2018-12,11.8,11.0,6.5,15.5,-5.8,-6.3,23.4,1.8,-3.1,0.9,11.7,1.9,8.2,17.3,5.9,17.0,13.4,9.0,-10.0,-4.6,13.1,23.1,20.9,12.0,14.4,-1.9,-7.6,35.3
2019-01,9.0,15.2,8.5,21.9,-11.3,6.9,11.9,3.3,-2.2,3.2,9.0,3.8,0.9,11.0,8.6,13.7,11.3,12.0,-6.0,-1.1,14.1,23.4,20.0,17.0,9.0,-1.6,-6.6,32.8
2019-02,17.1,6.6,0.7,12.4,-9.6,10.0,13.0,4.0,-1.8,1.9,10.8,-1.1,7.0,11.3,-2.9,10.9,8.2,15.0,-8.0,5.0,18.4,25.6,24.5,17.0,11.2,-2.6,-10.6,26.4
2019-03,9.7,8.3,7.0,9.6,-11.0,11.7,5.0,3.4,2.8,0.6,6.7,1.4,10.8,13.8,4.6,13.4,12.8,11.0,-6.0,3.1,15.4,20.5,22.5,18.0,13.8,-2.0,-8.4,27.0
2019-04,13.8,7.4,5.1,9.6,-9.5,15.6,-1.8,3.6,0.8,2.5,3.2,-1.6,4.0,13.0,-3.4,11.7,0.6,9.0,-4.0,1.0,12.7,18.4,18.7,21.0,8.7,-1.6,-6.6,29.3
2019-05,17.9,10.5,3.7,17.2,-9.0,8.9,10.9,4.6,-8.7,-2.7,6.1,0.7,4.3,10.4,-2.2,14.7,3.7,1.0,-10.0,-1.0,14.5,19.4,25.1,26.0,8.6,-2.0,-9.4,27.4
2019-06,6.4,3.8,0.4,7.2,-10.2,12.4,4.4,5.5,0.1,0.8,0.3,-5.3,4.0,13.7,-4.2,2.0,5.6,-7.0,-11.0,0.4,19.7,26.3,32.4,22.0,13.2,-4.4,-13.9,37.3
2019-07,-1.7,2.1,-4.1,8.4,-17.6,17.9,20.2,10.7,9.1,-2.1,6.1,-5.4,2.9,18.1,-7.5,9.3,-1.2,-7.0,-13.0,-0.1,12.6,19.2,18.7,12.0,14.1,-4.1,-14.8,30.3
2019-08,-3.9,3.1,-0.8,7.1,-22.0,14.8,4.6,4.8,5.0,-3.2,5.1,-2.0,-4.3,7.3,-10.7,11.9,-2.1,-11.0,-19.0,-4.7,9.3,13.6,19.1,7.0,11.6,-4.8,-15.7,26.8
2019-09,3.8,4.8,8.1,1.4,-22.8,26.5,16.2,15.1,-0.5,1.5,-2.5,-4.2,-5.5,10.3,-10.4,7.9,-0.7,-10.0,-18.0,-3.5,11.0,17.6,18.9,-1.0,10.4,-4.9,-20.7,28.0
2019-10,6.2,2.8,1.9,3.6,-20.7,8.9,12.9,5.8,-0.2,-2.2,4.5,-6.9,-7.6,10.9,-9.5,-0.4,4.4,-6.0,-16.0,-5.8,9.2,17.2,16.1,1.0,11.9,-6.5,-22.5,30.7
2019-11,2.9,0.1,4.1,-3.9,-28.1,13.5,20.9,8.2,-6.4,5.1,9.9,-6.3,-3.6,14.7,-7.2,3.1,-3.1,-10.0,-15.0,-10.4,8.7,17.2,19.1,4.0,5.5,-5.0,-19.7,28.1
2019-12,16.1,-1.0,-4.5,2.5,-19.3,7.8,10.5,6.2,-0.2,-1.0,-0.3,-6.9,-7.3,11.3,-6.1,-3.2,-15.7,-7.0,-16.0,-6.3,9.4,17.6,17.0,6.0,8.7,-4.3,-15.6,28.2
2020-01,-3.3,-0.7,-0.3,-1.1,-20.8,-5.1,-16.1,-8.4,-5.3,-14.6,4.1,-9.1,-5.2,11.0,-18.3,1.9,-19.8,7.0,-30.0,-1.7,11.4,19.1,16.8,16.0,13.8,-4.1,-14.4,32.6
2020-02,5.2,0.2,3.0,-2.6,-17.6,4.2,-7.5,-10.7,-2.9,-9.5,28.9,-4.2,1.4,10.3,-5.1,2.7,-19.8,0.0,-11.0,-8.6,4.6,12.1,10.4,15.0,13.2,-4.6,-14.3,32.3
2020-03,-2.8,-2.7,2.0,-7.4,-26.1,-25.2,-15.8,-17.2,-10.9,-10.0,10.7,-5.6,-6.8,5.9,-6.5,-4.4,-8.8,0.0,-12.0,-18.2,-1.4,6.0,8.0,16.0,11.4,-7.0,-25.8,22.6
2020-04,-12.4,-23.8,-32.2,-15.5,-47.4,-59.4,-13.7,-29.4,-49.2,-53.9,15.1,-24.5,-38.0,15.0,-13.6,-45.0,-16.2,-13.0,-14.0,-66.1,-48.5,-58.7,-20.7,-31.0,-19.1,-13.3,-30.8,26.9
2020-05,-9.6,-19.6,-23.3,-15.8,-49.1,-2.3,-11.3,-6.5,-14.7,-8.4,6.0,-25.5,-33.6,11.4,-28.2,-36.8,-29.6,-6.0,-30.0,-57.0,-44.9,-43.1,-34.5,-23.0,-28.9,-8.5,-28.1,27.3
2020-06,-26.6,-22.2,-18.7,-25.8,-48.2,-5.4,-9.4,-6.4,-12.8,-11.7,4.4,-25.2,-24.1,11.7,-37.2,-26.7,-29.3,-11.0,-40.0,-53.3,-40.3,-24.4,-43.3,-3.0,-27.6,-3.9,-12.2,24.0
2020-07,-20.1,-12.8,-5.9,-19.6,-43.7,9.9,10.1,2.6,-9.0,-5.6,12.1,-17.4,-19.2,10.1,-35.4,-6.6,-21.7,-11.0,-39.0,-36.3,-18.4,-0.3,-18.6,-8.0,-29.3,-2.2,-8.4,25.8
2020-08,-26.8,-15.3,-6.7,-23.9,-39.6,4.7,17.4,8.4,-7.9,-9.7,-3.0,-20.4,-20.8,12.3,-32.7,-16.2,-17.6,-11.0,-37.0,-23.4,-11.4,1.9,-12.7,-9.0,-19.6,-5.0,-16.8,27.0
2020-09,-21.2,-17.5,-14.4,-20.6,-44.0,-10.4,17.3,0.5,-6.4,-14.5,5.4,-18.7,-21.9,8.3,-35.3,-12.4,-25.4,-9.0,-38.0,-20.8,-11.7,-3.4,-10.9,-18.0,-16.2,-6.1,-18.1,22.5
2020-10,-25.4,-18.3,-6.2,-30.4,-44.2,-27.2,7.7,-8.0,-13.1,-19.0,4.4,-13.0,-15.9,4.9,-28.4,-5.5,-14.8,-4.0,-33.0,-19.7,-10.4,-2.6,-8.8,-33.0,-22.3,-7.3,-24.9,21.1
2020-11,-28.6,-20.0,-12.1,-27.9,-33.7,-9.5,5.8,-1.5,-16.4,-10.8,0.9,-13.1,-14.5,5.6,-30.1,-3.6,4.2,-4.0,-31.0,-21.1,-12.0,-1.1,-13.8,-16.0,-18.6,-4.8,-14.4,20.2
2020-12,-16.0,-20.5,-13.4,-27.5,-38.2,-7.1,9.6,1.9,-15.3,-7.2,-3.3,-3.8,-6.9,2.2,-19.0,10.0,4.7,6.0,-25.0,-17.6,-9.7,-4.8,-6.5,-18.0,-20.3,-4.4,-13.9,21.6
2021-01,-17.4,-20.9,-19.8,-22.1,-29.2,-19.3,6.6,-4.6,-11.3,-7.7,1.2,0.3,3.8,-3.0,-15.3,13.3,2.8,19.0,-22.0,-8.9,-2.5,-1.5,2.9,-3.0,-11.3,-0.8,-2.5,26.5
2021-02,-12.1,-25.4,-20.3,-30.6,-19.8,4.0,11.1,5.0,1.1,-2.5,0.0,-1.7,2.7,3.3,-8.1,6.3,3.9,15.0,-20.0,-11.0,-3.0,2.7,-0.6,5.0,-6.9,-0.6,-2.1,25.3
2021-03,-14.2,-15.4,-13.4,-17.4,-17.6,-15.1,9.4,-2.5,-11.7,-5.5,1.7,4.7,4.6,-3.1,-6.4,17.6,1.5,23.0,-10.0,-15.4,-3.7,4.4,0.0,1.0,-9.5,-2.9,-12.3,31.5
2021-04,-4.4,-5.7,4.1,-15.5,-5.2,11.6,6.4,6.0,-4.3,-2.0,0.2,9.4,12.2,-3.0,3.4,21.7,23.0,33.0,5.0,-7.7,4.0,13.1,6.5,11.0,-8.2,4.0,0.8,30.8
2021-05,-7.9,-7.6,0.6,-15.8,9.7,19.7,16.7,10.5,-1.9,2.8,5.0,14.0,14.4,-3.6,11.7,26.8,36.6,37.0,8.0,0.5,11.3,20.8,12.6,23.0,-1.3,3.6,3.7,33.7
2021-06,5.0,-4.6,-2.4,-6.8,24.0,22.6,26.5,12.6,0.3,0.6,11.5,18.9,18.9,-8.2,19.7,28.6,34.9,40.0,15.0,8.8,16.0,18.9,20.4,26.0,0.9,4.7,8.2,36.4
2021-07,4.2,0.6,6.7,-5.6,28.9,5.8,12.0,5.9,-2.0,-0.9,0.2,16.5,23.3,-10.8,17.6,21.0,29.1,40.0,16.0,15.1,19.7,17.7,26.4,22.0,12.5,4.1,7.8,34.7
2021-08,11.0,6.5,7.9,5.0,26.0,15.8,24.6,12.5,4.2,0.8,2.9,22.3,25.5,-15.6,23.3,27.9,16.4,43.0,16.0,5.1,15.8,17.3,24.9,1.0,9.4,3.5,4.0,33.0
2021-09,7.5,5.8,8.3,3.4,40.7,16.6,18.3,10.2,4.7,0.9,4.3,21.7,26.9,-14.7,23.7,26.6,20.6,42.0,14.0,5.3,16.9,24.9,20.3,9.0,6.5,5.2,10.6,35.9
2021-10,18.8,7.4,6.2,8.6,42.3,0.7,16.6,6.7,1.9,2.7,-2.7,23.2,24.5,-12.0,27.5,30.0,22.4,44.0,16.0,9.8,19.4,24.6,23.9,12.0,12.6,2.7,5.0,42.4
2021-11,15.5,10.6,14.0,7.1,46.8,8.6,29.9,10.9,7.5,-7.6,5.8,22.8,26.9,-6.5,30.9,31.1,11.3,47.0,22.0,4.6,18.6,24.7,26.5,10.0,10.6,0.8,-2.4,45.5
2021-12,7.1,10.4,15.4,5.5,38.2,-3.1,13.6,-0.7,10.5,-7.5,12.7,17.3,27.0,-4.8,25.0,22.1,18.9,34.0,13.0,1.3,18.4,26.2,27.8,14.0,15.6,-2.8,-7.4,41.8
2022-01,15.3,6.6,15.2,-2.1,43.3,-22.3,18.6,0.0,4.6,-7.3,-3.7,17.4,17.9,-5.0,29.7,17.5,21.5,43.0,14.0,-1.0,15.9,24.3,24.3,4.0,6.7,-1.8,-8.0,44.4
2022-02,11.7,9.1,13.7,4.4,45.5,1.0,-11.9,-3.3,-10.8,-6.0,-1.0,21.7,18.7,-9.6,28.9,26.6,16.4,51.0,20.0,-0.9,17.2,30.2,22.3,24.0,0.7,-0.6,-3.1,40.7
2022-03,16.4,2.7,-1.2,6.5,56.3,-9.1,-14.6,-7.8,-6.7,-18.0,-0.2,15.3,19.6,-3.1,21.6,21.2,16.5,62.0,12.0,-8.2,14.3,25.0,26.0,29.0,13.0,-10.8,-31.0,68.6
2022-04,5.5,-1.6,-5.7,2.5,56.3,5.5,-8.7,-2.5,-3.4,-9.6,4.2,14.3,9.9,-1.0,25.3,16.6,11.0,63.0,12.0,-15.9,8.7,18.5,23.6,27.0,10.6,-11.4,-33.3,65.0
2022-05,-5.4,-12.6,-11.5,-13.7,57.4,2.8,0.8,-1.4,-2.0,-19.4,8.0,12.9,12.9,-1.5,23.6,13.4,8.7,55.0,16.0,-18.7,8.7,19.2,25.4,26.0,17.5,-11.6,-27.7,54.8
2022-06,-11.4,-15.1,-12.4,-17.7,40.1,-14.4,7.5,0.2,-14.7,-19.5,-7.4,9.2,9.0,2.8,16.7,13.6,3.6,43.0,9.0,-16.3,11.6,19.4,31.8,22.0,20.1,-13.8,-30.4,54.3
2022-07,-7.4,-18.5,-15.4,-21.5,30.0,-7.3,4.8,-0.9,-9.1,-28.3,0.3,4.4,6.9,7.2,13.6,6.9,8.5,46.0,7.0,-11.3,7.9,14.1,21.0,11.0,15.9,-15.4,-29.5,43.8
2022-08,-1.1,-15.1,-16.2,-14.0,24.9,-31.1,-19.3,-23.4,-22.7,-28.3,19.8,1.6,9.0,12.3,10.3,6.7,11.6,34.0,0.0,-22.3,1.4,12.5,14.0,5.0,14.2,-15.3,-33.1,44.2
2022-09,-0.6,-7.2,-6.7,-7.6,28.1,-30.4,-23.7,-23.1,-25.1,-33.5,15.2,-0.6,9.8,13.3,8.7,2.8,8.1,30.0,-4.0,-24.9,1.6,13.6,16.0,7.0,10.5,-18.1,-33.5,42.8
2022-10,1.4,-9.8,-4.1,-15.4,1.1,-29.3,-3.4,-18.6,-17.1,-36.8,23.2,-4.4,6.6,13.9,4.6,-3.9,-1.7,28.0,-8.0,-23.5,2.9,15.3,17.0,0.0,7.9,-16.9,-33.8,37.6
2022-11,-11.3,-13.5,-7.2,-19.9,5.2,-24.4,-10.1,-15.4,-17.6,-30.8,11.8,-7.2,5.9,18.5,-1.0,-2.2,-12.4,22.0,-9.0,-29.4,2.4,14.1,22.5,1.0,12.1,-16.3,-31.0,32.9
