country,PRT,PRT,PRT,PRT,PRT,PRT,PRT,PRT,PRT,PRT,PRT,PRT,PRT,PRT,PRT,PRT,PRT,PRT,PRT,PRT,PRT,PRT,PRT,PRT,PRT,PRT,PRT,PRT
subject,BCBUTE,BCCI,BCEMFT,BCOBLV,BCSPFT,BRBUFT,BRBUTE,BRCI,BREMFT,BRODFT,BRVSLV,BSCI,BSEMFT,BSFGLV,BSOBLV,BSPRFT,BSPRTE,BSSPFT,BSXRLV,BVBUTE,BVCI,BVDEFT,BVDETE,BVEMFT,BVEMTE,CSCICP02,CSESFT,CSINFT
measure,BLSA,BLSA,BLSA,BLSA,BLSA,BLSA,BLSA,BLSA,BLSA,BLSA,BLSA,BLSA,BLSA,BLSA,BLSA,BLSA,BLSA,BLSA,BLSA,BLSA,BLSA,BLSA,BLSA,BLSA,BLSA,BLSA,BLSA,BLSA
unit,,,,,,,,,,,,,,,,,,,,,,,,,,,,
powercode,Units,Units,Units,Units,Units,Units,Units,Units,Units,Units,Units,Units,Units,Units,Units,Units,Units,Units,Units,Units,Units,Units,Units,Units,Units,Units,Units,Units
reference_period,,,,,,,,,,,,,,,,,,,,,,,,,,,,
time,,,,,,,,,,,,,,,,,,,,,,,,,,,,
1986-06,,,,,,,,,,,,,,,,,,,,,,,,,,-0.7,4.2,12.2
1986-07,,,,,,,,,,,,,,,,,,,,,,,,,,2.3,3.8,11.5
1986-08,,,,,,,,,,,,,,,,,,,,,,,,,,-0.7,-0.3,12.0
1986-09,,,,,,,,,,,,,,,,,,,,,,,,,,1.6,5.9,8.9
1986-10,,,,,,,,,,,,,,,,,,,,,,,,,,1.4,5.1,10.7
1986-11,,,,,,,,,,,,,,,,,,,,,,,,,,1.2,6.3,8.2
1986-12,,,,,,,,,,,,,,,,,,,,,,,,,,-0.7,1.3,13.7
1987-01,,,,,,,,,,,,10.3,7.8,-7.6,0.1,23.3,13.5,9.8,13.2,,,,,,,1.1,5.8,7.6
1987-02,,,,,,,,,,,,12.7,7.5,-8.6,2.1,27.4,11.8,20.0,6.6,,,,,,,1.0,5.2,11.7
1987-03,,,,,,,,,,,,15.1,7.4,-11.4,8.1,25.9,12.5,17.4,7.1,,,,,,,1.0,4.3,14.2
1987-04,,,,,,,,,,,,14.1,10.5,-10.6,9.1,22.5,10.9,18.1,5.6,,,,,,,0.5,1.1,12.3
1987-05,,,,,,,,,,,,12.5,10.3,-6.7,9.1,21.9,13.1,17.4,6.4,,,,,,,3.0,3.4,12.4
1987-06,,,,,,,,,,,,11.8,10.1,-6.3,9.1,20.2,11.4,21.0,7.0,,,,,,,1.1,2.3,12.5
1987-07,,,,,,,,,,,,11.5,10.2,-10.2,7.1,17.4,10.9,23.1,7.0,,,,,,,4.5,10.7,9.9
1987-08,,,,,,,,,,,,11.2,9.9,-7.7,6.1,19.9,8.5,22.8,6.6,,,,,,,4.0,11.4,8.5
1987-09,,,,,,,,,,,,12.8,10.0,-10.9,6.1,21.5,9.5,19.5,0.2,,,,,,,4.1,11.0,9.6
1987-10,,,,,,,,,,,,10.6,10.1,-6.4,6.1,19.3,9.8,26.3,2.0,,,,,,,6.9,12.5,16.6
1987-11,,,,,,,,,,,,9.1,10.0,-4.1,6.1,17.1,7.6,22.5,-2.6,,,,,,,6.6,8.5,23.8
1987-12,,,,,,,,,,,,7.8,10.2,-5.4,4.1,14.0,7.3,22.3,-5.5,,,,,,,4.4,6.2,23.7
1988-01,,,,,,,,,,,,5.6,7.7,-0.6,-2.9,19.3,9.6,24.8,-0.8,,,,,,,2.8,1.9,20.0
1988-02,,,,,,,,,,,,3.4,7.5,2.4,-3.9,16.5,4.2,19.1,0.4,,,,,,,3.6,0.4,25.1
1988-03,,,,,,,,,,,,4.2,7.4,-1.4,-1.9,13.0,9.3,18.4,-1.6,,,,,,,-0.7,0.6,20.0
1988-04,,,,,,,,,,,,4.4,8.5,0.4,-1.9,15.5,5.4,24.1,-10.4,,,,,,,-1.5,-1.1,19.3
1988-05,,,,,,,,,,,,3.9,8.3,-0.7,-1.9,12.9,4.1,20.4,-8.7,,,,,,,-1.1,0.1,22.5
1988-06,,,,,,,,,,,,3.5,8.1,1.7,-2.9,15.2,6.2,22.0,-5.7,,,,,,,-3.2,-2.1,22.4
1988-07,,,,,,,,,,,,-0.2,6.2,2.8,-6.9,9.3,-1.1,25.2,-2.9,,,,,,,-0.8,-0.7,31.2
1988-08,,,,,,,,,,,,3.2,5.9,-1.7,-1.9,9.9,3.8,20.9,-1.6,,,,,,,-3.0,-3.5,37.6
1988-09,,,,,,,,,,,,2.5,6.0,0.1,-5.9,13.5,2.0,24.4,-2.1,,,,,,,-4.9,-6.9,35.8
1988-10,,,,,,,,,,,,3.3,3.1,1.6,-1.9,13.3,-0.6,22.3,0.0,,,,,,,-1.6,-1.7,29.0
1988-11,,,,,,,,,,,,4.4,3.0,1.9,-3.9,19.1,4.7,24.5,-0.2,,,,,,,-1.0,-2.6,27.0
1988-12,,,,,,,,,,,,4.2,3.2,1.6,-5.9,20.0,2.3,26.3,-0.6,,,,,,,-0.5,-5.2,36.1
1989-01,23.4,16.0,36.0,-4.1,51.5,26.9,1.5,5.1,7.5,11.0,12.9,5.7,3.7,-3.6,-2.9,16.3,2.1,26.7,1.5,,,,,,,-1.6,-6.5,34.7
1989-02,18.4,6.3,24.7,-12.1,49.5,25.0,12.0,7.3,7.5,14.8,15.1,3.4,3.5,0.5,-3.9,14.6,4.2,17.1,-3.0,,,,,,,-0.7,-3.9,31.1
1989-03,21.4,14.1,28.3,-0.1,49.5,31.7,3.4,6.8,7.3,12.7,14.5,2.8,3.4,2.6,-2.9,14.0,1.7,20.4,-2.9,,,,,,,-0.3,-5.0,34.3
1989-04,19.4,17.9,31.8,3.9,63.5,20.1,4.4,2.2,2.2,10.7,17.9,1.7,8.6,1.4,-4.9,11.5,3.0,19.1,-4.9,,,,,,,-2.2,-5.9,39.9
1989-05,22.4,3.6,26.3,-19.1,47.5,25.9,1.7,3.3,2.0,3.0,17.8,3.2,8.3,1.3,0.1,10.8,2.5,23.3,-3.8,,,,,,,-4.9,-5.7,31.8
1989-06,24.4,3.3,24.7,-18.1,34.5,18.4,-3.7,-0.6,1.7,9.0,16.6,-1.5,8.1,3.8,-8.9,8.1,-0.8,21.0,-2.8,,,,,,,-0.8,-5.2,34.5
1989-07,28.4,-1.0,17.2,-19.1,51.5,25.5,4.9,2.2,4.8,8.0,23.9,1.4,6.2,1.8,-6.9,13.1,4.2,27.3,-3.8,,,,,,,-3.8,-9.1,39.7
1989-08,1.4,-4.9,6.3,-16.1,49.5,19.6,-3.0,-2.0,4.5,2.1,22.5,-1.8,5.9,10.3,-9.9,14.8,-2.1,27.9,-1.3,,,,,,,-5.3,-9.1,34.0
1989-09,-1.6,-8.9,7.3,-25.1,49.5,23.7,-3.4,-1.6,4.2,3.5,25.2,0.9,6.0,6.0,-3.9,12.6,3.8,23.4,-3.9,,,,,,,-3.2,-4.9,33.1
1989-10,11.4,-0.9,16.2,-18.1,60.5,39.1,3.0,6.3,3.7,7.3,23.1,-0.1,6.1,5.5,-4.9,10.3,2.8,20.4,-4.7,,,,,,,-3.3,-3.9,32.0
1989-11,9.4,-12.6,7.9,-33.1,41.5,26.5,7.0,4.1,0.5,5.4,21.2,-0.5,6.0,9.9,-2.9,11.2,1.2,23.5,-6.7,,,,,,,-1.1,-1.7,32.2
1989-12,-4.6,0.9,21.8,-20.1,46.5,31.3,2.2,3.6,0.1,14.9,22.8,-1.5,6.2,5.6,-11.9,13.0,0.9,22.3,-5.2,,,,,,,-1.9,-2.6,26.9
1990-01,-7.6,-2.0,12.1,-16.1,50.5,32.0,7.3,5.5,4.5,13.1,22.9,-4.0,7.7,9.4,-15.9,13.4,1.7,16.7,-17.0,,,,,,,0.2,-4.2,30.3
1990-02,0.4,2.8,18.7,-13.1,50.5,32.0,1.8,3.2,4.6,12.0,24.1,-2.9,7.5,7.5,-14.9,13.8,0.5,21.0,-18.5,,,,,,,1.4,-1.4,25.7
1990-03,5.4,-7.9,11.3,-27.1,45.5,29.8,12.6,5.6,4.4,8.8,25.5,-1.5,7.4,9.6,-9.9,15.1,2.7,18.3,-18.5,,,,,,,0.7,0.4,25.6
1990-04,-0.6,-3.6,12.9,-20.1,34.5,32.0,5.6,3.9,4.1,14.8,25.9,-1.3,2.6,8.4,-9.9,14.5,2.7,17.1,-19.5,,,,,,,3.3,3.6,24.2
1990-05,5.4,-6.4,10.3,-23.1,29.5,28.0,2.5,3.2,3.8,11.7,20.8,-4.2,2.4,12.3,-11.9,11.7,-1.6,14.3,-21.0,,,,,,,5.0,5.8,24.1
1990-06,-0.6,-11.7,7.8,-31.1,36.5,36.2,13.9,8.2,3.6,13.1,25.6,-3.9,2.2,14.8,-9.9,13.0,3.4,15.0,-19.4,,,,,,,5.1,7.7,27.3
1990-07,-10.6,-11.0,14.1,-36.1,28.5,27.5,3.0,1.9,3.6,7.9,24.9,-5.0,2.2,12.8,-12.9,10.8,-1.0,10.5,-17.8,,,,,,,5.0,5.1,28.8
1990-08,-3.6,-20.0,8.1,-48.1,29.5,29.4,9.4,4.4,3.4,10.8,25.5,-3.8,1.9,14.3,-11.9,14.7,-1.1,15.0,-16.7,,,,,,,3.3,3.1,39.0
1990-09,-3.6,-14.4,12.2,-41.1,36.5,28.7,6.0,5.5,3.1,9.2,18.2,-2.8,2.1,9.0,-12.9,13.6,-0.2,24.5,-16.9,,,,,,,-2.1,-6.3,41.8
1990-10,1.4,-26.0,-1.8,-50.1,41.5,25.0,1.9,1.6,5.8,2.2,22.1,-5.1,2.1,12.5,-9.9,7.2,-1.5,30.5,-16.9,,,,,,,0.1,-3.5,41.6
1990-11,-8.6,-10.1,18.9,-39.1,44.5,25.5,0.2,1.5,6.4,10.3,21.2,-1.2,2.0,5.9,-7.9,10.3,0.1,27.6,-13.6,,,,,,,1.1,-0.2,34.3
1990-12,-9.6,-14.6,15.0,-44.1,29.5,30.5,4.2,4.6,6.0,4.3,20.8,-1.8,2.2,5.6,-12.9,13.2,-4.4,25.4,-14.6,,,,,,,5.9,6.6,34.4
1991-01,-0.6,-15.0,8.2,-38.1,56.5,25.1,0.4,2.5,0.6,7.2,17.9,-3.9,1.7,11.4,-13.9,13.6,1.6,25.7,-21.6,,,,,,,3.3,-1.7,39.5
1991-02,2.4,-17.7,10.7,-46.1,52.5,21.0,-3.4,-0.5,0.5,1.3,19.1,-9.8,1.4,11.5,-18.9,0.9,-3.1,16.9,-16.0,,,,,,,2.3,1.0,38.4
1991-03,6.4,-12.4,8.3,-33.1,48.5,31.1,-4.7,3.0,0.3,7.9,17.5,-5.1,1.4,7.6,-17.9,10.2,-4.4,17.1,-16.3,,,,,,,5.0,11.0,31.4
1991-04,14.4,-21.0,9.1,-51.1,11.5,29.0,2.9,5.0,4.2,8.2,16.9,-7.6,-1.4,11.3,-20.9,9.5,-4.0,16.0,-13.5,,,,,,,5.2,10.3,32.9
1991-05,-1.6,-18.4,6.3,-43.1,11.5,31.0,4.2,7.4,4.0,11.5,12.8,-6.2,-1.6,8.4,-18.9,8.5,-2.5,11.1,-19.2,,,,,,,5.2,11.3,34.8
1991-06,13.4,-17.7,3.8,-39.1,8.5,22.1,-0.1,2.8,3.7,8.3,13.6,-5.0,-1.8,3.8,-17.9,6.8,-4.6,15.9,-18.8,,,,,,,3.4,9.4,27.6
1991-07,-4.6,-24.0,5.1,-53.1,14.5,28.4,-1.0,3.5,0.8,10.8,16.9,-8.4,-0.8,7.8,-21.9,4.5,-3.9,12.5,-24.3,,,,,,,5.5,11.9,29.3
1991-08,3.4,-20.1,-6.1,-34.1,19.5,29.3,-2.0,3.9,0.5,10.5,15.5,-5.2,-1.1,2.4,-22.9,9.7,-7.4,14.0,-26.8,,,,,,,3.7,10.8,32.4
1991-09,4.4,-17.5,5.1,-40.1,20.5,24.6,4.4,5.2,0.2,8.9,13.2,-3.4,-0.9,2.9,-17.9,10.7,-3.9,11.6,-22.7,,,,,,,4.2,8.9,34.7
1991-10,-12.6,-25.0,-7.0,-43.1,33.5,25.9,1.6,3.8,0.8,13.8,16.1,-2.8,-6.9,2.6,-15.9,10.1,-2.9,10.7,-25.4,,,,,,,4.9,11.2,30.4
1991-11,-17.6,-24.1,-1.1,-47.1,32.5,23.4,8.5,5.9,1.5,9.2,14.1,-1.5,-7.0,-0.1,-16.9,12.4,-5.6,14.8,-24.8,,,,,,,6.7,11.2,32.1
1991-12,-2.6,-20.5,-7.8,-33.1,19.5,21.6,1.1,3.6,1.2,4.4,11.8,-5.4,-6.8,1.5,-20.9,6.3,-4.3,14.6,-26.6,,,,,,,4.7,8.8,33.3
1992-01,-10.6,-22.4,-6.8,-38.1,41.5,21.2,9.5,5.2,0.5,7.5,14.9,-6.5,-7.3,0.4,-22.9,3.8,-5.0,18.8,-27.0,,,,,,,5.1,7.1,31.4
1992-02,-17.6,-19.6,-3.2,-36.1,36.5,20.9,-2.3,1.8,0.4,1.3,13.1,-6.2,-7.6,4.5,-19.9,5.9,-3.4,15.8,-22.5,,,,,,,0.9,2.7,42.6
1992-03,-6.6,-27.4,-12.7,-42.1,26.5,21.4,1.7,3.9,0.0,6.0,11.5,-6.1,-7.6,2.5,-22.9,7.3,-6.0,15.9,-18.9,,,,,,,-1.9,-5.6,40.6
1992-04,-4.6,-23.4,-3.8,-43.1,28.5,20.9,1.4,3.1,-1.0,-1.5,12.9,-4.9,-10.4,0.3,-21.9,7.5,-4.4,10.8,-19.6,,,,,,,-1.7,-6.8,38.4
1992-05,-17.6,-26.3,-2.6,-50.1,19.5,23.1,-9.3,0.7,-1.2,0.3,11.8,-6.3,-10.6,1.4,-21.9,4.4,-7.1,10.8,-16.1,,,,,,,0.7,-7.0,46.8
1992-06,-12.6,-26.7,-7.3,-46.1,14.5,19.0,-5.0,0.8,-1.3,1.6,11.6,-10.7,-10.8,0.9,-28.9,-2.4,-12.2,9.7,-22.9,,,,,,,-1.1,-4.6,44.8
1992-07,-12.6,-38.0,-27.9,-48.1,-11.5,14.4,-4.2,-1.2,-3.1,-0.2,13.9,-11.9,-9.8,9.8,-28.9,3.1,-6.4,7.5,-20.6,,,,,,,-2.0,-3.7,44.9
1992-08,-9.6,-31.3,-15.4,-47.1,-16.5,14.2,-6.6,-0.6,-3.4,-0.7,9.5,-10.8,-10.1,6.4,-26.9,0.8,-14.2,4.0,-28.8,,,,,,,-2.7,-5.6,46.4
1992-09,-20.6,-36.0,-19.0,-53.1,2.5,20.5,-6.0,0.4,-3.9,3.7,13.2,-13.6,-9.9,11.9,-31.9,2.9,-8.8,1.6,-22.3,,,,,,,-2.1,-3.5,40.7
1992-10,-14.6,-24.7,-13.2,-36.1,-1.5,11.7,-8.7,-4.4,-5.8,-0.4,16.1,-13.5,-14.0,10.6,-35.9,6.0,-17.6,0.9,-42.5,,,,,,,-6.8,-8.1,34.3
1992-11,-10.6,-40.6,-23.0,-58.1,-9.5,11.3,-10.8,-5.2,-5.4,-1.8,16.1,-16.8,-14.0,8.9,-35.9,-5.5,-14.5,-0.9,-41.4,,,,,,,-6.2,-9.9,41.1
1992-12,-11.6,-38.4,-25.6,-51.1,-3.5,9.8,-11.9,-7.3,-5.7,-4.5,19.8,-17.6,-13.8,12.4,-35.9,-4.5,-15.4,3.8,-46.7,,,,,,,-5.5,-13.1,39.1
1993-01,-5.6,-39.4,-22.7,-56.1,-8.5,14.2,-13.8,-5.5,-9.8,0.8,16.9,-24.8,-18.3,18.4,-46.9,-9.0,-20.9,5.0,-53.8,,,,,,,-9.4,-14.2,34.5
1993-02,-19.6,-49.1,-34.1,-64.1,-17.5,13.8,-7.3,-3.9,-10.1,0.0,18.1,-21.6,-18.6,13.6,-44.9,-6.1,-16.3,2.7,-50.4,,,,,,,-12.7,-17.8,32.3
1993-03,-18.6,-40.4,-21.7,-59.1,-18.5,2.8,-17.9,-11.5,-10.6,-10.9,19.5,-25.0,-18.6,16.5,-47.9,-10.6,-21.6,0.8,-54.7,,,,,,,-15.4,-24.6,42.3
1993-04,-1.6,-39.3,-19.5,-59.1,-21.5,6.9,-26.1,-11.7,-7.1,-13.5,15.9,-23.2,-24.4,13.3,-47.9,-8.4,-19.3,1.7,-54.0,,,,,,,-14.8,-21.3,36.3
1993-05,0.4,-38.8,-21.4,-56.1,-15.5,3.3,-21.3,-12.9,-7.2,-9.9,20.7,-24.4,-24.6,17.4,-45.9,-9.8,-21.0,0.5,-47.6,,,,,,,-16.6,-26.1,36.4
1993-06,-12.6,-47.1,-31.2,-63.1,-14.5,3.9,-23.2,-12.0,-7.4,-14.3,16.6,-27.2,-24.8,20.9,-48.9,-11.7,-20.4,-1.4,-47.7,,,,,,,-18.4,-26.1,38.0
1993-07,-21.6,-48.1,-31.1,-65.1,-6.5,3.3,-21.6,-12.7,-6.7,-13.3,19.9,-27.0,-20.8,19.9,-50.9,-10.2,-19.5,-5.6,-47.4,,,,,,,-20.0,-27.9,33.5
1993-08,-11.6,-49.5,-33.8,-65.1,-18.5,8.1,-15.2,-7.2,-6.9,-12.9,14.5,-21.8,-21.1,12.4,-45.9,-7.1,-21.6,6.0,-45.8,,,,,,,-19.8,-26.1,28.0
1993-09,-31.6,-48.6,-30.1,-67.1,-10.5,10.6,-11.9,-7.8,-7.0,-9.2,22.2,-22.5,-20.9,14.8,-46.9,-5.8,-16.5,1.6,-48.8,,,,,,,-18.5,-25.8,36.7
1993-10,-18.6,-41.2,-19.4,-63.1,-18.5,6.6,-20.0,-9.5,-15.8,-15.5,15.1,-19.5,-22.0,9.6,-43.9,-5.0,-16.6,-1.0,-40.8,,,,,,,-20.7,-30.8,38.1
1993-11,-25.6,-40.5,-21.0,-60.1,-2.5,9.2,-20.9,-7.6,-16.0,-11.6,11.1,-14.0,-22.0,5.8,-36.9,0.7,-14.2,1.3,-32.7,,,,,,,-20.0,-26.9,38.5
1993-12,-31.6,-39.8,-19.5,-60.1,4.5,7.9,-13.7,-5.5,-16.5,-9.5,10.8,-13.2,-21.8,3.4,-33.9,-2.3,-11.6,7.0,-25.2,,,,,,,-12.9,-19.0,34.4
1994-01,-31.6,-47.9,-24.7,-71.1,-3.5,10.4,-21.9,-5.8,-10.2,-12.5,5.9,-15.1,-16.3,8.5,-33.9,-2.9,-13.7,13.3,-14.2,,,,,,,-19.4,-25.0,34.4
1994-02,-12.6,-38.6,-11.0,-66.1,-3.5,16.8,-15.8,-3.0,-10.4,-4.9,10.1,-9.9,-16.6,1.6,-27.9,-0.2,-9.3,18.7,-12.7,,,,,,,-17.1,-22.6,33.8
1994-03,-13.6,-40.4,-17.7,-63.1,-0.5,12.0,-13.6,-4.4,-10.6,-5.8,11.5,-5.6,-16.6,0.5,-18.9,2.5,-5.9,15.7,-5.4,,,,,,,-13.3,-18.5,34.2
1994-04,-10.6,-48.1,-29.2,-67.1,4.5,20.0,-5.2,2.3,-11.4,13.4,7.9,-5.5,-5.4,3.3,-19.9,6.7,-3.9,10.6,1.3,,,,,,,-16.8,-22.0,39.2
1994-05,-26.6,-51.1,-26.2,-76.1,-10.5,21.4,-1.6,3.7,-11.6,6.8,8.7,-4.8,-5.6,1.4,-20.9,8.0,-5.7,13.2,7.7,,,,,,,-13.7,-19.7,28.5
1994-06,-16.6,-45.1,-20.2,-70.1,-10.5,30.9,-2.2,5.0,-11.8,6.0,13.7,-1.4,-5.8,1.0,-13.9,10.8,0.0,16.5,12.8,,,,,,,-16.1,-23.0,27.7
1994-07,-17.6,-43.2,-25.3,-61.1,-12.5,33.4,2.7,7.6,-5.0,9.8,13.1,1.2,-2.8,1.0,-10.9,15.4,-3.7,20.2,11.2,,,,,,,-17.7,-21.0,16.2
1994-08,-18.6,-39.7,-11.2,-68.1,-10.5,31.1,0.2,6.2,-4.8,8.0,12.6,-1.1,-3.1,4.4,-13.9,14.9,4.6,15.9,8.9,,,,,,,-14.7,-20.7,23.0
1994-09,-5.6,-44.1,-17.2,-71.1,-8.5,30.9,-3.6,7.0,-4.7,8.4,6.4,1.3,-2.9,1.8,-7.9,13.5,-1.6,17.5,8.1,,,,,,,-16.7,-22.7,21.8
1994-10,-13.6,-36.8,-10.5,-63.1,-5.5,27.5,4.4,7.9,-11.2,10.7,8.3,8.9,2.0,-10.4,-1.9,18.2,2.6,21.0,12.4,,,,,,,-15.1,-17.7,24.5
1994-11,-16.6,-37.0,-10.9,-63.1,-5.5,25.1,-2.8,4.3,-11.4,3.8,9.3,5.4,2.0,-6.2,-2.9,13.0,2.5,24.4,16.3,,,,,,,-14.9,-23.1,25.3
1994-12,-14.6,-39.2,-18.3,-60.1,-2.5,27.0,-1.9,6.1,-11.8,1.7,6.9,1.2,2.2,-1.7,-5.9,7.8,-0.1,25.3,14.6,,,,,,,-12.0,-16.5,23.0
1995-01,-15.6,-44.4,-20.6,-68.1,-9.5,26.6,5.0,8.5,-4.9,7.5,6.0,1.2,-0.3,-6.5,-9.9,7.1,-1.7,23.7,15.0,,,,,,,-15.5,-20.3,22.9
1995-02,-10.6,-36.5,-8.9,-64.1,-2.5,25.0,-2.9,3.9,-5.0,3.8,10.3,0.7,-0.6,1.7,-7.9,11.7,-2.3,22.9,4.0,,,,,,,-14.5,-18.4,25.0
1995-03,-7.6,-34.4,-10.7,-58.1,4.5,22.1,-0.1,4.8,-5.0,6.6,7.7,-2.6,-0.6,4.5,-9.9,6.5,-0.1,14.7,6.1,,,,,,,-17.1,-21.1,21.4
1995-04,3.4,-30.0,-6.9,-53.1,-2.5,24.1,2.5,4.5,-6.7,3.7,13.0,-4.5,-2.4,4.2,-12.9,3.8,-6.3,16.4,9.4,,,,,,,-17.9,-19.9,24.2
1995-05,-8.6,-31.6,-5.0,-58.1,-6.5,19.7,6.3,4.4,-6.8,6.9,12.8,-4.2,-2.6,3.4,-15.9,6.8,-2.3,12.8,3.8,,,,,,,-16.2,-20.6,27.4
1995-06,-3.6,-31.6,-5.2,-58.1,-9.5,26.9,-0.5,3.6,-7.0,2.8,15.7,-3.2,-2.8,4.0,-12.9,7.4,-5.2,10.3,2.4,,,,,,,-16.5,-19.2,28.1
1995-07,1.4,-31.4,-7.7,-55.1,-5.5,20.4,-3.3,3.3,-11.3,4.6,7.1,-0.3,-2.8,1.0,-7.9,8.1,-1.7,10.1,6.7,,,,,,,-13.5,-18.3,28.5
1995-08,-3.6,-29.4,-4.6,-54.1,-13.5,19.2,-4.7,2.3,-11.6,4.7,7.7,-2.4,-3.0,3.5,-10.9,7.1,-6.1,6.9,1.3,,,,,,,-13.0,-14.6,25.7
1995-09,-18.6,-37.2,-15.4,-59.1,-15.5,18.1,-5.1,1.6,-11.8,5.7,8.4,-3.0,-2.9,3.8,-10.9,5.9,-5.5,5.4,-3.4,,,,,,,-11.4,-11.3,19.2
1995-10,2.4,-30.8,-9.5,-52.1,-7.5,20.2,-0.6,3.1,0.0,1.5,10.3,-5.0,-2.0,6.6,-12.9,4.4,-4.6,9.0,-4.1,,,,,,,-6.1,0.2,13.9
1995-11,-5.6,-32.9,-6.7,-59.1,-8.5,26.9,-5.8,3.6,0.0,5.7,10.3,-7.8,-2.0,8.7,-19.9,5.3,-7.9,5.5,-12.2,,,,,,,-7.9,2.5,10.6
1995-12,-10.6,-29.1,-7.2,-51.1,-6.5,23.0,-4.9,2.0,0.0,4.5,11.9,-9.7,-1.8,12.2,-24.9,7.9,-8.7,5.7,-17.3,,,,,,,-5.2,2.0,12.9
1996-01,-1.6,-23.4,5.3,-52.1,-5.5,17.6,-10.8,-2.1,-4.5,1.1,13.0,-11.8,-7.3,13.5,-23.9,1.9,-7.0,2.1,-17.5,,,,,,,-5.9,0.3,12.0
1996-02,-3.6,-21.9,0.3,-44.1,-2.5,23.0,-1.9,4.3,-4.5,2.1,8.3,-10.0,-7.6,10.7,-23.9,4.5,-6.2,5.2,-11.2,,,,,,,-10.6,-7.3,20.4
1996-03,-12.6,-22.3,3.4,-48.1,-6.5,22.1,-2.2,3.4,-4.6,3.9,9.7,-11.3,-7.6,11.4,-22.9,0.4,-6.9,1.6,-10.9,,,,,,,-13.6,-10.7,17.1
1996-04,3.4,-18.9,4.3,-42.1,-7.5,19.1,-6.2,0.9,-12.1,2.7,10.0,-9.8,-5.4,12.2,-21.9,4.8,-8.9,2.3,-11.8,,,,,,,-11.9,-13.2,22.0
1996-05,1.4,-26.0,-4.8,-47.1,-4.5,23.7,-3.8,3.0,-12.6,6.7,10.8,-8.9,-5.7,8.4,-19.9,1.6,-4.7,6.5,-13.7,,,,,,,-15.3,-15.4,27.6
1996-06,4.4,-16.1,3.8,-36.1,2.5,18.1,-1.8,3.8,-13.1,5.4,4.7,-3.0,-5.8,4.1,-14.9,10.0,-6.2,5.1,-7.4,,,,,,,-15.6,-16.6,27.5
1996-07,4.4,-15.1,6.0,-36.1,2.5,24.5,-0.2,6.0,-12.6,7.6,6.2,-6.4,-7.8,7.1,-13.9,1.8,-4.8,4.9,-5.2,,,,,,,-16.2,-16.6,21.6
1996-08,6.4,-6.5,9.0,-22.1,0.5,26.2,2.2,7.6,-13.0,13.5,5.7,-6.0,-8.0,4.5,-17.9,4.3,-6.2,1.8,-11.3,,,,,,,-15.9,-17.7,32.8
1996-09,6.4,-13.4,0.3,-27.1,-6.5,23.4,2.2,5.7,-13.5,5.1,8.4,-6.8,-7.9,5.8,-14.9,0.2,-8.5,8.2,-9.2,,,,,,,-12.4,-17.8,24.6
1996-10,8.4,-15.3,4.4,-35.1,-4.5,27.0,3.8,7.8,-3.9,12.3,7.3,-0.9,-4.0,0.5,-11.9,9.8,0.4,3.1,-11.3,,,,,,,-12.8,-17.6,21.9
1996-11,10.4,-14.4,3.4,-32.1,-1.5,26.8,8.1,6.9,-3.6,7.7,14.3,-3.7,-4.0,3.6,-12.9,5.6,-6.8,4.7,-5.8,,,,,,,-15.5,-17.1,24.1
1996-12,10.4,-15.1,1.8,-32.1,-1.5,25.0,9.0,6.7,-3.4,11.2,13.9,-1.4,-3.7,3.1,-9.9,9.0,-5.1,0.0,-0.8,,,,,,,-14.3,-16.1,22.7
1997-01,25.4,-1.4,13.4,-16.1,16.5,32.6,7.9,8.9,-0.4,10.6,13.9,3.1,-0.3,2.6,-9.9,21.8,-0.4,7.6,1.6,,,,,,,-12.5,-14.9,27.6
1997-02,17.4,-5.3,8.6,-19.1,13.5,27.1,4.9,5.9,0.0,11.2,14.3,-1.4,-0.6,4.7,-13.9,14.4,-1.3,5.4,-2.0,,,,,,,-11.8,-13.4,2.5
1997-03,25.4,-12.3,1.5,-26.1,3.5,29.0,8.7,11.0,0.4,13.1,4.6,0.3,-0.6,2.5,-12.9,16.3,-1.2,8.5,-2.1,,,,,,,-10.8,-11.5,2.7
1997-04,22.4,-5.2,7.7,-18.1,5.5,26.0,7.9,8.3,-0.7,13.6,9.1,5.6,2.5,-1.8,-3.9,18.8,1.2,8.1,-0.4,,,,,,,-9.9,-9.7,-0.2
1997-05,26.4,-8.4,4.3,-21.1,4.5,28.7,15.2,10.7,-0.4,17.7,11.8,4.6,2.3,-1.6,-3.9,16.3,2.4,8.1,-0.1,,,,,,,-9.0,-7.8,-2.2
1997-06,11.4,-0.1,13.9,-14.1,3.5,24.1,5.8,6.7,-0.2,15.0,9.7,2.6,2.1,2.1,-2.9,12.7,-0.1,3.9,1.8,20.1,9.2,-0.2,7.6,-3.8,8.7,-8.0,-6.1,-5.5
1997-07,6.4,-4.2,9.6,-18.1,7.5,25.5,6.8,7.4,16.8,13.5,10.2,3.5,1.2,-0.9,-0.9,10.4,3.5,5.7,3.3,11.8,8.2,12.8,0.1,-3.4,3.6,-6.9,-3.7,-4.2
1997-08,9.4,-5.7,12.8,-24.1,11.5,27.2,6.1,8.2,18.4,8.5,8.6,-0.7,1.0,1.5,-4.9,4.4,-0.3,6.6,0.7,10.6,10.6,12.6,8.7,17.8,10.8,-6.0,-2.2,-6.5
1997-09,6.4,-5.0,16.0,-26.1,-0.5,28.5,5.4,7.2,21.0,10.3,12.4,0.2,1.1,0.7,-3.9,5.4,1.1,8.1,0.5,9.6,11.2,10.8,13.3,21.4,14.0,-0.6,5.5,12.3
1997-10,20.4,-0.4,9.3,-10.1,6.5,31.8,6.3,10.3,5.2,11.2,7.3,2.2,4.0,-1.5,-0.9,6.1,0.7,8.1,2.0,13.5,13.1,17.8,8.1,14.6,9.5,-1.2,6.8,12.7
1997-11,4.4,-4.8,-0.6,-9.1,6.5,28.8,6.2,7.9,16.7,15.6,11.3,2.4,4.0,-0.4,-0.9,7.8,0.4,7.8,-3.1,21.8,20.1,17.8,20.7,4.3,7.0,-2.0,5.1,13.8
1997-12,13.4,1.4,5.8,-3.1,8.5,32.0,4.1,8.7,19.8,15.9,9.9,4.4,4.3,1.1,-0.9,15.1,-0.3,7.3,-2.4,12.4,15.7,15.7,18.8,14.0,17.9,-1.7,5.8,15.4
1998-01,5.4,-3.8,1.5,-9.1,5.5,31.7,5.7,8.5,2.2,10.9,11.9,5.8,5.7,-3.4,4.1,9.8,3.8,7.1,2.8,6.0,3.2,6.2,-2.7,-3.1,12.2,-2.1,3.3,16.1
1998-02,-2.6,-11.1,-0.2,-22.1,4.5,30.1,7.8,9.2,3.6,17.3,10.3,5.9,5.4,-3.2,6.1,8.4,1.1,6.7,5.1,10.7,9.3,8.8,8.3,5.7,11.9,-2.9,3.7,21.2
1998-03,5.4,-6.2,4.6,-17.1,2.5,26.9,4.7,7.0,4.3,15.4,10.6,7.3,5.4,1.5,9.1,14.3,3.1,7.5,6.9,14.1,14.4,13.0,15.9,5.8,11.4,-1.8,3.4,19.5
1998-04,5.4,-6.0,5.0,-17.1,2.5,27.8,15.0,11.3,3.2,17.5,9.1,5.3,2.5,-1.8,3.1,10.9,5.0,2.9,3.3,19.3,6.2,-14.0,13.4,-5.2,8.4,-2.1,4.1,17.5
1998-05,4.4,-9.4,-3.7,-15.1,-0.5,29.7,11.9,9.9,3.6,17.9,11.8,4.6,2.3,-1.6,4.1,8.1,1.5,2.8,1.8,10.4,11.1,17.1,5.7,22.8,10.1,-2.2,4.6,16.7
1998-06,11.4,-7.0,7.0,-21.1,6.5,30.0,10.2,11.5,3.0,17.7,5.7,1.8,2.1,-2.9,-2.9,5.4,-0.7,2.6,-2.1,5.2,8.8,17.6,3.6,4.2,20.7,-1.7,4.6,17.8
1998-07,10.4,-6.9,-4.7,-9.1,-7.5,32.5,8.7,10.0,6.6,18.5,11.2,2.3,2.2,0.2,-1.9,9.0,0.9,3.5,-8.6,6.5,6.6,9.3,4.0,3.6,22.2,-1.8,3.5,19.3
1998-08,-0.6,-10.8,-0.4,-21.1,-9.5,31.2,8.8,9.8,4.9,19.4,10.6,2.0,2.0,0.5,-2.9,9.4,-1.6,4.5,-8.0,11.3,9.8,16.4,1.7,4.8,18.9,-2.6,2.7,19.4
1998-09,-0.6,-9.7,1.7,-21.1,-9.5,28.7,7.3,9.9,-1.6,19.3,6.4,2.9,2.1,-3.3,-5.9,11.4,-0.8,-2.0,-8.5,16.5,14.0,18.3,7.4,-7.5,18.3,-3.1,2.5,16.0
1998-10,6.4,-18.4,-8.8,-28.1,-3.5,29.7,8.7,10.0,6.9,14.0,8.3,1.3,2.0,-1.5,-2.9,5.2,-2.9,-3.8,-13.9,15.6,11.6,11.1,8.1,-12.4,13.5,-3.8,-0.6,19.1
1998-11,3.4,-15.8,3.4,-35.1,-4.5,29.7,13.3,10.2,6.9,19.5,12.3,1.2,2.0,-0.5,-2.9,6.0,-4.3,-3.0,-10.0,2.2,1.3,6.9,-5.2,2.3,2.6,-4.2,-0.4,18.2
1998-12,3.4,-9.1,2.8,-21.1,-5.5,29.1,9.0,9.1,6.8,16.7,10.9,0.8,2.3,1.0,-3.9,7.4,-4.0,-2.4,-10.9,5.3,8.2,8.3,10.9,-1.8,1.3,-3.4,0.6,18.1
1999-01,0.4,-6.8,2.5,-16.1,-7.5,32.9,4.0,6.7,7.1,13.0,16.9,-0.5,2.7,-0.4,-10.9,9.0,-6.3,-2.4,-13.6,9.6,18.0,28.0,16.2,0.7,4.2,-1.8,2.3,19.4
1999-02,0.4,-11.5,-1.0,-22.1,-5.5,30.2,10.6,8.5,7.4,16.6,15.3,-4.1,2.4,2.9,-13.9,4.4,-5.1,-4.0,-18.1,10.7,8.9,7.8,8.3,5.8,11.9,-1.5,3.9,18.2
1999-03,4.4,-5.7,7.7,-19.1,-12.5,32.9,13.6,11.0,3.8,18.8,13.6,-5.4,2.4,3.5,-16.9,4.3,-8.1,3.5,-17.3,11.4,10.0,7.5,11.0,-3.1,13.3,-2.9,2.1,20.2
1999-04,7.4,-11.4,-4.6,-18.1,-7.5,27.6,12.9,10.1,8.9,13.4,10.1,-3.3,-3.5,2.2,-11.9,4.2,-5.6,4.7,-14.3,5.8,5.6,5.5,5.5,-3.5,14.1,-2.7,1.4,18.8
1999-05,-2.6,-16.4,-9.7,-23.1,-12.5,28.8,7.1,7.7,7.8,12.2,12.8,-4.8,-3.7,4.4,-14.9,4.9,-6.9,3.6,-14.6,10.5,7.3,8.8,2.6,0.7,4.9,-2.9,1.5,16.7
1999-06,-7.6,-9.9,-4.8,-15.1,-14.5,28.9,7.7,7.6,6.2,10.4,13.7,-2.0,-3.9,1.1,-11.9,7.1,-5.8,7.4,-13.7,9.1,1.4,-0.5,-4.5,3.2,1.1,-2.7,3.2,17.4
1999-07,0.4,-4.0,8.0,-16.1,-4.5,27.6,11.6,8.0,11.2,15.6,15.2,-0.2,-2.8,0.2,-9.9,9.7,-4.9,3.3,-15.1,7.9,7.8,10.8,4.8,0.6,4.4,-1.6,3.3,21.9
1999-08,-4.6,-8.9,5.4,-23.1,-6.5,28.3,2.2,5.6,6.4,10.2,13.6,-2.0,-3.0,-2.5,-9.9,1.3,-4.2,3.3,-9.0,9.0,10.5,18.0,4.6,15.8,10.5,-1.6,2.3,19.4
1999-09,2.4,-9.8,4.5,-24.1,-6.5,26.8,10.0,7.5,9.4,13.3,14.4,-2.7,-2.9,1.7,-6.9,0.5,-3.9,1.8,-7.2,8.5,6.8,15.6,-3.6,11.5,2.1,-2.4,2.0,19.5
1999-10,-0.6,-5.0,11.1,-21.1,-5.5,30.5,7.9,9.1,7.9,18.7,11.3,1.0,-1.0,0.4,-2.9,6.4,-0.9,5.1,-5.6,15.1,16.0,24.8,8.2,6.4,1.4,-1.0,6.6,21.0
1999-11,5.4,-7.3,7.4,-22.1,-2.5,30.7,6.6,7.7,7.9,11.6,14.3,-0.4,-1.0,1.5,-4.9,5.1,-2.5,6.1,-7.2,13.4,12.2,16.5,6.8,8.2,18.6,-2.9,2.9,21.9
1999-12,-7.6,-10.6,7.9,-29.1,-1.5,31.1,4.7,7.0,7.2,15.6,14.9,0.9,-0.7,4.0,-0.9,7.6,-1.2,10.8,-4.3,12.0,16.6,18.7,19.2,2.4,7.1,-2.7,2.8,18.5
2000-01,3.4,-15.7,-2.4,-29.1,-6.5,30.2,6.9,8.4,7.7,14.9,11.9,2.5,-1.2,0.7,-4.9,13.2,-0.9,9.0,-2.4,11.2,11.8,15.2,9.1,18.5,1.7,-2.6,2.6,18.3
2000-02,2.4,-6.0,3.2,-15.1,-2.5,32.3,9.5,10.5,10.5,19.0,10.3,4.2,-1.6,-1.1,-0.9,12.4,0.4,10.2,-3.7,14.9,14.2,19.5,8.3,16.1,8.1,-3.6,-0.7,22.2
2000-03,7.4,-0.1,8.8,-9.1,8.5,29.8,15.0,10.8,11.5,11.2,12.6,3.0,-1.6,-3.5,-3.9,9.4,-1.2,8.5,-4.4,14.9,11.8,13.5,7.1,13.8,4.6,-3.6,-0.4,24.1
2000-04,9.4,-13.2,-1.4,-25.1,3.5,27.3,-2.1,4.4,7.2,11.3,12.0,4.1,2.5,-1.9,1.1,9.4,-1.0,14.6,-1.0,14.4,15.4,11.2,20.6,17.0,22.1,-8.9,-11.9,40.4
2000-05,6.4,-4.0,7.1,-15.1,6.5,24.8,-2.0,3.3,8.5,0.3,12.8,5.8,2.3,-3.6,4.1,9.6,-0.1,16.3,-2.4,8.6,7.6,4.8,9.5,-2.6,11.4,-7.8,-8.7,30.0
2000-06,12.4,-10.9,2.3,-24.1,1.5,25.7,9.3,9.1,9.6,9.9,7.7,3.9,2.1,-0.8,-0.9,11.8,0.7,14.2,-2.6,9.9,5.6,5.7,1.3,5.1,4.2,-9.2,-13.6,29.8
2000-07,9.4,0.8,11.7,-10.1,8.5,25.6,4.7,7.0,6.2,2.6,9.3,3.4,-3.8,-3.7,-1.9,8.4,-1.4,9.2,0.1,16.2,10.5,7.7,7.6,8.4,0.5,-8.5,-10.4,29.6
2000-08,0.4,-5.4,9.2,-20.1,-1.5,25.3,-0.9,3.9,19.2,8.9,12.6,5.3,-4.1,-2.5,-1.9,15.2,-0.3,7.2,0.3,3.5,4.1,11.5,-2.5,9.1,-3.6,-8.9,-11.9,29.1
2000-09,9.4,-4.4,11.3,-20.1,1.5,21.8,6.0,5.5,14.4,10.4,11.4,2.6,-3.9,-2.4,-2.9,8.4,-0.3,7.6,3.9,0.4,4.3,23.1,-10.7,6.5,0.7,-10.7,-15.0,30.3
2000-10,5.4,-10.6,4.0,-25.1,-2.5,21.4,1.1,4.4,12.7,6.5,9.3,4.4,8.0,-3.6,-2.9,12.5,-1.1,10.1,1.1,-1.2,4.4,15.3,-0.8,4.8,10.3,-10.9,-14.1,28.0
2000-11,10.4,-11.8,3.5,-27.1,-4.5,23.7,-1.1,3.8,8.1,11.7,11.3,4.6,8.0,-1.6,0.1,12.2,0.7,16.1,2.6,7.6,7.3,6.5,7.8,5.9,12.5,-11.6,-17.8,35.0
2000-12,2.4,-8.1,16.0,-32.1,7.5,19.2,3.3,3.2,6.2,5.6,13.0,2.3,8.3,-1.0,-3.9,9.9,-1.1,15.1,-2.5,8.7,11.4,11.9,13.5,0.2,16.2,-11.7,-18.0,34.7
2001-01,-10.6,-4.7,13.7,-23.1,4.5,19.5,-5.4,2.1,4.7,-0.2,7.9,1.6,2.8,-1.3,-7.9,11.5,-1.2,14.5,-8.2,13.8,17.3,18.0,20.2,9.2,20.2,-12.2,-17.5,29.7
2001-02,-8.6,-0.9,13.3,-15.1,0.5,23.5,-2.2,4.3,20.6,3.7,8.3,-1.2,2.5,2.0,-9.9,8.4,-3.1,4.5,-8.4,4.1,6.4,6.6,8.3,0.2,1.7,-10.1,-15.1,30.4
2001-03,3.4,-2.0,11.1,-15.1,3.5,22.9,-1.7,4.2,3.8,1.7,8.6,-4.7,2.4,6.6,-11.9,4.4,-5.2,4.5,-9.6,-0.5,6.8,15.5,5.3,-5.6,-0.9,-10.1,-16.4,29.8
2001-04,3.4,-2.1,12.8,-17.1,8.5,25.1,-0.4,4.5,3.5,2.2,11.0,-3.2,1.5,3.1,-11.9,5.5,-4.5,3.6,-9.9,16.2,14.5,16.4,10.8,-1.8,-12.6,-10.6,-15.8,28.1
2001-05,4.4,-0.6,11.0,-12.1,-2.5,18.7,-0.7,2.7,4.8,2.9,9.8,-5.3,1.3,4.4,-14.9,3.4,-7.3,6.1,-14.6,14.7,15.2,15.4,15.5,-6.7,1.6,-11.8,-17.5,26.4
2001-06,-1.6,-0.8,9.4,-11.1,-1.5,22.6,6.4,5.1,3.5,4.4,13.7,-4.2,1.1,-0.8,-12.9,-0.5,-8.1,4.1,-14.2,20.9,21.9,25.6,19.1,-1.7,-2.2,-12.4,-19.2,31.7
2001-07,5.4,2.2,18.5,-14.1,5.5,17.6,-8.1,-0.6,2.2,0.4,11.3,-3.4,-2.8,0.3,-13.9,4.1,-7.9,3.0,-22.8,2.5,6.9,14.7,3.4,-11.6,-6.1,-11.6,-21.5,33.1
2001-08,1.4,-3.5,8.1,-15.1,0.5,15.3,-8.6,-1.3,2.0,0.6,10.6,-5.1,-3.1,4.5,-11.9,1.1,-9.5,1.9,-21.0,12.7,5.6,5.9,-1.8,-10.4,-10.6,-10.2,-19.5,32.5
2001-09,-5.6,-2.0,3.2,-7.1,10.5,10.7,-4.8,-2.1,2.9,-1.3,12.4,-6.7,-2.9,6.6,-15.9,2.3,-7.4,1.3,-19.1,8.7,3.2,-1.2,2.0,-15.5,-8.4,-12.5,-24.2,35.8
2001-10,5.4,-5.1,3.8,-14.1,-6.5,12.3,-7.8,-2.6,0.9,-2.6,12.3,-8.5,-5.0,5.3,-18.9,-1.4,-11.2,1.0,-14.6,8.0,-2.6,-7.9,-7.9,-7.8,-1.7,-13.3,-24.1,35.3
2001-11,-0.6,-7.8,6.5,-22.1,-3.5,16.7,-3.9,0.2,0.8,-5.0,12.3,-6.0,-5.0,3.3,-17.9,3.3,-9.1,-2.7,-18.8,4.7,0.0,0.5,-5.2,-15.5,-12.4,-13.4,-25.1,30.7
2001-12,-1.6,-17.5,1.1,-36.1,-11.5,16.3,-5.0,-1.2,2.2,-2.3,15.0,-5.2,-4.6,1.0,-12.9,-1.8,-8.8,1.5,-17.8,9.4,0.0,-2.3,-7.0,-15.5,-8.3,-12.9,-21.9,35.5
2002-01,-12.6,-19.7,-6.3,-33.1,-3.5,21.8,-6.2,1.6,-0.6,1.6,10.9,-7.6,-7.2,5.7,-16.9,0.0,-8.1,-10.0,-20.9,7.7,6.6,13.7,-1.7,-14.4,-6.6,-12.9,-21.6,31.2
2002-02,-9.6,-14.3,-5.5,-23.1,-1.5,14.8,-6.0,-1.2,-2.5,-6.5,12.3,-8.5,-7.5,4.1,-20.9,-0.6,-12.8,-0.4,-22.9,5.2,-0.7,7.3,-14.6,-16.4,-19.1,-11.0,-19.2,29.7
2002-03,-10.6,-13.4,-7.7,-19.1,9.5,17.0,-0.1,1.4,-2.0,3.2,12.6,-6.0,-7.6,7.7,-16.9,6.5,-2.3,5.5,-22.1,11.9,5.1,8.1,-4.5,-10.1,-23.2,-11.2,-16.6,29.3
2002-04,-18.6,-20.5,-14.0,-27.1,-2.5,17.9,-7.9,-0.3,0.1,-0.8,11.0,-7.8,-7.5,13.1,-14.9,4.7,-8.8,6.6,-15.1,-6.7,-3.7,8.4,-12.7,-13.9,-9.9,-9.4,-12.7,29.2
2002-05,-11.6,-25.7,-19.2,-32.1,-5.5,11.6,-2.2,-0.5,-3.6,-1.6,10.8,-9.1,-7.7,6.5,-17.9,-2.9,-9.8,9.0,-9.2,0.1,4.9,9.0,5.6,-11.7,-7.7,-15.8,-27.4,47.1
2002-06,-9.6,-36.3,-26.6,-46.1,-11.5,11.5,-12.6,-4.9,-2.4,-9.0,13.7,-6.7,-7.9,7.2,-14.0,1.0,-7.8,5.9,-12.6,1.5,4.4,9.8,2.0,-16.6,-13.6,-18.2,-28.7,46.9
2002-07,-16.6,-30.8,-19.6,-42.1,-20.5,9.5,-14.3,-4.7,-5.6,-10.0,9.3,-10.9,-13.8,6.3,-22.1,-4.2,-12.5,2.6,-11.4,9.0,6.3,6.7,3.2,-16.4,-8.9,-16.6,-26.3,41.7
2002-08,-18.6,-42.6,-30.1,-55.1,-24.5,4.2,-15.9,-8.4,-6.3,-9.7,13.6,-9.8,-14.1,3.5,-23.7,-2.3,-16.0,-0.2,-16.3,-2.0,-4.8,-3.5,-8.9,-29.2,-9.0,-17.9,-27.5,39.1
2002-09,-11.6,-39.6,-33.0,-46.1,-24.5,5.5,-20.6,-7.2,-5.3,-16.2,6.4,-12.0,-13.9,11.5,-23.2,-1.2,-11.3,-0.7,-15.5,-3.1,0.1,-0.9,4.4,-30.5,-14.6,-18.1,-26.4,36.3
2002-10,-26.6,-42.7,-32.3,-53.1,-19.5,2.0,-19.0,-9.1,-4.6,-10.7,10.3,-12.6,-11.1,8.2,-23.0,-6.6,-16.3,3.8,-18.0,-5.1,-2.1,4.6,-5.8,-37.1,-22.5,-22.2,-34.9,38.2
2002-11,-21.6,-47.3,-37.5,-57.1,-21.5,-3.4,-23.8,-13.5,-7.9,-15.8,13.3,-15.2,-10.7,11.3,-26.8,-7.4,-13.8,2.0,-22.5,-11.5,-13.0,-16.9,-10.7,-37.0,-17.4,-21.4,-33.0,40.3
2002-12,-30.6,-48.4,-38.7,-58.1,-20.5,1.3,-25.2,-12.0,-7.9,-16.2,12.0,-15.0,-11.5,11.9,-25.7,-7.4,-17.9,-0.8,-24.7,-7.8,-3.0,3.3,-4.6,-37.4,-19.7,-21.4,-31.3,38.8
2003-01,-30.6,-48.7,-42.3,-55.1,-26.5,-1.8,-27.2,-12.6,-8.6,-17.6,8.9,-11.5,-4.3,6.6,-26.4,-1.4,-13.3,3.5,-24.3,-6.1,-1.2,10.7,-8.2,-42.1,-34.2,-23.1,-33.0,34.7
2003-02,-38.6,-51.2,-43.4,-59.1,-29.5,3.0,-22.2,-9.6,-7.2,-17.7,9.6,-12.9,-3.6,10.0,-34.4,5.7,-13.2,1.8,-25.2,-1.6,-1.9,8.3,-12.3,-39.3,-33.5,-24.0,-35.6,37.8
2003-03,-27.6,-39.3,-31.4,-47.1,-32.5,-5.8,-24.5,-13.7,-9.0,-21.5,10.9,-15.7,-8.6,7.6,-35.4,-4.2,-13.3,-2.4,-28.5,-17.8,-11.0,-6.0,-9.3,-44.7,-30.2,-24.7,-38.4,45.2
2003-04,-23.6,-40.9,-29.8,-52.1,-26.5,-2.6,-23.8,-11.9,-11.2,-20.3,9.3,-16.4,-9.6,12.0,-31.4,-5.9,-13.8,-2.4,-26.3,-15.0,-13.9,-8.1,-18.5,-53.8,-33.1,-24.3,-34.0,40.1
2003-05,-32.6,-38.8,-28.4,-49.1,-42.5,-3.6,-34.0,-13.5,-13.6,-17.0,2.9,-13.3,-5.8,10.3,-29.4,-0.2,-14.1,-2.9,-25.4,-23.8,-17.0,-6.0,-21.3,-11.8,-37.6,-22.2,-32.5,31.8
2003-06,-24.6,-37.3,-23.6,-51.1,-38.5,0.8,-36.0,-14.5,-11.7,-15.3,8.3,-8.8,-6.0,6.0,-23.4,3.0,-8.7,-1.9,-25.4,-20.7,-11.1,-2.9,-9.6,-14.7,-38.0,-20.9,-29.0,28.8
2003-07,-21.6,-43.9,-27.6,-60.1,-33.5,4.1,-30.1,-10.7,-13.2,-12.5,6.0,-7.7,-4.9,4.2,-26.4,7.5,-14.0,-2.4,-26.3,-17.2,-7.6,3.1,-8.6,-58.0,-32.2,-20.4,-24.6,28.9
2003-08,-22.6,-38.1,-22.2,-54.1,-31.5,7.4,-21.6,-6.0,-10.5,-12.3,3.9,-8.5,-6.2,5.3,-25.4,5.1,-4.2,-1.5,-24.9,-14.6,-6.9,1.0,-7.2,-17.1,-34.0,-20.1,-25.7,28.3
2003-09,-32.6,-42.2,-23.3,-61.1,-27.5,8.2,-23.5,-7.2,-8.5,-8.7,6.2,-7.2,-5.0,4.4,-21.4,4.2,-8.4,10.7,-23.3,-12.9,-14.9,-23.5,-8.3,-10.2,-28.8,-18.5,-22.0,27.4
2003-10,-28.6,-43.3,-25.5,-61.1,-35.5,10.2,-21.0,-5.0,-9.4,-7.5,4.3,-8.8,-3.0,8.0,-26.4,7.9,-8.0,-0.1,-21.4,-12.1,-5.7,-4.3,-0.7,-0.7,-27.6,-14.5,-14.8,20.4
2003-11,-28.6,-42.8,-28.5,-57.1,-35.5,12.8,-22.3,-3.1,-6.7,-7.9,-0.1,-11.6,-7.0,10.1,-25.4,0.6,-4.0,4.6,-18.9,-14.1,-5.1,8.3,-9.6,-8.9,-21.6,-16.6,-20.4,22.5
2003-12,-24.6,-47.8,-30.6,-65.1,-41.5,6.5,-20.2,-4.6,-9.3,-6.6,0.2,-6.2,-3.6,3.7,-21.4,6.7,-8.3,4.4,-18.9,-8.8,-9.0,-5.2,-12.9,-14.6,-24.2,-15.1,-18.3,28.2
2004-01,-31.6,-40.2,-21.4,-59.1,-31.5,5.1,-14.8,-4.5,-8.3,-3.6,3.9,-5.7,-5.2,4.6,-14.4,2.0,-8.5,5.9,-16.1,-19.9,-5.3,-0.7,4.7,-9.4,-19.8,-16.0,-18.8,24.5
2004-02,-26.6,-34.2,-21.3,-47.1,-26.5,7.4,-25.0,-7.3,-6.3,-9.3,4.3,-8.2,-3.6,4.1,-21.4,0.8,-5.9,1.9,-15.7,-16.0,-2.4,4.3,4.6,-12.9,-19.9,-16.1,-19.3,28.9
2004-03,-35.6,-51.6,-36.2,-67.1,-36.5,4.2,-31.1,-10.7,-6.2,-9.6,5.2,-7.1,-5.6,1.7,-19.4,-0.1,-9.4,5.6,-16.5,-8.4,6.9,18.4,10.8,0.0,-22.2,-16.7,-18.7,25.4
2004-04,-21.6,-37.8,-19.5,-56.1,-16.5,7.5,-21.7,-5.9,-5.3,-1.3,3.7,-6.7,-4.6,1.1,-17.4,-1.7,-4.1,6.6,-16.3,-8.7,7.7,14.2,17.6,-7.0,-25.3,-16.3,-21.3,29.4
2004-05,-24.6,-38.3,-18.6,-58.1,-16.5,7.6,0.4,1.8,-4.9,0.2,2.6,-5.1,-3.8,2.4,-19.4,6.5,-8.6,3.1,-18.0,-4.2,6.9,11.2,13.6,-1.5,-23.9,-16.6,-20.9,33.9
2004-06,-30.6,-40.3,-25.5,-55.1,-21.5,6.2,-15.7,-4.8,-5.9,-4.2,4.7,-1.2,-6.0,7.0,-5.4,8.8,-6.9,2.0,-15.1,-8.3,3.2,5.0,12.9,-0.3,-18.8,-14.8,-17.1,21.3
2004-07,-13.6,-40.3,-21.6,-59.1,-18.5,10.9,-5.1,0.3,-3.0,-2.7,4.9,-1.1,-5.9,3.1,-5.4,5.3,-2.3,4.3,-16.7,1.8,4.3,0.8,10.4,6.8,-7.5,-14.0,-15.7,21.3
2004-08,-3.6,-38.2,-21.3,-55.1,-17.5,10.0,-9.8,-1.7,-4.2,-3.5,5.4,-0.5,-4.2,3.2,-2.4,4.1,-7.4,4.1,-17.8,-5.1,7.8,6.4,22.2,-2.1,-11.2,-14.1,-14.5,25.7
2004-09,0.4,-39.3,-20.5,-58.1,-17.5,9.8,-17.0,-3.9,-4.8,-4.6,4.5,-3.6,-7.0,-12.6,-29.4,6.1,-10.7,6.5,-19.0,-10.6,-1.1,0.2,7.0,-4.5,-19.9,-14.3,-14.8,27.5
2004-10,-6.6,-37.4,-19.7,-55.1,-15.5,10.0,-13.5,-3.8,-4.9,-2.3,7.8,-4.1,-7.1,0.9,-14.4,3.0,-12.3,3.8,-17.0,-11.0,-0.4,0.1,9.7,-5.8,-25.8,-16.4,-19.3,29.9
2004-11,-9.6,-33.8,-13.6,-54.1,-15.5,5.5,-12.2,-3.8,-5.5,-8.8,4.6,-4.0,-3.0,4.1,-14.4,6.6,-7.8,0.8,-14.1,-5.7,2.5,11.2,1.8,0.1,-18.4,-16.4,-20.3,27.6
2004-12,-16.6,-33.8,-12.5,-55.1,-19.5,4.8,-12.3,-4.4,-3.5,-11.1,5.8,-6.4,-4.6,-0.3,-23.4,3.8,-10.0,3.8,-14.0,-14.7,-5.4,6.2,-7.7,2.2,-28.8,-16.7,-21.2,30.7
2005-01,-12.8,-33.4,-13.8,-52.9,-15.6,4.7,-13.0,-5.2,-2.3,-4.1,7.3,-4.9,-1.2,4.6,-7.4,-2.7,-5.7,-7.8,-17.8,0.3,-1.6,-6.0,1.1,5.2,-23.2,-16.0,-19.6,23.5
2005-02,-17.4,-37.8,-20.6,-55.0,-14.1,5.1,-17.8,-5.4,-6.0,-3.9,3.6,-8.2,-8.5,6.1,-20.4,2.0,-9.7,5.1,-17.7,-6.5,2.8,7.9,6.9,4.6,-25.2,-16.2,-14.8,26.0
2005-03,-29.2,-31.5,-12.9,-50.1,-9.3,7.0,-14.3,-3.9,-5.6,-1.7,4.5,-7.8,-6.6,3.7,-22.4,2.9,-6.9,2.7,-22.9,-10.1,-4.2,-0.6,-1.9,6.4,-24.2,-14.2,-8.4,28.3
2005-04,-31.0,-35.5,-21.1,-50.0,-24.2,3.6,-21.5,-7.3,-5.6,-6.4,3.8,-2.4,-5.6,1.1,-21.4,15.4,-15.1,0.6,-23.6,-14.3,-7.0,4.0,-10.8,6.6,-20.8,-12.9,-8.1,26.8
2005-05,-19.6,-29.4,-11.7,-47.1,-13.9,5.8,-16.2,-4.6,-8.0,-9.8,3.6,-6.5,-2.8,1.4,-22.4,4.2,-6.2,-3.0,-26.7,-14.5,-1.4,6.4,3.8,-2.0,-9.3,-15.0,-12.0,25.3
2005-06,-27.1,-41.7,-24.9,-58.6,-30.3,-3.6,-22.4,-9.9,-8.9,-6.8,3.6,-7.9,-7.0,3.0,-20.4,-0.4,-11.0,-2.1,-26.9,-17.1,-5.7,6.0,-6.1,-11.6,-11.4,-20.6,-27.2,43.3
2005-07,-29.7,-42.5,-27.7,-57.3,-26.2,-8.2,-19.7,-10.6,-7.8,-18.0,3.8,-8.5,-4.0,3.1,-21.4,-0.9,-10.2,10.1,-24.4,-16.7,-9.3,-7.4,-3.7,-7.9,-23.0,-21.5,-27.9,39.1
2005-08,-20.3,-37.7,-20.6,-54.8,-12.9,-4.8,-17.7,-10.7,-8.9,-16.7,9.5,-5.8,-3.2,-1.8,-20.4,1.1,-7.4,9.8,-23.8,-8.4,0.2,-0.1,9.0,-9.7,-18.8,-22.0,-30.2,37.1
2005-09,-17.4,-39.2,-17.5,-61.0,-19.0,-4.0,-23.1,-11.4,-9.3,-13.7,7.0,-4.2,-8.0,-1.7,-15.4,1.1,-6.8,16.4,-18.7,-10.3,-5.6,-0.8,-5.6,-2.1,-15.1,-21.9,-28.2,37.9
2005-10,-13.5,-28.2,-1.1,-55.3,-21.3,-0.5,-26.6,-11.9,-10.9,-14.2,8.7,-0.7,-3.1,-4.2,-11.4,5.1,-4.1,5.7,-15.3,-12.1,-4.7,-4.5,2.5,-0.5,-16.4,-21.0,-27.8,37.2
2005-11,-12.3,-37.1,-23.9,-50.3,-30.3,0.3,-22.4,-9.9,-9.3,-14.3,7.6,-2.9,-4.0,0.0,-11.4,2.6,-7.8,5.9,-15.5,-13.2,-5.3,-7.9,5.3,-4.3,-15.1,-19.7,-26.3,34.9
2005-12,-28.5,-40.0,-25.2,-54.8,-29.9,6.0,-13.4,-3.4,-11.4,-2.3,2.7,-4.4,-5.6,4.7,-14.4,6.0,-4.4,3.2,-13.4,-11.8,-0.5,11.0,-0.6,5.9,-13.9,-18.8,-25.8,29.4
2006-01,-11.0,-32.7,-20.4,-45.1,-23.8,3.6,-18.5,-6.1,-9.0,-9.0,3.3,-4.5,-8.2,2.6,-11.4,0.6,-9.6,19.5,-11.8,-9.2,-3.2,2.5,-2.8,-4.7,-18.9,-19.5,-25.8,32.4
2006-02,-20.2,-32.6,-13.4,-51.8,-30.7,5.6,-16.1,-6.2,-7.8,-5.4,8.1,-4.5,-2.5,6.2,-11.4,4.1,-3.4,2.2,-14.2,-13.8,-0.2,2.9,10.4,-9.2,-20.2,-18.0,-20.2,30.1
2006-03,-22.6,-34.5,-18.5,-50.4,-21.7,-0.1,-21.7,-11.9,-7.8,-14.3,13.9,-7.5,-0.6,5.8,-17.4,0.8,-8.7,4.7,-16.4,-12.8,-3.1,2.6,0.8,-5.0,-21.1,-16.9,-16.9,26.0
2006-04,-19.4,-38.7,-23.7,-53.6,-35.4,4.5,-15.1,-5.6,-7.0,-5.1,6.1,-6.3,-3.6,1.2,-21.4,3.7,-2.0,4.6,-16.0,-13.3,-2.5,2.4,3.4,4.4,-17.3,-17.4,-18.8,32.7
2006-05,-31.7,-34.5,-19.0,-49.9,-35.8,-0.5,-22.9,-11.1,-7.5,-5.5,9.9,-4.6,-0.8,4.4,-16.4,6.9,-4.6,17.9,-18.7,-11.0,1.6,10.7,5.1,6.6,-21.0,-18.5,-20.4,31.9
2006-06,-18.8,-34.0,-21.5,-46.6,-29.3,2.7,-11.4,-6.7,-3.1,-3.6,11.5,-3.0,5.0,9.0,-6.4,6.4,0.3,10.6,-0.2,-6.1,17.3,34.3,23.6,4.0,-2.0,-17.0,-18.1,28.0
2006-07,-25.5,-33.3,-14.9,-51.7,-33.7,5.9,-19.4,-6.1,-0.6,1.2,4.8,0.8,4.0,7.1,1.6,7.8,-0.6,6.9,-11.5,-4.2,7.4,21.1,5.4,0.6,-8.3,-17.3,-17.1,27.9
2006-08,-35.5,-30.4,-19.3,-41.5,-38.3,3.4,-21.6,-8.2,-2.2,-2.1,6.5,-2.2,3.7,3.1,-9.4,6.0,-3.2,5.6,-11.8,-4.9,3.3,10.6,4.1,-5.9,-13.3,-15.1,-13.0,28.6
2006-09,-19.8,-30.7,-18.1,-43.3,-34.7,8.1,-15.8,-4.6,-4.0,-3.7,6.2,-0.6,2.0,5.3,-7.4,11.0,1.2,7.5,-11.9,4.6,9.9,15.0,10.2,-8.7,-14.5,-13.0,-9.8,22.7
2006-10,-28.1,-37.5,-24.1,-50.9,-37.6,15.8,-9.5,0.4,1.6,1.0,5.1,-1.7,-0.1,6.7,-9.4,11.2,-3.8,9.6,-10.8,8.6,12.8,22.9,6.8,-5.8,-15.7,-13.1,-12.0,20.9
2006-11,-25.5,-39.7,-28.5,-50.8,-32.1,2.5,-9.2,-3.9,-1.8,-0.1,5.0,1.4,5.0,1.0,-4.4,9.6,3.8,8.0,-5.8,2.1,9.9,19.5,8.0,-3.5,-25.3,-14.2,-14.4,22.4
2006-12,-32.1,-39.0,-20.3,-57.7,-23.1,9.1,-17.2,-4.5,-1.9,-7.7,5.3,-1.3,0.4,-1.4,-11.4,6.2,-1.2,7.5,-7.8,6.5,8.9,15.6,4.7,-7.7,-26.0,-12.7,-11.1,23.3
2007-01,-22.0,-34.4,-20.3,-48.4,-18.3,8.0,-12.6,-4.0,-0.6,-6.4,7.6,0.9,1.8,2.7,-6.4,11.7,1.6,6.6,-4.6,-1.2,8.3,17.6,8.6,-7.0,-10.4,-15.4,-17.0,30.9
2007-02,-24.6,-32.3,-12.0,-52.6,-13.8,7.7,-11.6,-3.3,0.0,-6.3,6.0,3.2,1.5,1.4,-3.4,14.2,5.9,3.2,-3.4,3.1,12.4,19.8,14.2,4.7,-5.7,-14.8,-16.2,24.1
2007-03,-30.7,-40.4,-19.2,-61.7,-15.8,6.6,-16.6,-5.5,1.0,-5.0,6.6,2.1,2.4,-0.1,-3.4,9.7,2.0,6.6,1.1,8.9,12.0,11.8,15.3,-4.7,-7.6,-14.9,-17.6,22.8
2007-04,-22.1,-38.9,-16.2,-61.7,-18.8,7.0,-10.8,-3.2,1.6,-5.6,5.9,2.4,4.4,0.2,-0.4,8.0,7.9,6.5,-3.7,4.8,13.7,25.2,11.2,-4.6,-13.7,-14.5,-14.7,19.0
2007-05,-5.6,-34.4,-13.6,-55.2,-18.4,6.8,-7.3,-2.5,1.3,-4.5,7.1,3.9,3.2,-0.6,4.6,6.6,5.6,2.9,1.0,11.3,13.0,14.3,13.3,-2.5,-12.0,-14.0,-13.6,19.2
2007-06,-5.6,-29.6,-19.3,-40.0,-22.4,7.9,-8.9,-3.1,-0.3,-4.5,8.4,3.9,6.0,-2.9,4.6,4.1,7.3,7.5,4.1,5.9,10.1,15.1,9.1,-13.4,-8.5,-16.2,-15.9,21.4
2007-07,-11.3,-33.5,-17.6,-49.5,-16.3,1.8,-7.7,-4.4,-2.6,-3.4,7.1,1.7,4.0,1.1,-2.4,8.6,4.2,25.7,1.2,4.1,10.8,21.7,6.6,-9.4,-12.1,-15.6,-15.5,21.8
2007-08,-15.3,-30.6,-4.9,-56.4,-4.2,3.7,-6.1,-3.5,0.4,-5.3,8.0,2.8,2.7,1.0,2.6,6.9,2.8,7.3,0.0,6.9,14.3,19.9,16.1,0.9,-8.5,-17.4,-18.3,23.9
2007-09,-6.6,-31.0,-12.2,-49.8,-12.0,3.9,-11.9,-4.6,-0.5,-3.8,5.8,4.8,5.9,-3.8,2.6,8.0,5.6,7.7,1.7,9.2,15.0,19.3,16.6,-2.4,-8.8,-16.5,-19.5,26.3
2007-10,-11.2,-34.2,-13.5,-54.9,-17.1,8.2,-10.7,-3.0,1.1,-1.6,6.5,2.4,4.9,-0.4,0.6,6.4,1.9,12.6,0.6,4.6,11.9,20.6,10.5,-1.0,-8.1,-18.2,-20.8,28.3
2007-11,-7.3,-30.8,-6.7,-55.0,-14.3,11.4,-10.7,-2.0,1.1,-0.6,6.5,4.8,2.0,-3.0,-1.4,12.7,0.8,9.2,-2.0,14.1,19.2,18.9,24.8,-0.9,-3.4,-19.1,-23.5,33.0
2007-12,-8.8,-35.6,-14.5,-56.8,-8.5,9.0,-10.2,-1.8,-3.2,-2.1,4.1,4.1,9.5,2.6,3.6,11.3,3.0,9.9,-3.3,7.6,13.1,16.7,14.9,-0.8,-14.4,-20.8,-26.2,35.8
2008-01,-12.3,-32.9,-18.0,-47.9,-11.6,6.7,-6.0,-2.6,0.0,-3.8,8.5,2.6,2.8,-16.3,-19.4,10.9,-21.3,15.8,-6.6,5.1,15.5,16.2,25.1,-0.3,-15.7,-24.6,-32.7,39.4
2008-02,-10.7,-31.4,-16.0,-46.8,-12.8,5.9,-10.3,-3.4,-0.6,-1.5,6.0,2.9,2.5,0.5,-0.4,9.5,2.9,11.2,-4.9,3.4,15.0,20.6,21.0,-3.7,-18.8,-23.2,-30.9,37.7
2008-03,-3.9,-27.4,-23.8,-31.0,-8.9,10.6,-8.9,-1.6,-1.0,-2.1,6.4,0.7,3.4,2.0,-2.4,6.5,3.8,10.6,-4.1,5.2,14.5,25.2,13.1,-2.4,-12.1,-24.8,-33.9,39.8
2008-04,-17.3,-37.2,-32.8,-41.7,-4.5,4.0,-11.4,-5.6,-1.8,-8.3,9.3,-1.2,7.4,0.2,-4.4,1.2,3.1,12.4,-8.3,11.4,16.6,23.3,15.0,8.7,4.1,-22.7,-29.0,29.8
2008-05,-12.8,-18.7,-2.7,-34.7,8.1,6.0,-15.8,-6.6,0.9,-7.3,9.9,-4.5,3.3,4.4,-21.4,12.4,5.2,24.9,-10.5,7.5,12.5,20.8,9.2,-1.5,-16.1,-23.3,-34.3,53.6
2008-06,-12.8,-18.8,-1.0,-36.7,8.1,-1.7,-24.9,-11.3,-3.1,-11.3,7.5,-4.6,1.0,-1.9,-25.4,9.8,-21.0,26.3,-10.5,3.8,7.4,18.6,-0.3,5.0,-8.7,-32.4,-38.8,50.8
2008-07,-7.8,-20.3,-2.9,-37.7,10.1,-1.3,-27.7,-12.2,-3.4,-11.1,7.5,-2.1,0.0,4.1,-8.4,6.3,-17.4,28.6,-11.8,0.7,6.7,14.2,5.1,-7.0,-14.5,-29.7,-39.6,44.8
2008-08,-11.8,-22.7,-5.7,-39.7,5.1,-0.6,-23.1,-10.0,-3.5,-8.5,6.2,-0.5,0.7,3.9,-6.4,8.8,-0.5,5.0,-13.9,-2.5,3.1,9.2,2.6,-9.9,-11.3,-27.4,-31.0,22.7
2008-09,-16.8,-22.4,-5.1,-39.7,-1.9,1.1,-26.3,-11.8,-5.2,-15.7,10.2,-7.5,-3.1,7.2,-15.4,0.0,-18.7,-0.2,-17.4,0.4,1.6,8.1,-3.8,3.4,-11.5,-22.6,-27.4,22.1
2008-10,-17.8,-22.2,-3.6,-40.7,-5.9,-5.2,-29.5,-15.1,-4.9,-20.6,10.5,-18.5,-9.1,8.5,-35.4,-11.4,-14.8,-0.4,-44.7,-6.0,-2.8,4.9,-7.3,-10.0,-8.9,-25.7,-37.6,29.7
2008-11,-18.8,-26.8,-9.0,-44.7,-9.9,-7.7,-34.2,-16.8,-6.9,-21.5,8.5,-21.8,-16.0,-8.1,-53.4,-20.2,-55.9,-18.7,-51.8,-1.7,0.7,5.7,-1.7,-5.9,-12.2,-28.1,-37.0,20.7
2008-12,-24.8,-29.0,-14.3,-43.7,-8.9,-14.8,-36.1,-20.0,-15.0,-24.9,9.0,-28.5,-17.5,6.5,-56.4,-22.5,-36.5,-22.8,-56.2,-2.7,0.6,1.1,3.4,-2.3,-11.4,-30.5,-45.4,13.2
2009-01,-25.8,-28.1,-15.6,-40.7,-5.9,-15.1,-33.8,-18.0,-13.0,-23.8,5.2,-30.7,-14.1,2.7,-64.4,-24.9,-35.5,-22.1,-62.9,-12.2,-10.2,-5.6,-12.9,-8.6,-19.3,-32.1,-51.0,11.8
2009-02,-27.8,-30.1,-16.5,-43.7,-11.9,-19.6,-43.1,-23.9,-13.4,-26.9,9.0,-32.1,-14.5,4.6,-65.4,-26.3,-35.9,-11.9,-62.3,-11.7,-16.3,-10.5,-26.7,-9.4,-19.3,-32.1,-54.7,4.5
2009-03,-24.8,-30.6,-16.5,-44.7,-11.9,-16.1,-44.8,-21.9,-13.3,-29.8,4.9,-26.0,-15.6,7.1,-61.4,-9.6,-26.1,-12.5,-56.7,-13.2,-14.1,-5.3,-23.9,-7.6,-9.7,-30.4,-49.1,3.0
2009-04,-27.8,-31.2,-18.7,-43.7,-14.9,-9.0,-47.1,-20.1,-9.2,-28.5,4.1,-32.5,-11.6,11.2,-66.4,-19.7,-27.4,-10.8,-71.4,-16.3,-16.3,-9.6,-23.2,1.7,-14.0,-27.0,-42.0,-4.4
2009-05,-19.9,-22.6,-7.1,-38.2,-5.5,-10.4,-41.9,-18.5,-10.1,-26.5,3.1,-24.8,-9.0,8.0,-56.6,-9.6,-20.4,-10.2,-48.5,-15.2,-15.5,-4.3,-27.1,1.8,-4.3,-25.3,-40.5,-6.9
2009-06,-19.3,-21.5,-6.6,-36.4,-5.0,-6.2,-35.7,-14.3,-9.3,-26.4,1.1,-23.5,-8.0,4.4,-57.1,-8.8,-19.9,-5.2,-48.7,-17.2,-12.2,2.1,-21.5,1.1,-6.5,-22.7,-32.4,-6.1
2009-07,-15.8,-26.3,-11.6,-41.1,-5.4,-2.8,-31.5,-11.9,-7.7,-20.0,1.4,-21.1,-7.4,4.6,-53.5,-5.1,-15.3,-0.9,-45.2,-14.5,-7.0,8.1,-14.5,1.7,-8.5,-17.9,-21.2,-5.9
2009-08,-15.4,-21.9,-7.2,-36.6,-2.6,-3.7,-26.3,-10.3,-8.8,-13.3,0.7,-16.6,-5.6,2.7,-44.9,-2.1,-10.3,10.2,-37.7,-11.1,-0.6,14.9,-5.7,3.2,-8.8,-15.9,-16.6,-2.2
2009-09,-23.8,-26.3,-9.4,-43.2,-0.8,1.4,-22.5,-6.5,-6.7,-10.9,-1.8,-10.8,-3.1,0.0,-40.6,8.1,-12.1,3.2,-34.3,-15.7,-2.2,14.7,-5.6,2.4,-9.5,-11.5,-8.5,-5.0
2009-10,-14.9,-23.8,-9.2,-38.3,-4.4,5.8,-20.6,-5.3,-5.6,-8.7,1.1,-14.2,-1.5,2.4,-42.1,1.9,-5.0,0.4,-34.5,-12.5,-0.1,13.2,-1.0,9.1,-8.3,-15.0,-9.1,-2.7
2009-11,-14.3,-25.1,-10.0,-40.2,-4.8,-0.3,-21.6,-7.4,-8.1,-9.8,0.3,-12.7,1.5,1.5,-45.4,8.8,-7.7,-0.7,-35.2,-11.0,1.4,17.0,-1.8,6.7,-6.7,-16.4,-13.8,-3.8
2009-12,-14.0,-28.3,-14.4,-42.1,-6.1,0.5,-21.0,-5.5,-7.8,-7.8,-3.9,-13.9,-1.3,1.7,-43.2,3.3,-3.9,-1.2,-33.1,-10.4,0.0,16.6,-6.2,5.5,-6.5,-19.1,-24.3,-2.9
2010-01,-15.6,-31.3,-16.6,-46.1,-8.6,2.1,-22.4,-6.3,-10.1,-5.1,-1.5,-13.8,-1.7,-4.6,-42.1,-3.9,-22.4,-1.7,-31.1,-6.7,4.5,17.0,3.2,4.3,-2.7,-17.9,-23.0,5.1
2010-02,-26.1,-30.7,-18.8,-42.6,-4.1,-2.5,-17.0,-4.8,-6.7,-11.1,-5.0,-12.1,0.0,-1.2,-41.1,3.6,-3.1,3.2,-30.4,-8.6,0.9,11.8,-0.4,1.3,-3.3,-20.3,-30.0,7.0
2010-03,-26.5,-32.3,-14.0,-50.7,-5.4,3.7,-20.2,-3.6,-6.3,-6.9,-5.5,-11.2,2.7,-1.6,-41.1,5.8,-1.5,3.0,-27.8,-8.2,4.0,16.9,3.4,5.5,-0.8,-22.4,-32.6,12.0
2010-04,-27.9,-32.3,-8.9,-55.8,-1.8,4.4,-12.1,-1.4,-7.6,-0.2,-3.6,-10.6,-2.0,-1.4,-35.5,2.3,-0.1,9.3,-26.8,-10.7,1.2,16.4,-2.0,2.4,0.2,-22.6,-31.6,15.9
2010-05,-21.6,-32.3,-13.3,-51.3,-4.5,0.1,-10.7,-3.2,-8.9,-6.8,-0.9,-10.4,-0.2,-1.8,-36.0,3.0,0.5,6.2,-27.4,-10.9,-0.7,10.4,-1.5,4.2,3.5,-26.8,-40.0,30.8
2010-06,-22.9,-29.9,-16.1,-43.6,-4.1,-1.9,-11.2,-3.0,-6.4,-6.4,-4.2,-10.7,1.6,4.6,-35.2,7.9,2.7,5.4,-26.1,-10.9,-2.2,7.8,-3.4,0.4,-0.9,-26.4,-39.0,37.8
2010-07,-22.8,-30.1,-12.0,-48.2,-5.9,-2.5,-10.8,-4.0,-8.7,-10.5,-1.3,-7.7,2.5,-0.6,-30.1,6.6,-0.3,6.5,-22.7,-9.6,1.9,13.9,1.2,2.8,0.1,-26.9,-40.4,36.0
2010-08,-21.3,-33.3,-22.2,-44.4,-3.8,-4.0,-10.9,-4.1,-8.4,-11.0,-2.7,-6.3,1.4,2.9,-18.8,2.9,1.6,8.4,-13.0,-12.5,-5.0,7.0,-9.5,3.4,-5.6,-25.9,-33.1,29.9
2010-09,-21.1,-31.3,-17.1,-45.6,-6.9,-4.9,-15.2,-6.9,-7.7,-9.9,0.7,-3.3,4.7,2.1,-15.7,7.9,2.3,8.4,-12.2,-8.9,0.9,12.6,-1.1,5.2,-0.3,-23.0,-29.3,23.2
2010-10,-23.9,-35.4,-22.1,-48.6,-6.4,-8.5,-16.5,-8.2,-9.8,-14.9,-0.4,-9.1,0.4,1.2,-29.3,3.2,-0.4,9.8,-19.7,-9.6,0.7,9.7,2.0,5.5,-1.1,-37.8,-52.8,51.7
2010-11,-22.6,-35.0,-18.8,-51.3,-9.5,-10.6,-18.1,-7.5,-9.1,-11.2,-6.2,-7.2,4.7,-0.2,-22.9,1.3,-0.2,12.8,-16.3,-6.6,1.0,8.8,0.9,4.2,-2.7,-39.7,-56.7,55.1
2010-12,-26.3,-37.0,-23.0,-51.0,-7.2,-12.9,-18.0,-9.1,-10.4,-19.5,-3.8,-9.1,2.7,0.4,-33.0,6.1,-1.4,15.5,-21.4,-8.1,-1.2,7.5,-3.2,4.2,-1.2,-36.0,-52.3,52.3
2011-01,-31.0,-39.4,-23.3,-55.6,-7.2,-15.2,-10.4,-6.9,-8.5,-16.6,-4.9,-8.0,2.0,-2.9,-32.4,5.6,-1.8,20.1,-20.1,-7.1,-3.3,3.6,-6.4,-5.4,-1.4,-37.9,-56.4,56.4
2011-02,-31.0,-42.1,-29.6,-54.7,-7.6,-12.2,-20.8,-9.7,-11.6,-18.2,-3.8,-6.5,1.4,-9.3,-30.0,1.1,-4.6,17.8,-15.6,-4.8,1.7,6.7,3.2,-4.7,1.4,-33.6,-49.4,46.8
2011-03,-31.8,-41.5,-28.9,-54.1,-10.3,-14.1,-27.6,-12.4,-8.2,-17.3,-4.4,-11.1,1.0,-0.8,-32.9,-1.3,-8.1,15.9,-17.9,-9.6,-3.5,3.3,-4.1,-4.3,-7.4,-35.0,-53.0,53.4
2011-04,-34.8,-43.0,-33.7,-52.3,-10.6,-17.7,-34.0,-15.8,-11.6,-26.2,-4.4,-9.7,3.9,0.5,-29.4,0.8,-8.4,22.7,-15.4,-9.1,-5.3,-0.6,-6.2,-7.0,-8.5,-38.6,-58.9,55.1
2011-05,-31.7,-44.9,-32.4,-57.4,-5.8,-18.2,-36.1,-17.2,-14.5,-25.6,-2.8,-12.2,4.6,3.9,-34.0,1.3,-4.6,8.4,-11.9,-13.3,-7.9,0.1,-10.4,-3.1,-10.2,-36.4,-51.8,54.2
2011-06,-38.3,-45.7,-33.8,-57.7,-12.6,-17.1,-36.7,-16.4,-16.6,-22.7,-4.5,-13.8,1.4,3.5,-35.2,-2.8,-13.7,17.0,-21.5,-11.2,-6.4,2.3,-10.3,-2.8,-8.9,-36.2,-50.9,46.9
2011-07,-36.4,-45.3,-34.3,-56.4,-15.7,-20.9,-40.9,-20.0,-15.1,-25.3,-1.8,-6.5,-2.5,1.1,-15.6,-3.0,-10.4,5.8,-3.6,-18.4,-12.1,-2.1,-15.9,-4.8,-8.9,-36.2,-49.8,55.4
2011-08,-39.0,-50.3,-40.2,-60.4,-12.6,-18.2,-37.3,-17.3,-15.2,-26.6,-3.8,-14.0,-0.3,2.8,-35.7,-3.6,-8.1,7.4,-23.3,-19.8,-14.6,-5.6,-18.4,-4.1,-8.9,-35.8,-51.6,55.2
2011-09,-32.9,-52.3,-42.2,-62.4,-12.7,-20.3,-40.5,-18.8,-18.5,-27.4,-4.3,-18.1,-1.7,4.1,-38.0,-12.0,-18.5,0.9,-22.6,-19.0,-14.3,-5.0,-18.8,-4.6,-8.8,-38.8,-56.4,62.5
2011-10,-39.5,-52.9,-39.3,-66.5,-15.3,-25.6,-43.4,-20.6,-19.4,-29.9,-7.2,-15.3,-3.8,2.8,-39.7,-3.4,-9.3,0.8,-17.5,-21.8,-14.2,-3.4,-17.5,-7.8,-13.6,-40.0,-61.3,57.3
2011-11,-41.6,-56.6,-45.5,-67.7,-19.7,-25.2,-49.2,-23.7,-20.8,-33.4,-3.3,-18.2,-5.2,5.8,-43.9,-4.9,-14.6,1.4,-25.8,-23.4,-19.2,-10.4,-23.7,-7.8,-11.5,-42.9,-62.5,54.5
2011-12,-49.6,-56.5,-45.5,-67.5,-17.6,-23.6,-47.9,-23.3,-23.0,-32.1,-1.6,-21.1,-5.0,7.3,-44.1,-11.8,-15.4,-2.4,-23.1,-21.4,-19.5,-12.3,-24.9,-8.4,-13.0,-44.2,-61.1,50.7
2012-01,-48.1,-59.2,-50.6,-67.7,-18.5,-24.2,-48.7,-21.7,-24.0,-31.8,-8.0,-19.8,-7.7,1.1,-46.6,-11.8,-14.6,17.6,-25.3,-24.8,-19.5,-8.5,-25.1,-7.8,-12.9,-43.1,-59.0,48.7
2012-02,-60.0,-61.3,-52.4,-70.3,-25.8,-29.0,-48.2,-21.5,-20.6,-31.3,-12.7,-19.5,-8.0,3.3,-45.3,-10.0,-16.5,3.3,-17.6,-23.8,-18.8,-10.0,-22.5,-7.6,-15.7,-41.1,-55.9,36.8
2012-03,-65.1,-60.0,-48.4,-71.6,-22.5,-26.1,-43.2,-20.4,-24.3,-33.8,-8.2,-17.8,-8.6,-1.9,-46.0,-9.3,-16.2,4.2,-24.3,-26.2,-20.1,-12.1,-22.1,-6.1,-12.9,-39.8,-51.6,35.9
2012-04,-65.5,-60.7,-48.4,-72.9,-23.3,-25.0,-41.0,-18.7,-24.3,-25.3,-10.0,-16.5,-6.6,0.0,-44.5,-5.1,-13.2,2.6,-24.3,-27.3,-20.8,-11.7,-23.3,-6.9,-11.1,-40.3,-51.6,40.6
2012-05,-61.5,-62.8,-51.4,-74.2,-26.5,-26.3,-49.1,-22.5,-23.8,-31.2,-8.0,-19.3,-5.7,1.0,-48.2,-8.6,-23.9,1.7,-27.4,-29.3,-20.9,-5.8,-27.7,-8.5,-17.7,-38.2,-50.4,33.0
2012-06,-52.8,-60.7,-48.0,-73.4,-23.2,-21.2,-44.2,-18.8,-22.5,-27.7,-8.9,-16.3,-6.4,-0.7,-43.8,-5.8,-16.2,0.0,-26.8,-34.1,-25.0,-11.7,-29.1,-5.2,-17.0,-37.5,-46.9,23.5
2012-07,-50.7,-60.9,-48.1,-73.6,-27.8,-17.6,-44.6,-18.7,-22.3,-28.2,-6.1,-16.5,-6.5,-0.4,-44.7,-5.3,-19.5,3.1,-25.4,-34.7,-24.0,-10.1,-27.1,-4.4,-11.9,-37.9,-49.2,28.9
2012-08,-45.7,-58.6,-46.4,-70.7,-29.3,-19.5,-47.7,-19.6,-24.9,-29.6,-8.4,-13.1,-5.0,-2.4,-39.5,-2.3,-20.2,2.9,-12.1,-28.4,-19.7,-4.8,-25.9,-3.8,-14.0,-36.8,-48.0,30.3
2012-09,-56.8,-61.8,-50.7,-72.9,-27.2,-27.6,-45.3,-21.5,-24.1,-30.7,-8.2,-16.3,-6.4,-3.6,-43.5,-9.1,-18.3,2.1,-28.2,-32.9,-23.8,-9.8,-28.6,-7.2,-13.9,-42.3,-56.4,38.4
2012-10,-51.8,-63.5,-49.4,-77.5,-28.0,-29.2,-49.0,-21.8,-26.7,-34.0,-13.0,-19.0,-9.6,-0.9,-46.0,-11.8,-18.7,-0.7,-29.7,-35.7,-27.8,-11.8,-35.9,-5.2,-13.4,-47.1,-62.4,35.7
2012-11,-55.4,-60.6,-47.4,-73.9,-29.1,-22.3,-44.4,-18.3,-24.6,-29.1,-11.9,-19.3,-8.6,-1.5,-48.8,-10.7,-19.4,-1.3,-30.5,-32.6,-23.8,-11.8,-27.1,-9.5,-12.0,-46.6,-63.1,27.8
2012-12,-56.3,-58.4,-42.9,-73.9,-27.2,-26.3,-44.5,-20.0,-22.4,-28.2,-10.8,-15.8,-8.5,-2.8,-44.2,-6.1,-14.8,1.5,-29.1,-31.2,-22.2,-7.2,-28.0,-8.3,-11.6,-45.1,-61.5,29.2
2013-01,-55.1,-59.6,-46.7,-72.5,-29.1,-28.4,-43.2,-20.3,-24.5,-31.7,-10.8,-17.8,-7.2,0.7,-45.5,-7.3,-17.1,2.9,-28.9,-31.3,-21.8,-7.4,-26.6,-10.0,-13.0,-45.4,-59.6,28.2
2013-02,-55.7,-56.7,-44.9,-68.4,-22.8,-25.6,-40.9,-17.4,-22.7,-30.8,-14.1,-16.3,-5.7,-1.2,-45.4,-4.8,-12.5,-0.6,-28.7,-28.2,-18.9,-7.1,-21.3,-9.0,-12.7,-41.4,-51.0,29.8
2013-03,-53.4,-55.0,-41.8,-68.1,-24.9,-19.6,-35.9,-14.9,-19.6,-28.4,-10.8,-14.5,-5.3,-2.9,-43.4,-2.9,-11.6,-4.3,-25.5,-25.2,-17.5,-6.1,-21.4,-7.2,-11.5,-43.4,-54.4,23.4
2013-04,-49.4,-53.3,-38.5,-68.0,-26.2,-24.1,-36.3,-16.1,-20.7,-30.1,-12.0,-15.3,-4.7,0.3,-40.5,-5.2,-11.6,-16.3,-25.0,-29.0,-19.9,-5.0,-25.7,-8.7,-12.3,-41.3,-53.7,24.0
2013-05,-46.5,-53.5,-37.6,-69.4,-22.6,-23.4,-32.0,-14.0,-17.9,-24.1,-13.5,-13.0,-4.2,-1.5,-39.3,-1.2,-8.2,-12.5,-24.2,-27.5,-19.1,-2.6,-27.1,-9.5,-14.1,-42.8,-55.3,24.9
2013-06,-41.4,-49.8,-35.7,-63.9,-23.1,-20.7,-27.4,-12.7,-17.5,-22.0,-10.0,-13.3,-2.2,-1.7,-39.1,-2.5,-4.8,-13.6,-24.3,-26.7,-16.5,-1.8,-21.0,-4.1,-14.9,-40.2,-50.2,21.1
2013-07,-38.5,-51.3,-37.2,-65.4,-24.5,-18.9,-26.4,-10.7,-16.1,-20.9,-13.1,-11.8,-1.8,-1.5,-34.8,-2.0,-6.8,13.3,-22.6,-25.1,-14.4,-3.2,-15.0,-3.8,-13.6,-40.3,-50.5,24.9
2013-08,-28.8,-43.4,-28.5,-58.3,-15.8,-15.0,-24.1,-9.2,-14.1,-17.2,-11.4,-8.3,-1.4,-2.3,-27.7,0.5,-3.0,14.1,-21.6,-24.0,-12.0,2.6,-14.5,-0.2,-10.9,-35.3,-40.8,22.1
2013-09,-31.3,-42.1,-24.8,-59.5,-15.9,-13.1,-19.2,-7.4,-15.6,-17.4,-10.2,-8.1,-1.3,-1.6,-30.3,4.5,-3.4,15.3,-19.6,-18.8,-9.1,3.3,-11.7,-0.5,-8.3,-33.9,-35.0,19.2
2013-10,-32.5,-41.1,-21.7,-60.5,-14.5,-15.2,-19.2,-7.0,-14.7,-16.0,-13.4,-10.1,-0.9,-0.4,-30.5,-0.3,-3.1,14.4,-21.3,-8.8,-4.4,3.0,-7.4,-0.8,-4.7,-34.8,-37.7,14.9
2013-11,-27.3,-38.6,-20.0,-57.3,-13.6,-7.5,-12.3,-3.7,-11.3,-9.9,-8.8,-8.0,1.7,-2.9,-28.8,2.0,1.1,11.4,-18.8,-6.2,-2.2,6.0,-6.4,-0.4,-3.2,-34.2,-34.7,11.2
2013-12,-24.2,-40.7,-21.1,-60.3,-14.2,-4.3,-11.7,-2.3,-10.7,-6.2,-9.0,-5.8,-0.7,-2.2,-26.2,6.7,-0.3,10.5,-14.6,-2.3,1.4,8.0,-1.4,2.3,-4.2,-31.0,-28.3,14.2
2014-01,-31.0,-38.2,-18.7,-57.7,-10.7,-4.6,-13.8,-4.1,-8.3,-9.4,-6.2,-5.6,5.4,-0.8,-29.3,11.8,0.4,0.9,-4.8,-2.5,3.5,13.5,-0.5,7.3,0.5,-29.8,-21.4,14.0
2014-02,-27.2,-37.6,-21.9,-53.3,-5.9,-1.4,-8.8,-1.1,-7.8,-2.8,-6.8,-6.8,4.7,-0.6,-28.7,7.9,1.5,3.2,-4.4,-1.2,4.2,14.9,-1.0,4.9,0.4,-27.7,-17.3,10.4
2014-03,-37.5,-39.0,-20.1,-58.0,-10.1,-0.3,-6.1,-0.3,-6.2,-1.5,-5.4,-4.2,5.3,0.5,-24.6,12.4,2.5,0.2,-4.1,3.9,7.8,15.6,3.8,4.7,1.7,-26.0,-16.3,12.0
2014-04,-34.7,-40.5,-23.2,-57.7,-9.5,-1.4,-8.0,-1.5,-5.6,-5.7,-5.1,-4.1,4.7,0.7,-22.8,11.2,-1.2,-6.9,-6.1,1.0,3.0,9.1,-1.2,4.8,-0.8,-26.6,-17.2,10.3
2014-05,-25.7,-36.5,-18.3,-54.7,-11.4,0.5,-1.4,-0.5,-5.0,-2.2,0.6,-5.3,3.9,-0.2,-23.5,7.3,1.3,-7.5,-7.3,7.8,6.6,9.0,3.1,7.0,-1.1,-24.5,-12.3,15.6
2014-06,-26.2,-33.0,-13.8,-52.3,-7.0,2.2,-3.7,-0.5,-2.4,-2.4,-0.1,-6.5,4.9,1.1,-26.0,7.4,0.3,-8.7,-9.0,8.6,8.8,12.2,5.5,5.2,-1.9,-25.0,-15.9,19.2
2014-07,-29.7,-34.5,-16.0,-53.0,-9.3,-2.3,-3.4,-1.7,-3.2,-4.0,-0.6,-3.9,3.8,1.2,-16.3,5.8,6.1,-7.3,-9.7,9.2,9.6,11.9,7.7,3.8,0.4,-22.0,-11.2,11.3
2014-08,-25.1,-35.2,-17.5,-52.9,-7.7,-0.6,-3.0,-1.1,-4.5,-4.2,-0.4,-3.2,1.3,3.7,-10.6,4.7,9.0,-7.4,-7.0,6.0,8.3,14.7,4.2,6.4,2.4,-23.4,-13.3,9.1
2014-09,-31.5,-34.7,-16.6,-52.8,-9.3,1.7,-4.6,-1.6,-0.1,-4.3,2.0,-3.5,3.5,2.9,-14.5,7.0,6.7,-9.0,-10.1,3.6,6.9,15.7,1.5,7.6,4.8,-20.1,-8.5,3.4
2014-10,-27.5,-30.2,-13.3,-47.1,-4.6,-1.2,-1.8,-1.8,-1.6,-1.8,2.5,-4.4,5.2,4.8,-14.9,6.5,2.7,-5.2,-8.8,8.2,10.2,17.1,5.4,4.4,1.0,-19.0,-8.1,3.5
2014-11,-30.3,-33.7,-15.7,-51.8,-6.5,0.0,-1.6,-1.2,-0.7,-2.8,2.1,-3.8,2.0,4.6,-14.0,7.0,3.6,-8.5,-7.2,1.0,7.3,14.3,6.8,10.8,0.4,-21.2,-11.2,7.8
2014-12,-29.5,-34.6,-17.2,-52.0,-7.2,-2.5,-3.9,-2.9,-0.9,-2.0,2.4,-3.3,3.4,3.7,-12.4,6.2,1.6,-8.8,-6.0,6.2,9.5,16.3,5.8,4.4,5.4,-19.5,-8.9,5.6
2015-01,-27.5,-29.3,-11.4,-47.3,-7.1,2.4,2.5,0.3,-1.0,3.2,3.8,-4.0,4.1,6.7,-14.4,9.2,3.2,-7.5,-7.5,7.5,9.6,18.0,3.3,9.9,6.6,-15.3,-3.3,-2.1
2015-02,-35.8,-32.1,-15.1,-49.1,-4.3,-0.2,0.5,-1.7,-0.1,-1.9,5.5,-2.9,5.0,4.0,-13.9,9.2,1.6,1.7,-6.9,3.5,8.0,17.9,2.7,5.8,1.5,-15.5,-0.9,1.4
2015-03,-26.4,-28.6,-15.5,-41.8,-5.4,3.8,1.8,1.3,0.4,3.1,1.8,-0.6,3.4,2.3,-11.8,12.4,3.7,2.7,-4.3,5.9,9.8,14.6,8.8,7.0,1.9,-14.6,-0.4,-0.5
2015-04,-23.3,-30.3,-16.5,-44.1,-0.4,1.9,1.4,-0.1,0.7,3.1,3.6,1.0,7.0,2.3,-8.4,13.7,5.7,4.1,-3.6,11.0,15.3,22.9,12.0,5.6,3.1,-15.0,-0.4,0.7
2015-05,-26.9,-32.3,-16.5,-48.2,-5.6,5.7,1.2,1.9,1.9,4.1,1.1,1.2,8.4,2.8,-8.3,14.8,6.6,6.9,-3.4,9.0,11.4,18.0,7.3,10.8,4.9,-15.0,-2.3,0.5
2015-06,-22.6,-32.7,-19.8,-45.6,-6.1,5.6,-0.2,1.6,2.6,-0.3,0.6,-0.3,7.5,3.4,-9.8,12.4,4.7,5.1,-5.5,9.7,13.1,21.8,7.7,6.2,5.8,-14.5,-1.2,0.5
2015-07,-17.3,-29.7,-15.6,-43.8,-1.6,4.7,0.8,1.4,1.7,2.9,1.3,1.7,7.5,3.2,-5.2,13.4,6.4,5.1,-5.0,12.0,13.2,19.9,7.5,10.4,6.7,-15.1,-3.1,3.3
2015-08,-17.4,-25.9,-14.1,-37.7,-1.5,3.4,6.3,2.2,3.1,-1.1,3.1,-0.2,7.7,3.5,-4.6,7.5,3.9,-0.1,-4.6,12.2,11.9,17.1,6.3,7.3,10.4,-13.0,0.1,0.4
2015-09,-13.5,-28.6,-14.4,-42.8,0.7,1.3,2.7,1.0,0.6,0.9,0.9,-0.7,8.1,4.0,-7.2,9.2,2.5,1.7,-5.4,6.6,10.9,17.1,9.1,7.2,0.6,-13.2,-1.2,-0.2
2015-10,-24.7,-31.1,-18.3,-43.8,0.6,1.3,-0.5,-1.0,1.8,-0.7,3.6,-1.8,7.5,3.1,-9.8,7.5,3.3,0.5,-6.4,8.3,11.3,20.2,5.4,6.9,3.1,-13.8,-2.3,-2.5
2015-11,-18.6,-29.6,-16.8,-42.4,1.1,1.1,1.2,-0.4,0.6,0.0,3.5,-2.0,5.4,4.7,-10.7,9.3,2.4,-0.2,-6.2,8.3,11.1,18.4,6.6,8.0,2.6,-16.7,-12.2,-3.7
2015-12,-19.2,-29.2,-16.3,-42.1,-0.1,2.0,1.1,0.6,2.1,1.4,1.3,-2.0,4.9,4.2,-10.5,8.8,1.8,-1.2,-5.7,5.5,8.0,19.4,-0.9,8.6,1.0,-13.8,-4.6,-5.9
2016-01,-16.2,-27.1,-9.7,-44.4,2.4,1.8,-3.7,-1.8,2.4,0.8,3.6,0.7,7.1,4.9,-7.0,14.1,3.5,0.1,-5.2,3.4,7.5,19.4,-0.2,7.8,2.8,-10.9,-0.1,2.8
2016-02,-13.1,-29.0,-15.7,-42.3,-1.2,1.4,-0.2,-0.9,0.8,-2.3,3.8,-0.4,4.9,3.9,-10.6,13.3,1.2,-1.4,-5.3,6.4,9.0,16.8,3.7,10.6,3.6,-14.3,-8.8,10.7
2016-03,-17.9,-26.8,-13.4,-40.3,0.5,3.8,2.3,1.2,2.7,1.2,2.7,-1.4,8.1,4.7,-11.7,12.3,4.1,-0.5,-5.6,7.3,10.8,18.1,7.0,7.2,4.8,-12.8,-4.1,9.1
2016-04,-18.4,-28.4,-14.0,-42.8,-0.7,2.3,3.7,1.2,2.7,0.0,2.3,-0.8,7.5,3.0,-9.9,10.4,2.7,1.8,-6.3,12.3,16.4,22.6,14.3,7.5,2.1,-12.6,-3.7,8.7
2016-05,-21.7,-28.0,-12.3,-43.6,-1.3,2.0,-1.9,-0.5,3.0,-0.1,1.4,-0.5,6.5,1.3,-8.4,8.1,3.6,1.3,-6.8,-0.3,5.3,18.7,-2.6,-0.3,3.0,-13.0,-5.4,7.1
2016-06,-21.1,-27.6,-14.2,-41.0,-0.6,3.5,-0.9,0.6,2.2,-0.9,0.9,-0.1,5.1,1.7,-7.1,8.4,1.5,3.5,-7.0,6.0,8.9,17.6,3.1,7.9,12.2,-13.2,-6.0,4.1
2016-07,-15.8,-26.4,-15.1,-37.8,2.7,3.5,4.0,2.3,2.8,0.1,0.5,-0.3,7.3,2.4,-5.6,7.0,3.8,5.3,-5.9,6.4,9.3,19.0,2.5,8.0,5.7,-13.0,-7.6,-0.4
2016-08,-11.0,-24.2,-14.2,-34.2,0.6,3.1,-0.3,0.7,0.7,-0.9,0.9,-1.4,7.8,3.7,-8.8,8.4,1.1,3.7,-6.6,6.9,11.2,21.3,5.5,7.1,0.6,-12.4,-7.0,4.0
2016-09,-15.6,-22.9,-10.9,-34.9,1.5,3.5,1.0,0.8,2.1,-0.9,2.1,-0.5,5.6,2.4,-6.7,7.5,3.1,3.0,-6.0,4.4,9.7,17.6,7.1,7.0,-1.3,-11.7,-5.6,2.1
2016-10,-8.4,-23.7,-12.6,-34.9,1.8,2.9,3.1,1.5,1.4,-0.6,1.5,0.5,7.9,1.5,-5.6,8.7,1.7,5.1,-6.4,5.5,10.4,17.1,8.7,7.6,2.7,-11.5,-4.2,7.9
2016-11,-12.0,-24.1,-13.8,-34.4,2.4,5.6,2.8,2.5,3.6,3.1,0.9,1.2,7.8,1.3,-6.7,11.5,3.1,5.9,-6.6,3.3,9.2,19.0,5.1,7.2,4.2,-11.6,-2.4,0.7
2016-12,-9.4,-23.5,-11.6,-35.3,1.5,5.9,6.0,3.3,3.5,2.0,2.0,1.2,5.7,0.2,-3.8,7.6,2.7,4.8,-5.0,2.1,11.9,27.3,6.3,12.8,1.9,-8.1,3.9,0.9
2017-01,-6.2,-22.6,-11.8,-33.4,3.1,4.8,7.2,3.0,3.0,1.9,3.1,2.4,8.3,2.5,-3.8,13.6,4.0,6.8,-2.3,7.0,12.0,26.2,3.0,11.5,0.4,-8.4,2.8,13.8
2017-02,-7.3,-18.8,-7.8,-29.8,4.2,4.8,7.7,3.3,3.7,2.3,2.7,1.8,7.9,2.3,-4.4,12.3,4.8,6.1,-1.7,12.1,15.6,22.0,12.7,10.7,2.1,-8.7,3.6,10.7
2017-03,-9.8,-19.2,-6.6,-31.7,4.4,6.4,5.5,3.0,3.9,1.2,2.9,2.4,8.9,0.4,-4.4,12.0,4.3,6.3,-1.0,12.3,17.2,23.1,16.1,10.5,3.4,-6.7,7.1,6.3
2017-04,-11.6,-18.2,-5.8,-30.7,5.1,6.5,8.3,4.8,3.6,3.9,0.4,4.7,8.9,0.6,0.6,14.0,9.3,7.0,0.2,15.5,14.7,18.1,10.4,7.4,6.9,-6.7,9.4,5.0
2017-05,-5.7,-17.8,-5.2,-30.4,3.5,2.4,8.7,3.1,4.1,3.6,1.8,2.1,8.9,1.7,-2.4,10.4,4.3,7.3,-2.7,20.9,21.0,20.0,22.0,7.7,4.7,-5.3,11.6,1.2
2017-06,-5.4,-15.6,-2.0,-29.1,2.3,5.1,9.1,4.2,5.6,2.8,1.7,3.1,9.0,1.7,-0.9,12.0,9.1,4.6,-2.4,10.2,12.0,18.0,7.8,8.4,2.5,-3.3,15.5,1.5
2017-07,-2.9,-13.9,-0.4,-27.4,4.9,5.7,8.0,4.6,5.4,2.8,-0.1,2.1,12.5,1.7,-3.6,11.5,6.4,4.5,-5.5,13.3,18.7,22.6,20.3,11.3,0.6,-2.7,14.0,2.1
2017-08,-5.2,-13.2,-1.9,-24.5,5.8,5.1,3.3,2.2,4.1,0.5,1.7,1.0,10.9,3.2,-1.2,7.4,4.7,4.4,-3.2,14.0,15.4,21.9,10.3,11.1,-0.7,-4.4,13.4,5.9
2017-09,-0.8,-11.5,0.5,-23.5,7.5,3.9,5.1,2.3,3.1,4.8,2.0,2.8,12.9,4.2,-2.4,15.1,6.7,8.6,-3.3,17.8,18.8,23.8,14.9,14.2,0.9,-3.1,11.9,5.0
2017-10,0.3,-13.9,-1.6,-26.1,10.4,5.6,5.1,3.0,4.3,4.2,1.8,4.2,13.4,2.8,-0.1,15.4,8.8,7.1,-2.2,11.5,16.6,27.1,11.2,16.1,7.8,-3.0,14.4,5.7
2017-11,1.8,-12.9,-1.2,-24.6,7.7,8.6,6.2,4.0,3.5,1.7,2.9,3.1,9.7,3.8,-1.3,14.4,7.1,9.1,-2.5,11.8,18.8,29.5,15.0,16.8,10.9,-4.0,9.2,9.3
2017-12,-3.4,-13.3,-0.6,-26.0,7.8,6.1,8.7,4.5,1.9,3.4,1.2,4.3,10.0,1.1,0.6,13.5,9.7,6.6,-0.6,10.9,17.5,24.7,17.0,16.6,12.2,-4.1,9.1,18.7
2018-01,-1.3,-9.9,2.4,-22.2,12.0,7.7,7.0,4.0,4.1,3.3,2.6,3.8,9.2,3.1,0.8,13.7,9.0,6.4,-1.1,17.7,17.8,23.0,12.7,15.8,13.6,-4.5,9.9,24.7
2018-02,-3.2,-10.4,2.0,-22.8,9.5,2.9,8.4,2.9,2.6,1.0,2.5,2.3,10.7,2.1,-3.4,12.3,7.8,7.2,-2.9,14.8,17.8,24.0,14.7,17.1,11.6,-3.8,10.1,15.4
2018-03,-3.6,-7.5,6.0,-21.0,10.3,7.0,9.7,4.9,4.2,2.9,1.9,2.6,10.6,0.9,-2.0,10.8,7.2,6.7,-2.3,12.7,16.7,24.5,12.9,11.9,10.1,-3.4,10.1,11.9
2018-04,-0.8,-4.0,7.8,-15.8,11.3,4.7,5.2,2.6,4.0,0.8,2.0,0.8,9.9,1.2,-4.5,8.2,4.2,5.2,-5.1,10.6,13.9,21.2,10.1,13.6,13.4,-3.8,8.3,14.1
2018-05,-1.5,-6.3,6.3,-18.8,9.7,5.3,6.1,3.7,5.0,3.5,0.1,-0.2,9.9,1.3,-5.1,5.8,6.0,5.8,-7.7,14.3,15.5,20.8,11.4,12.1,14.3,-3.5,8.6,15.1
2018-06,4.5,-2.5,8.5,-13.4,12.8,5.3,6.0,3.2,4.1,1.8,1.7,0.9,8.3,0.9,-5.6,9.2,4.5,5.8,-7.8,19.9,19.3,18.9,19.2,13.6,6.2,-4.9,3.1,16.9
2018-07,-2.9,-5.1,9.3,-19.5,10.7,6.3,0.8,2.5,4.9,2.2,-0.5,1.2,8.7,0.5,-6.2,10.3,2.9,6.1,-6.2,20.9,19.8,19.1,19.3,16.7,10.2,-5.3,3.9,14.4
2018-08,2.7,-7.3,4.6,-19.3,13.0,7.3,-1.1,1.9,2.8,4.2,0.4,1.6,8.5,1.5,-2.8,8.9,3.6,6.1,-5.1,15.3,16.4,22.2,11.7,11.2,6.8,-5.6,1.4,12.7
2018-09,4.2,-6.9,4.2,-18.0,9.8,7.4,2.5,2.7,1.7,3.1,1.9,-1.0,7.6,3.5,-8.9,9.5,2.4,7.7,-7.9,16.0,18.3,22.6,16.3,15.3,10.0,-4.1,3.4,12.4
2018-10,5.0,-2.7,12.8,-18.2,14.4,9.3,3.5,3.4,3.0,4.5,2.5,-0.6,7.3,1.5,-9.3,8.9,1.1,5.5,-8.9,7.5,11.4,20.4,6.2,15.9,5.7,-4.9,3.2,13.0
2018-11,-3.0,-2.8,11.1,-16.7,12.5,8.7,0.8,2.5,4.0,4.6,1.9,0.0,8.8,2.1,-6.5,8.5,3.7,4.9,-6.6,10.7,14.2,24.5,7.4,17.4,8.8,-6.6,0.9,15.4
2018-12,1.7,-1.1,9.8,-12.0,12.0,7.8,4.3,3.3,2.8,3.7,2.2,0.1,8.6,2.3,-7.4,10.0,3.6,3.6,-7.0,16.1,19.8,26.8,16.4,18.3,6.8,-7.1,-0.3,13.2
2019-01,-3.4,-5.5,8.3,-19.4,14.4,8.1,5.6,3.9,1.9,3.4,1.9,-1.2,7.3,2.0,-9.5,7.8,1.2,4.2,-8.1,18.2,22.3,28.7,20.0,15.1,13.4,-7.9,-2.5,12.5
2019-02,1.2,0.0,9.9,-9.9,14.0,7.4,9.5,5.1,3.4,5.8,1.6,-0.9,6.8,1.3,-8.3,6.7,3.2,-0.3,-8.5,14.1,18.1,25.5,14.7,12.7,12.5,-9.6,-4.7,15.3
2019-03,4.1,-7.3,-1.0,-13.5,7.9,6.5,4.9,3.3,3.8,3.2,1.3,-2.1,7.1,3.4,-9.2,6.4,2.9,-1.0,-9.0,16.0,17.5,26.0,10.4,13.6,9.5,-10.6,-7.0,12.8
2019-04,1.1,-4.4,6.0,-14.8,9.9,6.8,3.7,2.6,4.7,1.9,2.7,-4.1,8.2,3.3,-13.8,4.9,0.0,-0.6,-11.4,14.4,17.3,23.3,14.4,13.8,12.1,-7.4,-2.1,11.1
2019-05,5.3,-7.6,0.8,-16.0,12.2,5.2,4.4,2.8,2.4,0.1,1.2,-4.0,5.8,2.3,-12.5,2.8,1.0,1.6,-10.8,14.9,16.3,18.8,15.3,13.5,10.6,-8.8,-5.9,15.8
2019-06,3.2,-6.2,4.1,-16.5,10.9,4.5,4.5,2.8,3.6,2.0,0.6,-1.4,5.1,0.8,-8.1,4.8,1.7,2.5,-10.2,15.0,14.3,15.9,12.0,13.8,9.5,-8.4,-2.5,13.3
2019-07,3.0,-10.2,-4.4,-16.0,12.5,5.6,5.0,3.4,2.3,3.1,0.5,-4.7,4.2,2.4,-15.3,3.5,-2.4,0.1,-12.5,9.8,14.0,21.5,10.8,15.7,7.0,-6.4,-3.1,8.6
2019-08,3.4,-5.4,3.4,-14.2,15.3,1.2,-0.3,-0.1,1.7,-1.9,1.1,-2.5,4.7,4.2,-10.1,6.8,1.3,0.6,-12.4,7.1,10.9,19.6,5.9,18.8,13.6,-7.8,-3.3,13.6
2019-09,0.6,-6.8,2.8,-16.4,10.6,5.8,0.0,1.6,3.5,1.4,1.1,-3.7,6.0,3.9,-13.8,6.7,-2.7,-0.1,-14.3,5.1,11.3,20.7,8.3,15.0,9.1,-7.3,-2.2,10.0
2019-10,-0.9,-6.1,1.9,-14.0,10.1,4.1,-1.9,-0.2,0.8,-0.8,2.9,-4.8,6.2,4.5,-15.0,5.1,-2.0,1.1,-15.2,11.8,14.0,22.1,8.1,15.2,6.1,-6.7,-2.4,5.6
2019-11,1.2,-4.6,6.0,-15.3,10.0,6.2,1.9,2.2,3.3,1.7,1.4,-2.3,6.4,4.1,-10.0,7.2,-0.3,-1.6,-10.7,7.7,14.0,26.5,7.9,14.6,4.7,-7.0,-2.8,5.9
2019-12,1.6,-4.7,5.9,-15.3,10.5,6.1,0.8,1.8,1.2,1.3,1.6,-3.7,7.2,3.4,-12.4,4.5,-0.1,-0.4,-9.5,1.8,9.7,25.1,2.2,16.2,10.2,-8.5,-5.2,12.1
2020-01,7.2,0.1,11.5,-11.3,14.4,6.1,4.4,2.9,0.9,1.5,1.8,-2.1,8.1,2.8,-9.6,6.2,0.4,0.0,-8.5,6.8,12.9,24.0,7.8,15.6,6.8,-9.3,-8.0,14.4
2020-02,5.5,-1.0,8.6,-10.7,14.3,4.0,3.4,1.8,3.6,4.5,2.0,-5.3,6.8,3.2,-13.7,1.2,-0.7,-0.2,-9.5,10.7,12.3,17.6,8.7,16.1,6.7,-8.8,-8.4,12.6
2020-03,3.8,-2.9,9.3,-15.1,9.3,-7.0,3.3,-1.6,0.5,-5.7,1.1,-9.1,2.1,2.7,-16.8,-7.9,0.7,-2.3,-12.7,4.9,-1.1,-5.3,-2.9,8.9,3.2,-13.8,-21.1,19.9
2020-04,-26.0,-30.8,-24.7,-36.9,-2.3,-52.8,-32.2,-30.2,-14.3,-44.9,5.6,-31.8,-28.8,1.3,-40.8,-53.3,-34.3,-25.5,-44.9,-47.5,-52.4,-56.2,-53.4,-30.8,-10.7,-40.8,-70.2,45.1
2020-05,-41.3,-24.6,-10.9,-38.3,1.6,-31.3,-51.7,-28.8,-8.9,-38.2,3.3,-38.7,-6.3,18.2,-70.2,-27.6,-58.0,-21.3,-70.4,-70.1,-56.8,-29.3,-71.0,-15.3,-27.3,-31.8,-54.8,32.3
2020-06,-30.6,-17.7,-4.2,-31.3,5.3,-4.7,-54.0,-19.7,-4.7,-19.3,0.6,-24.1,-4.1,17.2,-68.4,13.4,-44.9,10.2,-63.6,-70.0,-46.5,-1.9,-67.5,-10.9,-24.4,-25.8,-43.5,24.6
2020-07,-16.7,-12.9,1.6,-27.4,6.3,-0.5,-40.2,-13.7,-5.4,-13.5,0.6,-13.5,1.6,-1.4,-57.7,15.7,-25.4,11.3,-55.4,-56.4,-35.4,5.0,-54.7,-6.9,-20.4,-26.5,-47.3,25.0
2020-08,-13.7,-8.2,3.8,-20.3,6.9,-1.6,-27.9,-9.6,-2.9,-9.1,-0.8,-13.5,2.1,4.2,-48.8,12.4,-16.8,13.5,-48.7,-39.4,-26.6,2.2,-42.4,3.5,-16.4,-24.8,-43.2,21.4
2020-09,-7.8,-6.6,6.8,-20.0,8.1,-4.2,-22.8,-9.6,-3.7,-9.8,1.7,-14.6,2.6,1.3,-43.9,1.3,-1.1,1.8,-45.1,-28.7,-16.3,9.6,-29.8,0.4,-12.6,-26.4,-49.9,19.1
2020-10,-3.6,-4.4,9.7,-18.5,9.2,-2.6,-16.0,-6.3,-0.5,-8.9,0.5,-13.1,5.0,1.8,-41.4,3.9,0.9,2.5,-42.2,-26.4,-13.4,12.4,-26.1,-0.1,-15.2,-24.4,-42.6,14.3
2020-11,-3.7,-10.1,4.9,-25.0,7.0,-12.8,-19.2,-9.8,-3.8,-14.1,-2.6,-14.8,1.7,2.8,-38.8,-2.8,7.6,4.5,-38.6,-25.7,-16.4,3.5,-26.9,-2.3,-17.1,-28.9,-52.6,9.5
2020-12,-9.5,-8.4,4.4,-21.2,6.9,-5.5,-21.2,-8.2,-3.1,-10.2,-2.1,-12.9,5.9,2.8,-36.0,0.1,2.6,3.2,-33.7,-21.7,-13.5,4.8,-23.7,-2.4,-15.1,-24.6,-40.8,6.9
2021-01,-7.7,-7.4,3.9,-18.7,8.6,-11.6,-24.5,-11.2,-3.3,-13.0,-2.6,-14.3,2.9,0.5,-34.8,-7.6,6.7,8.0,-30.7,-17.6,-11.1,-0.9,-15.0,-4.0,-9.3,-23.5,-36.7,-1.3
2021-02,-13.4,-8.7,3.6,-20.9,8.9,-21.1,-26.0,-14.8,-3.2,-21.1,-2.7,-13.5,5.8,1.1,-36.1,-3.2,-20.3,11.6,-30.7,-23.5,-21.9,-15.9,-26.2,-8.2,-12.0,-25.1,-41.6,3.8
2021-03,-8.6,-8.5,5.8,-22.9,10.4,-1.0,-26.6,-8.8,-1.1,-12.7,-1.1,-9.0,6.4,-2.0,-33.2,4.3,-18.2,14.3,-27.8,-20.3,-13.5,4.1,-24.3,0.5,-9.5,-19.8,-27.7,8.4
2021-04,-2.2,-5.6,9.4,-20.7,11.6,4.4,-20.0,-3.7,-1.5,-0.2,-4.3,-6.5,5.4,0.3,-26.4,7.3,14.5,16.1,-24.7,-18.4,-8.4,12.3,-19.0,2.0,-7.6,-17.1,-23.5,12.4
2021-05,-14.8,-6.3,5.1,-17.7,25.5,10.1,-12.9,-0.7,2.5,6.6,-0.7,-0.4,4.3,0.8,-13.0,12.7,4.4,18.3,-14.7,-15.5,0.5,27.1,-10.2,11.4,-3.8,-13.5,-11.5,13.6
2021-06,4.7,0.9,12.6,-10.7,25.1,6.0,0.2,3.0,-0.1,2.4,-2.8,1.3,7.0,-0.4,-11.7,15.2,3.3,20.5,-14.4,1.2,8.7,20.3,4.5,10.5,-1.8,-13.0,-9.5,17.5
2021-07,3.9,-1.2,10.4,-12.9,24.1,0.6,0.6,1.4,1.7,-2.2,-3.0,-2.9,7.3,2.7,-14.2,8.1,-1.1,22.7,-13.4,3.9,8.1,18.4,2.1,9.3,3.1,-16.0,-18.2,26.8
2021-08,4.1,-0.9,9.5,-11.2,23.2,1.6,4.7,2.3,-0.6,-0.1,-0.6,-0.8,6.8,-0.2,-10.8,8.3,-1.1,19.5,-12.8,5.3,10.7,19.4,7.4,6.1,-0.7,-12.2,-6.7,23.2
2021-09,0.6,-2.6,9.2,-14.5,26.1,4.8,4.2,4.4,0.4,-2.4,-4.2,-2.1,-1.5,1.7,-13.9,9.4,-4.0,21.6,-12.4,10.0,12.2,16.0,10.6,4.7,5.1,-10.8,-3.6,23.5
2021-10,0.8,1.3,10.6,-7.9,28.8,6.2,4.9,5.1,0.2,0.8,-4.2,-2.0,7.3,2.7,-12.1,8.9,-0.7,24.7,-11.0,11.9,15.6,20.9,14.1,14.3,7.4,-11.3,-4.3,33.3
2021-11,-2.6,-1.0,9.9,-11.8,36.9,3.8,8.0,6.2,1.0,0.7,-6.8,-0.4,9.0,-1.1,-11.9,9.5,-4.7,28.0,-12.6,16.7,15.5,16.9,12.7,9.8,9.2,-19.4,-31.2,49.2
2021-12,10.7,3.5,14.6,-7.6,35.9,1.8,5.4,4.7,-0.1,-2.7,-6.8,0.3,9.5,1.5,-9.3,11.5,-1.6,31.3,-10.1,21.6,16.4,10.5,17.2,8.1,9.5,-19.4,-24.7,45.4
2022-01,5.7,3.2,14.5,-8.1,33.8,2.2,2.3,3.7,1.6,-3.6,-6.5,-0.9,8.7,2.4,-9.7,9.3,-0.2,30.5,-7.5,12.7,9.4,13.0,2.4,8.5,7.9,-17.8,-21.3,43.3
2022-02,4.5,1.9,13.0,-9.3,35.4,3.7,2.9,3.4,3.2,2.2,-3.5,1.6,8.3,-1.0,-7.9,11.6,5.3,26.5,-5.3,7.5,11.4,22.4,4.2,13.3,5.4,-14.8,-12.0,41.7
2022-03,3.8,-0.9,11.3,-13.0,42.4,-2.7,5.4,2.7,0.3,-3.5,-5.4,-4.5,6.2,1.0,-9.6,-2.9,0.8,39.4,-8.6,16.8,17.2,22.9,12.0,13.6,8.4,-33.9,-59.5,81.6
2022-04,3.2,-5.8,5.0,-16.7,41.9,-3.0,7.9,2.7,1.7,-4.0,-3.2,-1.5,5.7,0.3,-9.6,5.5,3.3,42.8,-10.9,21.6,19.6,12.7,24.5,11.4,8.0,-32.6,-53.4,67.3
2022-05,2.8,-3.6,6.1,-13.3,40.0,-4.1,5.1,4.0,2.1,-2.3,-11.1,-3.7,6.5,-0.9,-13.4,1.3,2.4,35.8,-12.6,27.3,22.1,14.4,24.5,12.3,10.7,-30.5,-47.2,56.7
2022-06,-0.7,-8.1,0.4,-16.6,43.0,-3.8,3.7,3.0,1.4,-4.5,-9.1,-3.1,4.2,-0.3,-13.4,3.7,4.0,31.0,-12.7,25.2,20.9,14.9,22.6,14.6,10.5,-32.6,-50.1,58.8
2022-07,3.6,-3.9,6.0,-13.7,39.2,-4.1,0.7,2.1,2.5,-2.1,-9.6,-4.0,5.9,2.3,-13.4,3.7,2.8,26.3,-12.4,18.9,15.8,13.3,15.3,8.6,10.9,-30.9,-49.0,48.2
2022-08,6.9,-6.7,1.2,-14.7,39.2,-2.1,1.9,2.9,1.8,-1.1,-9.0,-5.4,6.0,3.7,-14.8,2.3,2.4,22.8,-12.1,18.3,18.4,14.0,23.0,9.6,10.7,-31.5,-49.3,44.1
2022-09,3.8,-4.4,4.1,-12.9,40.0,-6.3,1.5,1.7,-0.2,-4.1,-9.9,-5.6,3.2,2.7,-13.3,-0.7,-0.6,26.6,-12.4,12.1,12.0,10.7,13.1,9.4,8.5,-35.7,-52.4,47.0
2022-10,4.3,-5.0,3.5,-13.5,39.8,-6.9,1.2,0.5,1.1,-4.9,-7.2,-6.9,2.9,3.1,-15.5,-2.2,1.1,29.0,-16.6,11.7,10.4,3.4,16.2,6.2,12.4,-37.6,-58.2,52.1
2022-11,-0.3,-3.9,3.4,-11.2,39.7,-1.5,1.2,2.4,0.8,-4.4,-7.6,-7.1,12.5,4.6,-16.0,-0.8,-2.1,23.9,-15.4,12.6,9.4,7.9,7.8,7.1,10.2,-37.7,-57.8,42.6
2022-12,-0.1,-5.5,3.2,-14.1,31.3,-3.0,5.4,2.6,1.8,-2.2,-5.5,-6.4,12.5,4.9,-14.8,0.3,0.8,19.7,-15.3,4.0,6.1,10.3,3.8,0.9,8.0,-36.7,-52.1,34.6
2023-01,4.8,-3.5,2.7,-9.6,33.5,-2.7,11.0,3.8,2.9,-3.4,-3.0,-5.9,4.8,5.1,-15.0,2.4,-3.5,15.1,-13.4,5.2,7.6,14.4,3.1,7.5,-1.6,-35.2,-50.7,27.5
2023-02,4.1,-5.0,4.7,-14.6,30.2,0.0,12.5,5.5,1.4,-2.0,-4.0,-3.9,4.6,2.4,-12.3,2.9,1.5,9.8,-12.5,19.8,15.8,13.5,14.0,7.6,11.1,-32.6,-42.5,26.2
2023-03,0.3,-4.0,5.1,-13.1,29.1,0.2,14.9,6.2,3.3,1.0,-3.5,-2.5,5.7,5.2,-14.7,12.3,-4.4,4.1,-13.2,11.8,10.2,8.9,10.0,5.1,6.6,-32.0,-44.2,22.5
2023-04,3.6,-0.1,10.0,-10.2,26.7,2.2,14.4,5.8,1.8,3.4,-0.6,-5.7,5.1,5.7,-14.7,3.4,3.4,2.1,-14.9,17.5,16.6,16.7,15.5,7.3,13.3,-29.8,-37.0,12.6
2023-05,1.9,-1.2,6.4,-8.7,16.6,2.5,12.8,5.4,4.9,2.0,-1.0,-8.1,2.4,6.5,-19.3,1.5,-2.8,-2.7,-19.3,11.0,9.9,6.0,12.7,4.8,8.5,-27.5,-32.3,11.7
2023-06,1.8,2.2,8.0,-3.7,14.2,1.9,10.8,3.6,5.2,0.9,2.0,-8.1,3.3,6.6,-17.7,0.0,1.1,-3.3,-18.1,15.3,11.2,5.9,12.4,1.7,10.9,-24.1,-25.8,6.7
