country,SWE,SWE,SWE,SWE,SWE,SWE,SWE,SWE,SWE,SWE,SWE,SWE,SWE,SWE,SWE,SWE,SWE,SWE,SWE,SWE,SWE,SWE,SWE,SWE,SWE,SWE,SWE,SWE
subject,BCBUTE,BCCI,BCEMFT,BCOBLV,BCSPFT,BRBUFT,BRBUTE,BRCI,BREMFT,BRODFT,BRVSLV,BSCI,BSEMFT,BSFGLV,BSOBLV,BSPRFT,BSPRTE,BSSPFT,BSXRLV,BVBUTE,BVCI,BVDEFT,BVDETE,BVEMFT,BVEMTE,CSCICP02,CSESFT,CSINFT
measure,BLSA,BLSA,BLSA,BLSA,BLSA,BLSA,BLSA,BLSA,BLSA,BLSA,BLSA,BLSA,BLSA,BLSA,BLSA,BLSA,BLSA,BLSA,BLSA,BLSA,BLSA,BLSA,BLSA,BLSA,BLSA,BLSA,BLSA,BLSA
unit,,,,,,,,,,,,,,,,,,,,,,,,,,,,
powercode,Units,Units,Units,Units,Units,Units,Units,Units,Units,Units,Units,Units,Units,Units,Units,Units,Units,Units,Units,Units,Units,Units,Units,Units,Units,Units,Units,Units
reference_period,,,,,,,,,,,,,,,,,,,,,,,,,,,,
time,,,,,,,,,,,,,,,,,,,,,,,,,,,,
1985-01,,,,,,,,,,,,,,,,,5.0,,,,,,,,,,,
1985-02,,,,,,,,,,,,,,,,,-7.0,,,,,,,,,,,
1985-03,,,,,,,,,,,,,,,,,-5.0,,,,,,,,,,,
1985-04,,,,,,,,,,,,,,,,,0.0,,,,,,,,,,,
1985-05,,,,,,,,,,,,,,,,,2.0,,,,,,,,,,,
1985-06,,,,,,,,,,,,,,,,,2.0,,,,,,,,,,,
1985-07,,,,,,,,,,,,,,,,,9.0,,,,,,,,,,,
1985-08,,,,,,,,,,,,,,,,,-2.0,,,,,,,,,,,
1985-09,,,,,,,,,,,,,,,,,3.0,,,,,,,,,,,
1985-10,,,,,,,,,,,,,,,,,10.0,,,,,,,,,,,
1985-11,,,,,,,,,,,,,,,,,-2.0,,,,,,,,,,,
1985-12,,,,,,,,,,,,,,,,,3.0,,,,,,,,,,,
1986-01,,,,,,,,,,,,,,,,,0.0,,,,,,,,,,,
1986-02,,,,,,,,,,,,,,,,,-2.0,,,,,,,,,,,
1986-03,,,,,,,,,,,,,,,,,-10.0,,,,,,,,,,,
1986-04,,,,,,,,,,,,,,,,,11.0,,,,,,,,,,,
1986-05,,,,,,,,,,,,,,,,,-4.0,,,,,,,,,,,
1986-06,,,,,,,,,,,,,,,,,8.0,,,,,,,,,,,
1986-07,,,,,,,,,,,,,,,,,2.0,,,,,,,,,,,
1986-08,,,,,,,,,,,,,,,,,-4.0,,,,,,,,,,,
1986-09,,,,,,,,,,,,,,,,,5.0,,,,,,,,,,,
1986-10,,,,,,,,,,,,,,,,,-1.0,,,,,,,,,,,
1986-11,,,,,,,,,,,,,,,,,-7.0,,,,,,,,,,,
1986-12,,,,,,,,,,,,,,,,,-3.0,,,,,,,,,,,
1987-01,,,,,,,,,,,,,,,,,-2.0,,,,,,,,,,,
1987-02,,,,,,,,,,,,,,,,,-1.0,,,,,,,,,,,
1987-03,,,,,,,,,,,,,,,,,-4.0,,,,,,,,,,,
1987-04,,,,,,,,,,,,,,,,,-3.0,,,,,,,,,,,
1987-05,,,,,,,,,,,,,,,,,-4.0,,,,,,,,,,,
1987-06,,,,,,,,,,,,,,,,,0.0,,,,,,,,,,,
1987-07,,,,,,,,,,,,,,,,,2.0,,,,,,,,,,,
1987-08,,,,,,,,,,,,,,,,,-3.0,,,,,,,,,,,
1987-09,,,,,,,,,,,,,,,,,0.0,,,,,,,,,,,
1987-10,,,,,,,,,,,,,,,,,-1.0,,,,,,,,,,,
1987-11,,,,,,,,,,,,,,,,,3.0,,,,,,,,,,,
1987-12,,,,,,,,,,,,,,,,,3.0,,,,,,,,,,,
1988-01,,,,,,,,,,,,,,,,,0.0,,,,,,,,,,,
1988-02,,,,,,,,,,,,,,,,,1.0,,,,,,,,,,,
1988-03,,,,,,,,,,,,,,,,,8.0,,,,,,,,,,,
1988-04,,,,,,,,,,,,,,,,,-2.0,,,,,,,,,,,
1988-05,,,,,,,,,,,,,,,,,10.0,,,,,,,,,,,
1988-06,,,,,,,,,,,,,,,,,8.0,,,,,,,,,,,
1988-07,,,,,,,,,,,,,,,,,-2.0,,,,,,,,,,,
1988-08,,,,,,,,,,,,,,,,,14.0,,,,,,,,,,,
1988-09,,,,,,,,,,,,,,,,,11.0,,,,,,,,,,,
1988-10,,,,,,,,,,,,,,,,,4.0,,,,,,,,,,,
1988-11,,,,,,,,,,,,,,,,,13.0,,,,,,,,,,,
1988-12,,,,,,,,,,,,,,,,,10.0,,,,,,,,,,,
1989-01,,,,,,,,,,,,,,,,,6.0,,,,,,,,,,,
1989-02,,,,,,,,,,,,,,,,,3.0,,,,,,,,,,,
1989-03,,,,,,,,,,,,,,,,,8.0,,,,,,,,,,,
1989-04,,,,,,,,,,,,,,,,,6.0,,,,,,,,,,,
1989-05,,,,,,,,,,,,,,,,,3.0,,,,,,,,,,,
1989-06,,,,,,,,,,,,,,,,,13.0,,,,,,,,,,,
1989-07,,,,,,,,,,,,,,,,,-3.0,,,,,,,,,,,
1989-08,,,,,,,,,,,,,,,,,10.0,,,,,,,,,,,
1989-09,,,,,,,,,,,,,,,,,6.0,,,,,,,,,,,
1989-10,,,,,,,,,,,,,,,,,8.0,,,,,,,,,,,
1989-11,,,,,,,,,,,,,,,,,9.0,,,,,,,,,,,
1989-12,,,,,,,,,,,,,,,,,8.0,,,,,,,,,,,
1990-01,26.7,19.2,13.1,25.4,1.2,,,,,,,,-12.1,,-23.4,9.0,-1.6,11.9,21.9,,,,,,,,,
1990-02,25.4,15.7,6.6,24.7,1.1,,,,,,,,-13.2,,-24.9,4.7,1.3,12.3,21.9,,,,,,,,,
1990-03,24.9,12.1,0.1,24.2,-0.6,,,,,,,,-13.4,,-25.1,1.9,2.2,12.1,21.9,,,,,,,,,
1990-04,11.2,9.0,-5.4,23.3,-5.0,,,,,,,,-13.1,,-24.6,-2.1,1.0,17.0,24.9,,,,,,,,,
1990-05,5.1,5.9,-8.8,20.6,-5.7,,,,,,,,-13.3,,-25.5,-1.9,-3.6,17.0,24.9,,,,,,,,,
1990-06,2.5,5.2,-7.2,17.6,-6.2,,,,,,,,-12.9,,-29.0,-2.7,-7.2,18.5,24.9,,,,,,,,,
1990-07,-3.9,-5.3,-6.7,-4.0,-23.4,,,,,,,,-24.3,,-43.2,-6.7,-20.7,12.5,24.9,,,,,,,,,
1990-08,-3.1,-4.0,-5.2,-2.8,-23.1,,,,,,,,-24.6,,-41.0,-9.0,-15.9,14.0,24.9,,,,,,,,,
1990-09,-2.8,-0.9,-1.6,-0.2,-20.1,,,,,,,,-23.9,,-43.8,-8.8,-13.9,13.3,24.9,,,,,,,,,
1990-10,-4.4,-15.5,-23.5,-7.4,-58.3,,,,,,,,-34.5,,-52.9,-17.7,-19.1,25.3,33.9,,,,,,,,,
1990-11,-2.8,-12.2,-19.4,-5.0,-57.9,,,,,,,,-33.6,,-51.3,-16.3,-18.4,24.4,33.9,,,,,,,,,
1990-12,-0.7,-12.7,-19.9,-5.5,-57.2,,,,,,,,-32.9,,-52.6,-18.5,-18.4,25.0,33.9,,,,,,,,,
1991-01,-31.3,-46.8,-49.9,-43.6,-65.7,,,,,,,,-38.1,,-53.5,-12.5,-26.6,-5.4,38.9,,,,,,,,,
1991-02,-32.5,-50.3,-56.4,-44.2,-65.8,,,,,,,,-39.2,,-55.0,-13.7,-23.7,-4.7,38.9,,,,,,,,,
1991-03,-33.0,-53.9,-62.9,-44.8,-67.5,,,,,,,,-39.4,,-56.2,-11.8,-22.8,-4.3,38.9,,,,,,,,,
1991-04,-38.8,-59.5,-70.4,-48.6,-68.9,,,,,,,,-46.1,,-59.8,-11.5,-14.0,-1.9,40.9,,,,,,,,,
1991-05,-45.0,-62.6,-73.9,-51.4,-69.6,,,,,,,,-46.2,,-61.7,-11.4,-18.6,-1.6,40.9,,,,,,,,,
1991-06,-47.6,-63.3,-72.2,-54.4,-70.1,,,,,,,,-45.9,,-66.2,-12.0,-22.3,-0.7,40.9,,,,,,,,,
1991-07,-52.9,-76.4,-74.7,-78.1,-73.7,,,,,,,,-46.3,,-70.6,-11.3,-33.9,-2.7,41.9,,,,,,,,,
1991-08,-52.1,-75.0,-73.2,-76.9,-73.4,,,,,,,,-46.6,,-70.4,-11.5,-29.2,-2.0,41.9,,,,,,,,,
1991-09,-51.7,-71.9,-69.6,-74.3,-70.2,,,,,,,,-45.9,,-71.3,-11.2,-27.3,-2.1,41.9,,,,,,,,,
1991-10,-65.4,-75.0,-66.5,-83.5,-68.3,,,,,,,,-50.6,,-72.4,-8.9,-25.8,1.8,41.9,,,,,,,,,
1991-11,-63.7,-71.7,-62.4,-81.0,-67.8,,,,,,,,-49.6,,-71.9,-7.8,-25.6,1.7,41.9,,,,,,,,,
1991-12,-61.6,-72.2,-62.9,-81.5,-67.0,,,,,,,,-48.9,,-71.3,-5.9,-26.7,2.5,41.9,,,,,,,,,
1992-01,-63.3,-66.7,-52.9,-80.5,-64.6,,,,,,,,-41.1,,-66.2,-6.1,-27.7,0.3,34.9,,,,,,,,,
1992-02,-64.5,-70.3,-59.4,-81.2,-64.7,,,,,,,,-42.2,,-68.5,-5.0,-28.1,1.0,34.9,,,,,,,,,
1992-03,-64.9,-73.8,-65.9,-81.7,-66.4,,,,,,,,-42.3,,-68.1,-3.7,-33.3,0.8,34.9,,,,,,,,,
1992-04,-47.8,-73.0,-67.5,-78.5,-46.8,,,,,,,,-49.1,,-59.8,-2.2,-18.4,5.1,28.9,,,,,,,,,
1992-05,-54.1,-76.1,-70.9,-81.3,-47.5,,,,,,,,-49.2,,-63.8,-1.4,-14.1,5.1,28.9,,,,,,,,,
1992-06,-56.7,-76.8,-69.2,-84.4,-47.9,,,,,,,,-48.8,,-64.6,-0.4,-9.1,6.2,28.9,,,,,,,,,
1992-07,-65.1,-81.5,-78.7,-84.2,-48.2,,,,,,,,-47.4,,-70.3,0.5,-1.8,2.0,29.9,,,,,,,,,
1992-08,-64.1,-80.1,-77.2,-83.0,-47.8,,,,,,,,-47.6,,-71.1,-0.4,-0.3,3.0,29.9,,,,,,,,,
1992-09,-63.7,-76.9,-73.5,-80.3,-44.3,,,,,,,,-46.8,,-70.3,-1.3,-1.5,2.3,29.9,,,,,,,,,
1992-10,-52.4,-60.5,-48.5,-72.6,-42.3,,,,,,,,-50.7,,-73.9,-0.7,-4.1,11.6,36.9,,,,,,,,,
1992-11,-50.6,-57.2,-44.3,-70.0,-41.7,,,,,,,,-49.6,,-72.3,-2.3,-9.6,10.8,36.9,,,,,,,,,
1992-12,-48.4,-57.6,-44.8,-70.5,-40.8,,,,,,,,-48.9,,-70.9,-2.9,-16.1,11.4,36.9,,,,,,,,,
1993-01,-43.3,-67.7,-52.9,-82.5,-45.7,,,,,,,,-38.0,,-62.5,-5.3,-21.8,10.2,29.9,,,,,,,,,
1993-02,-44.5,-71.3,-59.4,-83.1,-45.7,,,,,,,,-39.2,,-58.5,-3.2,-11.8,10.9,29.9,,,,,,,,,
1993-03,-44.9,-74.8,-66.0,-83.7,-47.5,,,,,,,,-39.3,,-53.7,-0.7,-3.2,11.6,29.9,,,,,,,,,
1993-04,-47.8,-79.0,-73.5,-84.5,-43.6,,,,,,,,-30.1,,-51.3,2.4,1.3,10.5,26.9,,,,,,,,,
1993-05,-54.1,-82.1,-77.0,-87.2,-44.3,,,,,,,,-30.2,,-48.6,4.3,3.4,11.1,26.9,,,,,,,,,
1993-06,-56.7,-82.8,-75.3,-90.3,-44.7,,,,,,,,-29.8,,-43.1,6.6,6.3,11.8,26.9,,,,,,,,,
1993-07,-63.3,-84.6,-75.8,-93.4,-42.6,,,,,,,,-25.4,,-38.1,9.0,11.2,10.9,19.9,,,,,,,,,
1993-08,-62.2,-83.2,-74.2,-92.1,-42.1,,,,,,,,-25.6,,-36.3,10.6,15.4,11.4,19.9,,,,,,,,,
1993-09,-61.7,-79.9,-70.5,-89.3,-38.4,,,,,,,,-24.8,,-35.8,12.6,16.9,10.7,19.9,,,,,,,,,
1993-10,-62.4,-74.0,-58.4,-89.6,-20.2,,,,,,,,-8.8,,-33.5,15.5,17.0,19.6,21.8,,,,,,,,,
1993-11,-60.5,-70.6,-54.2,-87.0,-19.5,,,,,,,,-7.7,,-26.3,18.5,20.6,18.4,21.8,,,,,,,,,
1993-12,-58.2,-71.1,-54.7,-87.5,-18.5,,,,,,,,-6.9,,-21.8,21.5,23.5,19.2,21.8,,,,,,,,,
1994-01,-52.3,-56.2,-29.8,-82.5,-15.7,,,,,,,,4.1,,-19.7,23.7,27.1,14.9,19.8,,,,,,,,,
1994-02,-53.5,-59.7,-36.4,-83.1,-15.7,,,,,,,,2.9,,-17.4,22.9,29.7,15.9,19.8,,,,,,,,,
1994-03,-53.8,-63.3,-43.0,-83.6,-17.9,,,,,,,,2.8,,-14.5,23.4,30.1,15.6,19.8,,,,,,,,,
1994-04,14.4,-35.0,1.4,-71.3,6.8,,,,,,,,6.9,,-14.8,23.1,26.9,22.1,12.8,,,,,,,,,
1994-05,7.8,-38.1,-2.1,-74.2,5.9,,,,,,,,6.8,,-10.4,25.0,26.2,21.6,12.8,,,,,,,,,
1994-06,5.2,-38.8,-0.4,-77.3,5.4,,,,,,,,7.2,,-6.0,26.3,26.4,21.5,12.8,,,,,,,,,
1994-07,-2.6,-52.7,-25.8,-79.6,-2.3,,,,,,,,6.6,,-2.4,28.1,28.5,25.3,1.8,,,,,,,,,
1994-08,-1.4,-51.3,-24.3,-78.2,-1.8,,,,,,,,6.3,,2.3,27.5,31.2,25.2,1.8,,,,,,,,,
1994-09,-0.8,-48.0,-20.5,-75.4,2.4,,,,,,,,7.1,,2.7,27.6,31.0,25.4,1.8,,,,,,,,,
1994-10,0.5,-37.5,-8.3,-66.7,13.2,,,,,,,,20.1,,5.9,28.2,29.3,48.2,4.8,,,,,,,,,
1994-11,2.6,-34.0,-4.1,-64.0,13.9,,,,,,,,21.2,,10.3,29.1,32.3,45.4,4.8,,,,,,,,,
1994-12,5.1,-34.5,-4.6,-64.4,14.9,,,,,,,,22.0,,10.8,29.9,34.5,44.6,4.8,,,,,,,,,
1995-01,3.8,-21.1,16.3,-58.4,19.3,,,,,,,,18.2,,12.0,29.8,37.4,27.0,4.8,,,,,,,,,
1995-02,2.6,-24.7,9.7,-59.0,19.2,,,,,,,,16.9,,9.4,27.6,38.6,28.3,4.7,,,,,,,,,
1995-03,2.4,-28.3,3.0,-59.5,16.7,,,,,,,,16.8,,8.1,26.2,37.4,27.1,4.7,,,,,,,,,
1995-04,18.6,-38.4,-22.7,-54.2,2.4,,,,,,,,8.9,,2.7,24.7,32.7,27.1,12.7,,,,,,,,,
1995-05,11.8,-41.6,-26.2,-57.1,1.3,,,,,,,,8.8,,3.2,22.0,24.0,25.8,12.7,,,,,,,,,
1995-06,9.1,-42.3,-24.4,-60.2,0.6,,,,,,,,9.2,,1.0,19.8,16.5,25.8,12.7,,,,,,,,,
1995-07,5.1,-53.4,-45.0,-61.9,-17.1,,,,,,,,3.5,,-1.3,17.1,10.6,16.3,12.6,,,,,,,,,
1995-08,6.4,-51.9,-43.4,-60.4,-16.7,,,,,,,,3.2,,-2.2,16.3,14.2,16.6,12.6,,,,,,,,,
1995-09,7.0,-48.5,-39.6,-57.5,-12.1,,,,,,,,4.0,,-8.2,15.7,14.9,15.9,12.6,,,,,,,,,
1995-10,13.4,-43.5,-31.3,-55.7,-11.3,,,,,,,,-5.0,,-8.8,16.4,14.0,14.2,14.5,,,,,,,-8.4,-3.9,18.6
1995-11,15.6,-40.0,-27.0,-52.9,-10.7,,,,,,,,-3.8,,-9.0,16.3,11.7,12.6,14.5,,,,,,,-11.1,-7.9,8.6
1995-12,18.3,-40.4,-27.4,-53.4,-9.6,,,,,,,,-3.0,,-13.3,16.8,8.5,11.4,14.5,,,,,,,-8.8,-5.3,3.0
1996-01,7.9,-32.9,-18.5,-47.4,-1.3,,,,,,,-6.2,-18.6,20.7,-14.0,16.1,5.9,13.4,14.4,,,,,,,-10.3,-13.3,22.0
1996-02,4.7,-41.1,-20.2,-62.0,-9.6,,,,,,,-8.7,-20.0,20.7,-19.8,14.3,6.6,5.6,-15.7,,,,,,,-12.7,-22.0,29.8
1996-03,-6.5,-49.7,-30.0,-69.5,-16.7,,,,,,,-12.7,-20.1,25.7,-25.9,13.4,4.9,3.3,-7.7,,,,,,,-14.0,-24.8,38.0
1996-04,-11.1,-46.4,-25.7,-67.0,-24.1,,,,,,,-13.0,-35.1,21.7,-30.0,12.7,-0.2,0.0,-14.8,0.9,7.3,13.7,7.4,6.2,10.8,-11.9,-18.4,32.8
1996-05,-12.2,-46.6,-24.3,-69.0,-19.4,,,,,,,-15.7,-35.2,28.7,-30.8,12.5,-0.5,0.5,-15.9,-0.6,7.8,16.1,7.8,9.8,10.4,-12.0,-18.8,32.8
1996-06,2.0,-44.8,-23.5,-66.2,-24.3,,,,,,,-17.7,-34.8,31.7,-34.4,12.9,0.2,0.3,-25.0,-1.0,8.7,19.0,8.1,10.9,10.8,-10.4,-20.7,18.9
1996-07,-2.3,-51.7,-34.2,-69.1,-14.4,,,,,,,-13.8,-32.7,21.8,-32.3,12.6,2.6,1.8,-25.1,-5.9,4.2,9.8,8.8,10.4,3.0,-11.6,-21.0,17.2
1996-08,-7.9,-42.6,-20.5,-64.6,-5.8,33.0,-6.2,-2.9,,-7.7,35.5,-13.4,-32.9,21.8,-32.4,14.0,6.5,1.1,-19.2,-3.7,4.9,9.3,9.2,12.9,6.5,-8.3,-15.1,10.8
1996-09,-14.1,-56.1,-43.6,-68.5,-19.7,34.3,-5.1,-3.6,,-7.8,40.0,-11.3,-32.1,14.8,-33.9,15.0,7.3,0.7,-17.4,-2.7,5.0,7.9,9.9,13.3,5.4,-10.8,-40.2,31.1
1996-10,-30.7,-63.0,-45.3,-80.8,-37.0,43.9,-19.2,-6.7,-48.5,4.7,44.7,-8.3,-22.0,12.9,-29.9,18.0,6.4,0.6,-19.5,-2.5,9.7,21.6,9.9,11.5,2.6,-9.0,-14.7,18.6
1996-11,-35.3,-64.4,-48.9,-79.9,-25.2,41.4,-12.1,-2.7,-48.9,-0.2,37.3,-8.5,-20.8,13.9,-27.5,15.9,9.7,0.7,-17.7,-1.8,11.4,25.3,10.9,15.4,5.0,-8.8,-14.0,16.3
1996-12,-42.3,-61.3,-41.3,-81.3,-30.0,41.9,-6.7,0.2,-46.6,6.7,34.6,-9.3,-19.9,17.9,-25.3,15.3,12.2,0.8,-17.9,-3.0,11.3,26.2,10.8,15.3,5.9,-11.1,-16.4,12.1
1997-01,-44.1,-74.3,-68.3,-80.2,-48.8,55.1,-4.6,4.1,-36.5,7.5,38.1,-6.6,-26.5,10.0,-22.3,12.6,15.3,0.8,-27.1,2.8,14.7,26.0,15.2,14.9,12.7,-9.8,-15.9,10.7
1997-02,-38.2,-68.5,-58.1,-78.9,-36.3,39.4,-13.3,-2.6,-37.8,8.9,33.9,-8.5,-27.9,17.0,-23.3,15.0,12.9,2.5,-23.4,3.4,12.8,19.6,15.4,14.1,11.0,-10.2,-14.5,16.4
1997-03,-56.5,-72.2,-56.0,-88.4,-26.9,40.9,-1.5,2.8,-37.8,5.9,30.9,-5.9,-28.1,12.1,-23.8,18.0,7.6,3.5,-13.7,5.3,14.3,21.7,15.9,15.4,12.0,-8.0,-14.5,10.6
1997-04,-52.9,-76.8,-60.8,-92.9,-39.7,31.1,-14.6,-5.5,-29.5,6.9,33.1,-4.3,-15.3,12.1,-22.7,21.7,-1.0,4.6,-8.0,3.9,12.2,13.6,19.2,7.2,10.8,-6.4,-10.7,11.5
1997-05,-43.3,-75.1,-53.4,-96.9,-24.0,39.6,-11.1,-0.9,-28.4,10.7,31.3,-8.0,-15.4,27.2,-20.5,23.6,8.1,4.7,1.6,2.4,12.7,16.1,19.6,10.8,10.4,-4.6,-4.8,14.9
1997-06,-50.0,-74.9,-54.5,-95.2,-29.2,52.6,-2.2,6.4,-25.9,26.4,31.3,-3.6,-14.9,18.2,-18.3,25.9,18.0,4.9,6.3,2.0,13.7,19.1,20.1,11.9,10.8,-4.4,-4.0,14.2
1997-07,-25.6,-66.9,-46.4,-87.4,-20.4,52.8,-14.3,2.3,-27.2,18.8,31.6,0.3,-6.9,13.3,-13.4,27.7,29.9,5.0,4.9,7.1,18.7,25.6,23.2,13.4,8.0,-4.0,-3.7,22.3
1997-08,-31.1,-75.7,-61.7,-89.8,-21.6,52.0,-11.2,1.4,-25.8,20.2,36.5,1.1,-7.2,12.4,-11.7,27.5,27.8,5.4,14.7,9.3,19.3,25.1,23.5,15.9,11.5,-4.3,-6.8,21.1
1997-09,-35.2,-66.7,-48.7,-84.6,-22.2,52.3,-6.1,3.7,-26.7,16.5,35.0,3.9,-6.3,7.4,-8.8,27.9,22.6,5.7,27.3,10.3,19.5,23.6,24.5,16.4,10.4,-1.7,-0.6,17.8
1997-10,-26.8,-59.5,-42.2,-76.9,-24.9,49.9,4.7,6.0,-19.5,14.7,36.8,4.7,-3.1,11.5,-3.2,28.9,15.6,5.9,26.6,15.5,20.1,20.7,24.2,17.5,11.6,1.0,7.0,19.9
1997-11,-18.1,-58.3,-37.8,-78.8,-16.6,55.4,8.9,10.7,-19.9,18.1,32.3,4.3,-1.8,11.7,-6.1,30.7,18.0,5.8,17.6,16.2,22.0,24.5,25.3,21.5,14.0,-0.2,4.6,16.9
1997-12,-29.1,-56.7,-38.2,-75.2,-17.5,46.9,1.3,5.5,-17.6,19.3,31.6,3.8,-0.9,14.7,-6.5,32.5,19.6,5.7,15.8,14.9,21.7,25.4,24.6,21.3,14.9,-0.7,3.2,17.7
1998-01,-21.0,-64.6,-53.1,-76.1,-10.6,44.1,8.4,3.1,-20.5,16.0,43.1,1.9,-6.5,17.8,-9.8,33.2,21.7,5.6,14.0,18.8,25.6,27.3,30.7,19.9,16.7,1.3,3.9,8.8
1998-02,-12.1,-59.4,-51.0,-67.8,-10.1,50.3,10.7,5.0,-21.8,14.6,45.9,1.1,-8.1,17.1,-10.8,31.1,23.4,4.2,13.9,19.4,23.3,20.6,29.8,19.1,15.0,-2.4,-3.2,5.3
1998-03,-4.5,-61.7,-51.0,-72.4,-13.1,44.9,17.5,8.5,-21.8,10.4,36.9,-0.5,-8.2,21.0,-11.2,30.6,22.3,2.7,13.8,21.3,24.9,22.7,30.7,20.4,16.0,-2.4,-1.2,6.0
1998-04,-8.8,-50.3,-27.9,-72.8,-9.6,55.1,1.3,4.1,-24.5,5.2,44.1,-2.1,-9.5,24.2,-11.9,29.7,18.0,1.5,13.8,30.9,31.6,34.4,29.3,18.1,18.8,-1.4,-0.2,7.2
1998-05,1.6,-51.7,-26.5,-76.9,-6.5,50.6,-12.2,-2.3,-23.4,14.7,45.3,-0.4,-9.7,16.7,-13.1,28.6,15.1,-1.1,11.4,29.4,32.1,37.1,29.7,21.7,18.4,0.4,3.2,6.4
1998-06,21.0,-29.9,4.4,-64.2,3.9,51.6,1.7,3.0,-20.9,17.0,44.3,1.3,-9.2,12.4,-11.3,27.7,13.4,-3.4,9.1,28.9,32.9,40.2,29.6,22.9,18.8,-3.4,-1.5,-2.3
1998-07,25.3,-19.1,15.5,-53.7,9.7,54.8,-1.4,3.2,-10.2,9.1,43.6,2.2,-3.2,9.6,-9.8,26.1,13.3,-6.0,6.8,30.1,30.7,32.5,29.5,24.3,15.9,0.0,1.6,9.1
1998-08,35.8,-22.9,8.2,-53.9,8.8,53.0,-1.3,2.4,-8.8,12.0,44.5,-2.2,-3.6,17.5,-14.3,25.3,15.9,-6.3,-0.6,32.3,31.1,32.0,29.0,26.9,19.5,-0.4,-0.6,7.0
1998-09,30.7,-19.2,17.2,-55.6,20.5,55.3,13.9,9.0,-9.7,14.1,42.0,-2.9,-2.6,15.9,-17.4,24.6,15.3,-6.8,-7.8,33.3,31.1,30.3,29.7,27.4,18.3,-0.2,-2.5,6.4
1998-10,29.1,-16.5,11.8,-44.9,15.1,50.0,-0.4,3.3,-13.5,12.5,39.8,-5.5,-7.3,22.9,-18.9,25.4,12.7,-7.3,-15.2,25.5,26.5,29.7,24.4,23.5,20.6,-0.5,-5.6,10.4
1998-11,27.0,-18.7,6.4,-43.7,6.0,47.5,-0.2,1.7,-13.9,11.3,42.3,-5.7,-6.0,17.8,-21.6,22.3,12.0,-7.1,-20.0,26.2,28.3,33.8,25.0,27.6,23.0,1.3,-3.3,0.2
1998-12,19.1,-21.1,-2.0,-40.1,7.1,56.9,8.2,8.5,-11.7,8.0,39.5,-8.0,-5.1,19.5,-24.8,20.4,10.3,-6.8,-24.9,24.9,28.1,34.7,24.6,27.3,23.9,-2.6,-10.9,5.5
1999-01,2.9,-32.0,-14.0,-49.9,3.6,67.1,12.3,12.8,-12.5,-0.1,41.2,-13.8,-33.6,27.0,-30.9,16.6,9.1,-6.4,-29.9,19.8,21.1,20.5,23.0,23.9,17.7,0.0,-7.7,-4.5
1999-02,3.9,-32.3,-9.9,-54.7,-10.0,55.3,20.6,13.0,-13.8,6.3,36.9,-16.2,-35.5,31.8,-32.6,15.8,6.5,-5.1,-30.4,20.4,18.8,13.3,22.6,23.0,16.0,-1.4,-7.2,-2.3
1999-03,16.3,-34.7,-9.0,-60.4,-9.5,47.9,19.4,8.5,-13.9,12.1,41.9,-15.9,-35.7,30.5,-33.9,16.6,0.5,-3.7,-31.0,22.3,20.6,15.5,23.8,24.4,17.0,-1.0,-7.2,-3.7
1999-04,3.2,-28.8,-3.0,-54.7,8.4,52.0,16.1,8.7,-14.5,12.5,42.1,-16.9,-24.0,31.3,-37.3,17.8,-8.6,-2.1,-31.6,14.9,19.8,27.3,17.2,14.9,15.9,-0.7,-7.6,-0.4
1999-05,21.5,-27.7,9.4,-64.9,-4.1,57.5,13.6,10.9,-13.4,21.7,38.3,-11.9,-24.3,21.1,-35.3,20.8,-1.4,0.3,-26.5,13.4,20.9,30.2,19.1,18.7,15.4,0.6,-5.9,5.6
1999-06,20.0,-30.9,-2.6,-59.3,4.1,50.6,14.5,10.6,-10.9,22.7,33.3,-8.0,-24.0,17.1,-30.5,23.7,6.6,2.7,-21.5,12.9,21.2,33.5,17.3,19.9,15.8,3.0,1.9,9.7
1999-07,25.2,-30.8,-12.7,-48.9,2.1,55.8,18.3,14.5,-8.2,12.4,30.6,-4.6,-13.7,12.9,-26.8,26.0,16.5,5.5,-16.4,22.1,27.9,35.5,25.9,23.3,17.9,1.7,3.3,7.7
1999-08,8.9,-27.0,-5.9,-48.1,9.4,62.1,28.9,19.7,-6.8,18.2,31.9,-2.7,-14.3,12.2,-22.3,26.5,21.4,8.4,-13.8,24.3,27.9,34.9,24.7,26.0,21.5,4.4,7.1,13.9
1999-09,3.7,-29.8,-15.9,-43.7,-0.5,65.2,34.5,23.2,-7.7,23.0,30.0,-1.2,-13.6,11.5,-19.6,27.4,22.8,10.2,-11.3,25.3,28.0,33.0,25.8,26.4,20.3,5.9,9.7,8.2
1999-10,20.2,-29.5,-15.1,-43.9,-5.7,64.0,35.2,22.1,-0.5,24.5,32.8,1.3,-5.8,10.7,-15.1,29.7,22.3,13.6,-8.8,32.5,31.8,36.7,26.3,28.4,16.6,5.0,10.0,16.3
1999-11,-4.8,-31.0,-6.5,-55.6,-7.5,61.4,25.3,19.5,-0.9,29.5,28.3,2.9,-4.5,11.6,-9.7,30.1,24.2,13.7,-6.1,33.2,33.8,41.1,27.2,32.7,19.0,4.6,9.3,14.8
1999-12,1.2,-32.9,-12.9,-53.0,-0.4,60.8,24.6,20.3,1.4,32.8,24.5,3.6,-4.2,12.6,-7.8,31.2,25.2,14.6,-3.3,31.9,33.8,42.1,27.3,32.4,19.9,4.9,9.5,24.1
2000-01,4.7,-38.8,-30.9,-46.8,-24.4,66.2,34.7,24.9,1.6,31.0,26.2,3.1,-13.3,13.5,-7.6,30.5,26.7,15.5,-0.6,37.6,41.5,55.2,31.7,43.0,35.3,6.8,12.5,18.3
2000-02,0.9,-25.7,-2.9,-48.6,2.8,59.3,30.8,22.7,0.2,24.1,21.9,4.2,-15.2,8.5,-10.4,31.5,14.6,14.9,2.1,38.2,39.1,47.3,31.8,42.1,33.6,5.3,9.8,21.9
2000-03,10.2,-6.3,18.9,-31.5,9.8,62.8,37.6,26.8,0.1,29.6,19.9,7.8,-16.5,7.3,-4.2,34.8,21.3,14.7,7.0,40.1,40.5,49.6,31.7,43.5,34.6,6.4,10.1,19.5
2000-04,1.1,-13.3,6.9,-33.6,7.3,66.0,29.1,25.0,3.5,36.1,20.1,7.9,2.8,8.0,-3.1,34.7,32.3,13.2,16.5,38.5,36.9,32.9,39.1,49.4,24.7,6.0,10.5,11.6
2000-05,13.4,-3.3,22.3,-29.0,17.1,52.5,28.4,19.2,4.6,23.2,23.3,6.8,2.8,10.7,0.2,30.9,32.2,14.9,16.6,37.0,37.2,36.1,38.6,53.2,24.2,5.2,10.4,20.5
2000-06,11.2,-3.9,24.5,-32.3,15.4,50.5,28.2,18.1,7.1,23.8,24.3,7.4,1.6,6.8,-2.1,31.2,23.3,15.3,18.8,36.5,38.8,39.8,40.0,54.4,24.6,5.5,7.6,20.0
2000-07,14.3,10.6,39.2,-18.1,15.5,62.8,31.7,21.3,5.8,34.1,30.6,11.1,0.6,10.6,11.2,32.8,29.8,13.3,18.2,34.1,38.8,43.1,39.1,59.3,26.4,4.6,7.5,15.0
2000-08,24.0,14.4,46.0,-17.2,10.1,55.9,24.6,17.7,2.8,25.9,27.5,11.9,3.4,4.8,10.8,29.7,27.0,9.8,29.9,36.3,39.1,42.3,38.9,62.1,30.0,6.2,7.9,14.0
2000-09,24.7,11.7,38.1,-14.7,17.6,61.2,23.5,17.2,-2.3,28.5,33.0,7.6,1.2,9.2,1.3,30.8,18.7,13.4,24.7,37.3,39.0,40.1,39.7,62.5,28.8,3.9,7.7,20.0
2000-10,28.3,16.6,43.0,-9.8,18.3,66.9,26.9,22.7,-6.4,31.7,25.8,9.6,3.3,9.8,9.1,29.4,21.7,7.1,23.2,39.0,44.0,54.8,38.3,55.4,21.5,4.8,7.1,12.5
2000-11,25.3,6.1,24.7,-12.5,16.9,61.4,-3.3,8.6,-11.8,20.1,32.3,9.6,-2.6,4.8,7.0,26.4,18.9,9.9,17.2,39.7,45.1,59.7,35.9,59.8,24.0,3.1,4.3,16.5
2000-12,37.4,9.2,25.3,-6.8,16.0,61.8,-8.4,6.0,-14.6,7.7,35.5,4.1,-1.1,12.7,2.7,22.3,20.1,7.2,8.5,38.4,44.4,60.7,34.1,59.5,24.9,1.2,-2.1,15.1
2001-01,29.5,18.2,28.1,8.4,27.7,53.1,-12.7,1.7,-19.4,1.1,35.2,-4.9,-13.6,17.7,-13.5,16.5,11.4,6.5,-18.7,18.8,35.9,37.0,51.9,56.0,48.8,-0.3,-5.6,13.0
2001-02,39.7,1.3,11.2,-8.5,12.4,36.2,4.0,1.7,-20.8,-6.7,34.9,-9.0,-12.8,22.2,-18.6,13.8,10.7,6.1,-19.1,17.9,41.8,63.1,44.3,52.0,44.5,-1.6,-10.6,7.1
2001-03,24.1,7.7,20.9,-5.5,12.0,29.6,-8.8,-3.7,-8.9,-0.3,31.9,-11.3,-16.9,22.7,-20.4,9.3,0.8,3.5,-13.6,19.3,36.7,54.1,36.7,38.0,31.5,-2.0,-11.3,13.7
2001-04,37.9,-3.9,15.8,-23.5,6.4,24.8,-17.0,-9.8,-29.6,-14.0,37.1,-13.9,-20.5,26.7,-24.7,9.6,-4.9,-2.0,-27.0,-16.1,16.2,41.0,23.5,18.5,37.9,-4.0,-18.1,16.7
2001-05,33.4,1.1,1.3,0.9,-3.6,34.2,-1.9,-2.6,-18.4,-16.1,40.3,-16.9,-26.7,31.5,-29.0,9.7,-8.7,-0.6,-28.0,-38.2,-0.3,19.2,18.0,2.5,13.9,-3.8,-17.5,13.7
2001-06,9.2,8.0,8.5,7.6,1.7,31.3,-4.6,-5.8,-18.8,-16.8,44.3,-18.4,-28.5,28.2,-33.3,6.4,-18.9,-1.2,-26.9,-34.1,-7.6,0.6,10.6,-22.3,4.8,-1.8,-14.2,27.3
2001-07,-0.6,8.9,9.1,8.7,16.1,41.6,7.3,4.4,-19.1,-13.7,35.6,-17.2,-20.5,30.5,-29.8,8.7,-9.1,0.1,-23.6,-34.9,-3.3,19.1,6.0,8.3,-6.1,-3.9,-15.1,22.6
2001-08,6.1,5.8,-2.0,13.7,-21.1,25.7,-0.9,-2.9,-25.8,-16.6,33.5,-15.3,-22.6,26.3,-29.2,9.7,-4.2,-2.6,-20.4,-30.7,-7.8,3.5,4.0,-13.3,-22.0,-3.5,-19.1,15.9
2001-09,13.7,-7.3,-6.9,-7.7,-2.3,26.0,-13.6,-7.2,-22.7,-30.8,34.1,-14.0,-22.3,24.3,-25.4,7.7,-2.5,-2.4,-13.5,-38.2,-8.3,16.5,-3.4,-8.9,-23.7,-5.9,-25.6,20.1
2001-10,0.5,-16.9,-22.9,-10.8,-3.6,24.6,8.9,0.9,-26.4,-31.0,30.8,-17.0,-27.1,27.7,-30.6,7.4,-6.4,1.2,-21.3,-46.5,-12.5,18.0,-9.0,-20.2,-10.5,-4.4,-22.1,23.9
2001-11,-10.7,-29.3,-46.2,-12.5,-18.8,27.0,9.4,3.1,-26.9,-15.2,27.3,-16.0,-26.4,25.6,-29.4,7.1,-4.2,-0.9,-26.8,-52.3,-15.0,11.0,-3.7,-32.1,-22.1,-3.0,-16.9,16.1
2001-12,-20.5,-32.8,-38.4,-27.2,-3.8,39.4,24.9,12.3,-24.6,-5.6,27.5,-14.8,-23.3,22.8,-33.8,12.3,4.2,2.5,-37.5,-49.6,-14.3,8.5,-2.0,-23.9,-30.5,-1.9,-11.1,13.7
2002-01,-9.2,-28.8,-36.2,-21.4,-7.3,42.7,17.3,12.9,-21.4,-1.9,21.2,-16.1,-25.8,25.3,-30.4,7.4,11.8,-1.8,-32.1,-55.7,-12.0,1.2,18.5,-4.9,-28.2,1.1,-4.4,30.0
2002-02,-0.7,-23.7,-40.4,-7.0,-7.3,42.6,9.1,10.6,-12.9,-2.3,19.9,-15.2,-24.1,30.2,-27.3,12.0,5.9,2.0,-31.2,-43.1,-8.9,17.9,-1.5,-4.0,-19.4,4.4,2.5,30.8
2002-03,-5.8,-14.6,-21.5,-7.6,-9.2,50.0,24.6,16.6,-17.0,2.9,24.8,-12.5,-19.3,25.4,-26.8,14.7,9.5,-1.5,-27.1,-43.1,-10.1,17.3,-4.5,-10.1,-20.9,6.0,6.9,35.2
2002-04,-10.8,-15.4,-8.7,-22.2,-5.8,48.1,29.7,18.6,-15.6,7.7,22.1,-11.8,-19.7,23.9,-27.5,16.1,5.2,4.4,-19.1,-24.0,-0.7,21.8,0.0,-1.7,-8.1,3.9,1.8,37.1
2002-05,-10.3,-23.5,-6.0,-41.0,-27.0,51.4,27.9,18.7,-13.4,5.3,23.3,-11.6,-21.0,19.6,-29.7,14.7,13.7,0.8,-13.2,-31.7,-7.8,12.0,-3.6,-8.6,-7.6,3.2,-0.6,35.7
2002-06,-27.1,-38.4,-31.6,-45.3,-16.8,54.5,32.8,22.0,-10.8,17.1,21.3,-3.1,-12.5,10.4,-19.7,20.8,17.6,4.1,-12.8,-28.2,-8.5,5.9,-3.3,-18.4,-18.2,3.7,3.4,30.3
2002-07,-22.5,-40.3,-24.8,-55.8,-0.9,49.3,36.7,21.5,-6.1,22.6,21.6,-6.5,-13.0,25.5,-12.2,18.3,22.8,1.9,-4.5,-38.9,-12.0,3.6,-0.8,-19.6,-18.2,5.4,1.6,21.9
2002-08,-16.7,-31.1,-23.6,-38.5,-15.2,48.4,38.1,20.0,-7.7,18.6,26.5,-6.7,-16.5,21.1,-19.1,19.9,8.3,1.1,-8.4,-27.7,-8.1,5.9,-2.6,-14.8,-19.5,3.8,0.8,24.5
2002-09,-38.3,-47.5,-39.7,-55.3,-22.4,43.4,32.8,17.7,-9.7,17.7,23.1,-3.7,-15.1,11.6,-16.8,17.4,7.4,1.2,-11.1,-28.6,-7.1,14.5,-7.2,-15.3,-21.7,2.9,-1.2,32.5
2002-10,-31.1,-49.4,-47.3,-51.6,-12.9,48.7,32.4,19.1,-9.4,13.4,23.8,-7.7,-18.7,22.7,-16.6,16.3,3.2,-0.6,-14.8,-44.5,-16.7,3.3,-8.9,-15.7,-25.5,1.2,-5.5,32.7
2002-11,-13.3,-39.7,-29.8,-49.6,-12.2,50.2,38.5,21.5,-6.0,21.2,24.3,-10.9,-16.1,24.5,-24.0,15.9,14.9,-0.3,-15.9,-43.8,-14.7,5.3,-5.7,-14.0,-23.1,2.1,-1.3,33.1
2002-12,-12.2,-46.7,-36.1,-57.3,-21.9,47.6,41.0,21.4,-10.7,22.4,24.4,-6.7,-19.2,8.9,-24.9,13.9,17.1,-1.9,-21.7,-46.1,-14.5,6.3,-3.9,-15.3,-22.1,0.0,-4.3,37.2
2003-01,-10.4,-42.2,-39.8,-44.7,-23.2,38.9,40.2,18.3,-13.4,12.5,24.2,-7.8,-21.4,18.3,-16.9,11.8,19.3,-0.9,-19.3,-55.2,-22.4,-4.9,-7.1,-17.8,-28.1,-0.9,-8.5,39.6
2003-02,-17.2,-29.0,-26.8,-31.3,-7.4,35.5,25.7,12.1,-13.9,9.1,24.9,-2.9,-19.5,19.4,-12.6,23.2,14.0,8.8,0.5,-47.6,-11.5,19.0,-5.9,-15.9,-25.9,-0.4,-10.3,37.9
2003-03,-14.5,-31.1,-36.9,-25.4,-12.1,21.9,20.8,4.6,-16.0,2.6,28.8,-3.4,-21.7,14.2,-15.8,19.7,13.6,5.3,-5.6,-55.6,-19.3,8.3,-10.5,-17.7,-19.9,-3.2,-13.0,40.1
2003-04,-20.5,-47.4,-56.5,-38.4,-19.7,24.7,17.0,4.2,-23.7,-2.2,29.1,-6.9,-16.8,23.2,-19.1,21.4,4.0,5.8,-7.2,-18.0,-7.2,4.3,-7.7,-26.8,-34.1,-2.8,-15.8,40.2
2003-05,-27.4,-45.3,-33.9,-56.7,-15.3,15.3,11.8,-2.4,-26.4,-5.0,34.3,-7.2,-28.6,21.3,-20.0,19.6,18.5,4.6,-17.1,-1.7,-0.6,8.0,-8.1,-22.8,-31.6,-2.3,-13.1,35.5
2003-06,-14.6,-52.8,-64.9,-40.6,-13.3,17.8,-0.2,-4.9,-27.8,-9.8,32.3,-15.1,-28.6,30.5,-29.2,14.4,8.2,-4.0,-20.0,-0.2,1.8,12.5,-6.9,-16.5,-24.2,0.1,-9.9,29.6
2003-07,-34.5,-67.2,-66.0,-68.4,-21.6,18.0,4.4,-3.7,-30.0,-7.7,33.6,-16.2,-38.0,27.1,-33.7,12.4,1.1,-2.2,-24.1,0.0,0.1,4.5,-4.3,-27.5,-40.2,1.1,-4.7,34.2
2003-08,-18.3,-57.6,-60.1,-55.1,-11.4,31.6,15.3,4.8,-29.7,2.9,32.5,-10.6,-37.6,22.1,-29.0,19.3,7.8,-2.2,-20.2,-1.7,3.2,16.2,-5.0,-10.7,-33.6,2.2,-5.7,34.9
2003-09,-26.0,-57.2,-46.4,-68.0,-24.9,45.1,21.3,10.8,-24.7,7.9,34.1,-10.3,-32.2,24.6,-25.8,19.4,6.9,4.8,-20.8,0.4,2.0,12.0,-6.4,-16.1,-32.8,4.0,-1.5,33.4
2003-10,-21.3,-59.3,-50.8,-67.7,-11.3,33.9,17.5,7.2,-28.4,5.1,29.9,-9.0,-37.3,26.7,-22.3,21.9,14.1,-0.7,-15.6,4.5,4.4,10.5,-2.0,-12.8,-21.6,1.5,-5.0,23.5
2003-11,-24.6,-59.7,-52.1,-67.4,-16.8,44.2,25.2,13.4,-28.0,5.8,29.3,-10.2,-29.5,25.6,-29.1,24.2,17.2,0.1,-18.1,3.2,3.5,7.9,-0.7,-14.0,-23.1,-0.8,-11.1,33.8
2003-12,-19.3,-62.1,-57.5,-66.7,-18.6,28.6,13.7,4.0,-29.7,-1.8,30.4,-6.2,-32.2,18.3,-24.3,24.0,15.0,1.1,-21.0,21.9,15.6,20.1,4.7,-9.1,-19.1,-1.4,-8.3,31.8
2004-01,-48.1,-55.4,-47.9,-63.0,-19.2,30.8,4.5,1.0,-33.4,5.8,32.2,-6.9,-36.7,20.0,-27.4,26.6,13.3,6.1,-23.2,10.7,9.9,16.2,2.9,-9.8,-28.1,1.3,-3.6,27.6
2004-02,-43.2,-49.5,-35.9,-63.2,-19.4,42.6,7.6,6.4,-26.9,4.0,30.9,-6.8,-27.1,22.1,-24.7,26.3,17.7,1.9,-11.1,17.4,15.0,20.4,7.1,-9.9,-14.8,3.4,-3.8,27.6
2004-03,-23.1,-42.7,-28.1,-57.3,-22.8,37.4,6.5,5.4,-25.1,3.9,27.8,-7.3,-26.9,25.9,-26.8,30.8,13.3,14.1,-16.4,17.4,15.5,17.3,11.9,-8.8,-20.8,-0.1,-7.2,27.7
2004-04,-16.2,-28.0,1.6,-57.5,-23.6,38.2,26.7,11.9,-28.7,10.5,29.1,-4.2,-27.2,18.3,-24.2,29.8,21.3,8.2,-6.5,24.1,18.5,18.7,12.8,-7.0,-14.1,0.3,-6.3,19.1
2004-05,-26.3,-21.7,-6.8,-36.6,-21.4,43.0,20.8,12.5,-22.4,15.4,26.3,-1.8,-21.1,16.1,-22.8,33.4,16.8,17.7,-4.6,18.2,20.4,23.9,19.2,-11.9,-11.6,-0.5,-10.7,30.1
2004-06,-16.9,-18.0,-3.4,-32.6,-17.6,42.1,20.2,10.7,-24.8,9.0,30.3,-2.0,-22.3,18.5,-17.9,30.4,20.6,16.8,2.1,27.8,23.6,20.1,22.9,-2.6,-17.2,0.5,-7.2,27.4
2004-07,-24.1,-5.9,2.8,-14.6,-4.1,36.8,19.2,6.8,-27.9,9.7,35.6,1.5,-26.6,13.3,-15.2,33.0,24.6,13.0,5.7,27.2,24.6,25.4,21.0,-7.1,-6.0,1.1,-8.0,23.6
2004-08,8.4,-13.3,-0.1,-26.4,-5.4,51.8,32.2,17.5,-26.7,20.1,31.5,2.6,-15.8,6.9,-14.6,29.3,28.0,18.5,-0.5,19.4,24.2,30.6,22.6,-5.6,-11.6,2.6,-3.1,22.3
2004-09,23.5,-7.0,4.0,-17.9,7.3,41.8,20.0,11.6,-26.7,19.1,27.1,6.3,-16.1,5.6,-9.1,33.8,20.2,12.6,10.6,24.4,24.9,26.7,23.6,-10.0,-12.8,2.4,-5.2,28.4
2004-10,7.2,-9.1,-5.8,-12.4,5.0,52.3,23.2,14.6,-24.4,10.5,31.9,-1.2,-16.9,11.8,-19.4,27.6,15.8,12.7,-2.1,37.0,31.8,29.6,28.9,7.2,-4.7,1.4,-4.4,24.1
2004-11,12.5,-2.2,12.0,-16.4,9.3,44.7,22.7,11.7,-29.0,7.3,32.2,2.7,-16.4,10.6,-9.8,28.6,19.6,14.6,-1.3,31.2,24.3,16.4,25.3,-4.9,-13.1,1.0,-3.6,20.8
2004-12,9.9,4.9,17.6,-7.7,8.8,50.7,12.3,10.5,-27.7,11.0,31.4,-0.5,-19.8,15.2,-14.4,28.1,18.2,8.7,-9.9,18.9,23.5,27.0,24.5,1.1,-7.1,2.6,-3.0,10.3
2005-01,14.5,6.1,9.9,2.4,3.0,28.4,17.3,5.8,-34.0,6.0,28.3,-0.4,-24.4,12.1,-15.6,26.4,21.1,11.3,-9.3,31.6,31.7,32.5,30.9,11.8,-0.4,2.0,-4.9,16.0
2005-02,10.0,-0.9,0.9,-2.8,5.3,42.2,26.2,13.5,-34.3,13.5,28.1,-2.3,-25.3,13.7,-16.4,23.3,15.4,12.8,-10.6,32.6,29.8,23.5,33.3,5.9,0.6,1.6,-4.1,16.7
2005-03,11.7,-2.9,-0.7,-5.2,-0.3,36.8,16.8,7.7,-28.9,6.2,30.5,-6.8,-24.8,18.3,-21.0,18.8,9.3,2.5,-25.2,29.4,30.1,30.3,30.4,13.5,6.2,1.9,-6.3,-9.2
2005-04,14.2,5.8,14.9,-3.3,9.9,37.9,7.5,4.8,-32.8,3.4,31.1,-11.0,-27.0,23.7,-28.2,19.0,8.2,4.1,-17.7,30.3,32.8,35.1,32.9,10.6,13.5,-1.0,-11.0,11.9
2005-05,17.9,5.6,18.7,-7.5,15.3,35.1,2.3,2.2,-34.5,4.3,30.7,-8.9,-22.9,18.0,-28.1,19.6,7.7,0.8,-28.2,31.5,25.8,17.4,28.6,7.7,4.1,-0.4,-13.9,9.6
2005-06,32.0,13.1,33.0,-6.9,15.9,36.7,19.3,8.5,-31.2,-1.3,30.6,-8.3,-33.1,18.3,-25.6,19.1,2.9,0.9,-22.7,33.9,31.9,28.2,33.6,19.5,14.9,0.2,-12.2,13.0
2005-07,43.6,26.0,42.7,9.4,5.8,37.0,13.7,7.3,-31.0,3.6,28.8,-11.5,-34.3,19.3,-30.9,15.6,3.6,-2.0,-15.1,39.1,32.1,21.4,35.7,6.0,13.8,0.5,-12.8,15.0
2005-08,46.2,5.3,4.7,5.8,23.3,45.6,23.3,15.1,-25.0,8.0,23.7,-4.0,-24.2,12.2,-23.3,23.5,3.8,-3.0,-11.2,28.4,26.4,22.3,28.6,10.7,7.8,2.0,-10.0,20.2
2005-09,46.0,16.7,25.8,7.5,15.0,45.9,32.1,17.6,-21.2,12.2,25.3,-6.1,-28.8,17.1,-20.8,19.7,15.5,4.9,-9.6,28.2,33.3,35.4,36.1,19.1,10.2,1.0,-7.8,15.3
2005-10,48.8,6.7,8.2,5.1,25.7,51.8,32.7,19.5,-21.2,20.4,26.0,-3.9,-23.8,22.4,-17.6,28.3,21.3,1.4,-8.0,39.5,34.8,31.4,33.5,12.7,12.1,1.5,-8.5,16.9
2005-11,40.0,8.1,18.2,-2.0,31.0,51.7,39.3,21.2,-20.4,14.6,27.4,-7.3,-24.2,28.1,-16.9,23.2,16.4,1.7,-8.3,44.3,40.0,35.4,40.3,16.6,16.1,2.2,-4.8,22.2
2005-12,38.5,11.4,16.9,5.9,23.4,51.5,42.9,21.6,-16.2,21.7,29.4,-1.6,-25.7,17.9,-15.2,28.5,22.5,8.5,-5.0,41.9,34.4,27.9,33.3,16.7,13.5,2.7,-3.1,26.5
2006-01,53.1,25.8,38.7,12.8,38.2,59.5,47.7,27.6,-18.8,28.1,24.5,1.6,-21.4,12.1,-7.2,23.9,25.4,6.8,-3.0,43.8,35.5,26.8,35.9,12.9,16.5,5.6,1.5,16.3
2006-02,52.6,25.0,40.6,9.4,42.9,62.7,45.2,29.0,-10.2,28.8,21.0,-0.2,-19.5,15.7,-13.2,28.2,30.5,3.8,0.7,47.2,41.7,35.0,42.9,21.7,21.9,3.8,-1.8,20.9
2006-03,40.7,17.4,34.7,0.1,57.7,64.1,47.9,28.0,-10.9,21.0,28.0,0.2,-16.7,15.5,-6.7,22.7,27.3,7.3,-3.9,42.7,35.4,30.4,33.2,21.4,19.2,3.7,-1.8,22.6
2006-04,37.8,30.0,42.4,17.6,47.3,64.2,50.4,29.2,-9.1,30.0,27.0,1.6,-22.8,12.7,-4.4,21.8,30.2,5.7,5.8,43.9,38.7,32.4,39.9,19.0,16.1,2.8,-2.0,26.5
2006-05,51.6,27.9,41.2,14.6,39.3,63.0,55.0,30.1,-12.2,26.0,27.7,-0.3,-18.0,14.9,-8.3,22.1,23.6,10.7,3.0,40.1,36.8,28.2,42.2,15.7,13.1,4.7,-1.8,27.8
2006-06,50.5,18.4,34.5,2.3,39.9,60.0,57.6,30.8,-10.4,26.9,25.1,4.0,-13.6,7.3,-7.9,27.1,30.7,12.7,3.6,31.6,32.0,28.6,35.9,7.2,6.2,3.3,-4.5,28.3
2006-07,41.7,17.6,23.0,12.3,34.7,66.8,62.5,35.9,-5.3,46.1,21.8,3.2,-11.1,17.5,2.8,24.3,33.1,4.8,18.6,25.2,30.1,26.3,38.8,15.8,19.7,2.4,-6.0,26.7
2006-08,30.8,18.9,26.4,11.4,24.5,43.4,51.4,22.1,-4.9,17.9,28.4,4.5,-16.3,2.7,-4.2,20.2,28.5,11.3,12.8,33.0,38.2,40.1,41.6,15.4,18.1,3.4,-6.1,28.8
2006-09,34.2,11.3,17.5,5.1,21.7,58.1,52.4,29.8,-4.3,26.3,21.0,6.3,-19.0,5.9,5.1,19.9,27.4,7.9,19.0,31.8,34.6,33.3,38.6,12.5,16.7,3.8,0.7,23.3
2006-10,33.1,22.2,28.6,15.7,22.5,57.0,57.5,31.7,-9.9,33.4,19.4,5.2,-14.9,3.4,-2.4,21.4,31.3,9.5,5.8,42.9,39.8,34.2,42.3,28.4,23.6,4.8,1.8,24.6
2006-11,38.5,20.7,11.9,29.5,36.5,58.5,52.6,31.2,-9.5,26.6,17.4,7.5,-15.7,7.9,4.0,26.3,12.8,12.3,3.0,43.9,40.1,33.3,42.9,18.5,20.1,2.9,-4.7,33.8
2006-12,27.1,21.5,23.3,19.7,35.8,61.8,48.3,31.3,-14.6,24.0,16.3,3.5,-12.5,13.3,0.3,23.5,31.3,11.1,2.4,42.1,40.8,38.2,42.0,23.9,20.5,3.4,-0.9,36.0
2007-01,40.5,25.3,38.0,12.7,33.6,53.4,50.0,28.9,-8.5,25.3,16.6,4.5,-1.4,13.6,6.2,20.8,26.1,6.4,13.6,52.6,44.3,34.8,45.4,21.1,18.6,2.3,-2.8,31.4
2007-02,29.6,39.5,44.7,34.4,39.3,55.7,45.5,27.5,-7.5,29.9,18.8,4.3,-1.8,4.4,-5.5,22.7,21.1,8.9,4.5,41.2,39.4,35.9,40.9,30.2,27.0,5.0,2.1,31.1
2007-03,26.6,38.0,33.3,42.6,31.1,58.6,45.5,29.9,-2.4,29.7,14.3,4.4,-8.0,11.2,2.4,22.1,25.9,8.5,4.6,38.7,37.8,34.2,40.6,20.2,19.5,2.4,-4.9,35.0
2007-04,38.8,51.0,63.8,38.2,26.9,64.7,60.1,35.8,-2.2,36.9,17.4,8.5,-5.2,2.9,-2.5,30.8,36.2,7.0,0.6,34.6,37.6,39.9,38.2,28.0,21.1,6.6,1.3,33.7
2007-05,32.7,49.4,53.1,45.8,26.3,60.1,49.7,30.3,-0.1,32.2,18.9,6.5,-1.4,2.2,-0.8,22.5,22.4,8.7,11.4,46.0,42.1,38.5,41.7,32.3,16.4,3.9,-0.3,35.9
2007-06,28.4,48.7,60.4,37.0,27.0,48.9,37.0,21.4,-3.8,25.3,21.6,9.3,2.9,-3.1,1.9,22.8,26.0,14.5,9.2,39.6,39.8,40.0,39.7,22.2,16.5,4.0,-3.2,39.1
2007-07,34.0,46.7,57.0,36.5,27.9,55.4,45.7,26.4,-3.0,30.2,21.9,6.9,-0.5,5.8,3.1,23.2,21.5,4.5,16.7,42.7,42.9,45.2,40.8,29.5,21.4,3.8,-4.9,52.6
2007-08,22.4,46.3,54.1,38.5,32.0,57.0,50.5,30.1,-3.8,31.8,17.3,4.5,0.8,5.3,-4.1,22.9,20.6,14.2,0.6,40.2,41.0,45.6,37.2,27.8,23.5,2.8,-6.2,48.6
2007-09,24.9,37.2,46.0,28.3,30.7,54.2,43.9,26.0,-1.0,28.0,20.1,2.2,0.0,11.9,-3.2,21.7,23.0,17.6,-11.6,39.3,39.8,40.6,39.4,30.2,24.1,2.0,-8.7,51.6
2007-10,26.0,39.9,55.8,23.9,22.4,50.3,46.0,24.8,0.4,31.5,21.7,3.7,1.9,14.2,1.6,23.8,28.8,14.1,6.6,44.4,42.2,44.6,37.5,26.7,19.6,3.2,-4.4,53.2
2007-11,26.8,36.2,35.1,37.3,15.8,57.5,38.1,23.9,2.1,27.8,23.9,2.0,0.5,11.5,-5.4,22.8,27.0,15.5,-1.9,41.5,36.3,36.6,30.9,21.1,22.6,1.1,-8.0,48.2
2007-12,13.2,28.5,30.1,26.9,2.1,47.1,34.8,17.6,-1.9,13.4,29.1,4.0,-5.7,13.4,1.5,23.8,16.5,15.2,-9.8,44.3,35.5,28.8,33.4,25.4,17.8,0.8,-10.4,51.8
2008-01,26.1,18.9,25.0,12.7,-0.4,52.3,25.2,15.5,-7.7,19.8,30.9,-0.7,-6.8,14.6,-9.8,22.4,21.3,13.8,-1.9,41.1,31.9,31.9,22.8,18.1,19.4,-0.9,-15.8,47.6
2008-02,9.9,22.9,14.2,31.6,-5.3,38.1,14.1,8.2,-11.6,10.7,27.5,-2.2,-7.0,15.3,-8.6,17.3,16.3,17.7,-14.6,29.3,25.2,21.3,24.9,14.6,21.0,-3.5,-21.3,49.6
2008-03,5.3,21.8,14.0,29.5,2.2,47.2,13.4,9.5,-2.5,13.8,32.0,-1.8,-9.2,11.1,-10.6,16.2,14.4,16.5,-11.9,31.9,27.5,27.4,23.1,22.5,7.7,-1.7,-16.4,43.9
2008-04,13.0,15.6,9.5,21.7,-4.4,49.7,8.2,9.6,-5.9,16.4,29.0,-0.9,-8.9,10.8,-6.9,14.9,13.9,14.9,-11.8,28.3,28.6,35.5,22.1,18.3,19.8,-3.3,-18.3,43.9
2008-05,20.1,15.9,5.9,25.9,-3.2,31.9,0.9,0.9,-14.4,-0.3,30.2,-1.8,-9.8,10.4,-2.5,7.4,16.8,10.4,-7.6,21.7,17.7,14.2,17.3,15.7,12.4,-4.6,-20.8,45.7
2008-06,7.9,17.3,13.1,21.5,-4.5,34.9,10.9,4.5,-15.2,-1.3,32.2,-8.3,-16.3,18.6,-9.4,3.0,21.2,15.6,-5.7,25.6,22.2,23.5,17.4,10.4,11.3,-8.0,-29.1,49.0
2008-07,9.0,31.4,17.7,45.1,-0.4,25.5,13.2,1.7,-22.3,4.4,33.4,-10.6,-20.5,18.7,-15.9,2.7,15.3,18.9,-25.7,18.2,16.5,19.4,11.9,-0.9,3.6,-10.5,-32.4,44.7
2008-08,6.7,14.0,4.8,23.1,-33.8,23.6,-16.1,-9.0,-21.5,-17.0,34.6,-12.1,-19.6,17.7,-17.4,-1.3,12.0,7.0,-10.2,13.2,9.2,5.6,8.7,-4.4,3.3,-8.2,-30.6,29.6
2008-09,-16.4,14.0,-2.9,30.9,-41.5,25.6,-13.4,-7.8,-20.9,-10.8,35.7,-12.7,-25.6,21.1,-19.9,2.7,4.0,10.0,-9.9,6.6,8.4,13.5,5.1,0.7,10.5,-6.8,-27.4,24.5
2008-10,-12.5,2.9,-25.9,31.7,-56.2,5.6,-9.4,-13.2,-17.1,-22.0,35.7,-18.5,-31.1,24.2,-29.5,-1.9,-7.9,6.4,-19.6,6.4,2.1,-0.4,0.3,-7.9,1.3,-8.9,-22.5,20.6
2008-11,-28.9,-25.2,-33.0,-17.4,-63.7,-9.3,-49.0,-34.2,-43.2,-38.9,44.3,-23.7,-36.4,30.8,-33.9,-6.3,-23.1,-1.5,-37.9,-16.1,-15.7,-8.5,-22.5,-21.0,-3.2,-7.6,-17.2,10.1
2008-12,-34.1,-26.7,-41.7,-11.7,-64.1,-34.3,-46.5,-39.2,-54.7,-47.9,36.7,-29.2,-44.4,33.4,-39.8,-14.4,-23.6,-4.2,-45.9,-20.8,-20.4,-18.9,-21.6,-33.0,-15.7,-7.6,-20.2,-1.4
2009-01,-35.4,-33.5,-54.1,-12.9,-67.0,-39.0,-50.3,-39.2,-39.2,-50.4,28.1,-29.8,-45.7,40.6,-46.7,-2.2,-25.6,-2.9,-53.3,-17.9,-18.2,-16.2,-20.5,-29.3,-23.9,-5.2,-17.6,-6.3
2009-02,-37.0,-34.8,-51.4,-18.2,-72.4,-14.7,-23.6,-23.4,-30.0,-30.8,31.9,-31.0,-55.0,34.7,-56.7,-1.6,-28.5,-7.7,-70.5,-22.2,-21.6,-17.0,-25.5,-35.4,-31.2,-3.5,-7.9,2.0
2009-03,-32.2,-34.3,-38.0,-30.7,-55.4,-4.4,-50.0,-27.8,-24.7,-31.7,29.0,-38.8,-60.9,33.2,-58.0,-25.2,-27.6,-6.1,-54.4,-26.8,-21.4,-11.5,-25.8,-30.9,-29.8,-4.9,-10.9,16.1
2009-04,-54.9,-49.1,-53.1,-45.0,-63.1,-18.6,-43.3,-27.2,-39.0,-41.1,19.7,-34.5,-54.6,37.5,-53.6,-12.4,-37.7,-4.5,-49.4,-21.9,-21.5,-20.2,-22.3,-30.9,-35.4,-6.9,-21.0,8.6
2009-05,-44.9,-39.6,-42.1,-37.1,-46.8,0.4,0.5,-5.8,-30.5,-24.1,18.3,-29.2,-56.6,32.3,-55.2,-0.2,-18.7,-4.2,-55.8,-22.4,-16.0,-4.8,-20.8,-28.4,-40.2,-0.9,-2.5,11.2
2009-06,-40.9,-37.9,-32.4,-43.4,-52.2,17.9,11.6,1.0,-20.5,-0.6,26.4,-28.5,-50.3,26.6,-62.7,3.8,-10.9,-12.6,-52.2,-20.4,-13.1,1.1,-20.0,-23.2,-40.5,0.3,-0.4,18.0
2009-07,-16.3,-48.6,-38.4,-58.7,-46.3,21.8,-5.4,-2.3,-40.0,-5.9,23.5,-18.3,-38.0,15.0,-56.2,16.1,-3.9,-0.2,-54.8,-10.0,-5.0,7.4,-12.3,-24.7,-36.5,1.7,3.9,10.3
2009-08,-14.1,-41.7,-27.3,-56.0,-40.5,38.2,50.8,25.0,-4.5,19.6,14.1,-17.3,-31.9,17.4,-52.9,18.4,6.9,-5.4,-58.0,1.1,-1.7,4.6,-10.7,-23.4,-28.4,4.9,13.6,15.4
2009-09,-19.7,-45.9,-35.1,-56.6,-23.5,43.8,48.4,26.0,-6.2,23.9,14.3,-17.1,-36.5,21.8,-49.3,19.7,8.6,-1.7,-41.3,6.5,3.5,9.6,-5.4,-18.3,-30.3,5.8,13.6,19.1
2009-10,-33.5,-43.8,-27.5,-60.2,-28.1,47.8,39.8,25.3,-9.0,20.1,11.7,-12.3,-28.7,25.1,-37.8,26.0,21.4,1.3,-34.4,9.9,10.1,15.8,4.7,-16.9,-31.7,6.6,17.5,21.7
2009-11,-19.7,-43.2,-22.9,-63.5,-14.3,56.9,48.8,31.0,6.4,29.4,12.7,-10.6,-22.8,21.5,-40.7,30.4,11.9,-1.4,-60.3,12.1,12.2,19.0,5.6,-14.9,-31.7,6.8,22.0,26.9
2009-12,-13.2,-42.3,-19.9,-64.8,-19.9,48.1,58.2,29.9,8.4,40.1,16.6,-5.9,-22.4,17.2,-33.3,32.9,26.6,0.3,-42.2,20.8,21.4,31.7,11.6,-7.8,-25.3,5.6,18.3,26.7
2010-01,-7.7,-33.9,-4.1,-63.7,-21.5,84.5,61.3,45.4,9.2,58.5,9.8,-6.8,-11.8,16.9,-41.2,37.5,25.6,4.0,-41.9,24.6,23.4,29.2,16.3,-11.1,-26.2,4.3,15.3,26.6
2010-02,-26.7,-41.5,-7.3,-75.8,-26.9,61.9,45.4,33.5,25.4,46.8,6.9,0.8,-14.2,4.3,-27.6,34.3,29.8,7.4,-24.3,22.4,24.5,31.2,19.9,-5.2,-19.8,6.7,20.5,28.8
2010-03,-27.9,-22.6,23.8,-69.0,18.7,70.9,25.2,27.4,9.8,55.5,13.8,1.5,-10.8,4.4,-24.4,33.1,28.5,5.1,-19.5,25.7,26.2,33.2,19.8,2.3,-16.7,6.3,18.3,29.7
2010-04,-20.4,2.4,48.2,-43.4,27.9,76.0,37.4,34.5,9.5,57.2,9.9,-2.8,-7.2,20.4,-23.8,35.6,36.7,8.9,-17.0,20.5,28.2,38.0,26.0,12.1,-8.4,7.2,20.5,31.1
2010-05,24.9,-3.0,38.2,-44.2,19.1,54.1,50.8,31.4,10.9,39.6,10.7,3.7,11.8,3.1,-18.8,32.9,46.7,14.1,-7.1,34.9,38.3,45.2,34.8,18.5,-0.3,5.8,13.8,32.0
2010-06,29.7,-1.1,29.1,-31.3,23.8,47.2,28.4,23.0,7.0,33.1,6.5,10.1,16.6,-4.9,-11.5,36.9,47.8,20.8,-9.7,35.5,35.3,39.4,31.1,21.3,4.3,7.1,17.5,33.3
2010-07,44.0,-1.7,33.3,-36.6,27.3,52.1,39.3,26.6,11.9,35.0,11.7,4.6,12.6,2.4,-16.2,32.4,53.3,9.4,-9.9,41.3,44.3,50.5,41.1,29.1,9.8,6.4,16.7,35.0
2010-08,32.9,0.0,40.2,-40.3,24.7,40.7,26.4,16.5,7.0,32.2,17.5,7.5,14.0,2.2,-16.7,41.5,39.9,16.1,-13.3,33.2,36.8,43.2,34.0,23.7,6.3,6.9,15.3,32.1
2010-09,53.2,11.6,45.6,-22.3,40.3,45.3,37.2,23.4,14.3,34.0,12.3,14.1,24.2,-3.4,-5.0,43.8,44.0,10.8,-10.1,32.4,38.4,43.8,38.8,25.7,19.4,8.2,18.1,32.8
2010-10,43.4,5.8,44.7,-33.0,37.5,50.3,48.7,28.6,8.0,32.5,13.3,6.0,15.5,9.1,-11.4,38.6,46.3,11.2,-9.9,41.4,40.1,40.1,38.7,14.9,11.6,6.1,13.9,38.2
2010-11,50.5,10.3,46.2,-25.6,41.0,52.6,45.3,27.7,15.3,37.2,14.7,7.8,11.5,9.5,-10.3,43.3,50.4,17.4,-15.1,47.1,47.5,52.0,43.2,31.0,15.7,6.1,15.9,44.1
2010-12,53.9,12.8,48.5,-22.9,42.6,55.2,41.1,24.7,16.4,37.8,22.2,3.1,9.8,14.6,-14.0,37.8,51.6,18.1,-18.7,47.6,43.6,42.5,40.7,24.8,18.0,5.4,12.7,40.8
2011-01,46.4,9.8,42.1,-22.5,44.3,53.2,35.4,20.6,13.5,36.7,26.7,9.1,17.1,7.9,-7.1,42.3,45.2,11.1,-5.8,46.6,44.1,48.3,37.5,27.1,18.5,6.9,14.0,38.7
2011-02,46.6,17.0,47.6,-13.5,47.7,50.4,26.0,16.6,18.4,24.6,26.6,7.8,19.5,10.5,-3.3,37.3,45.9,11.8,-2.3,47.6,45.6,46.8,42.4,22.9,15.2,6.4,11.4,41.6
2011-03,43.9,14.5,47.7,-18.6,47.6,53.5,23.7,15.8,9.0,17.7,29.7,10.0,16.2,1.2,-5.8,36.9,42.8,21.3,-3.9,41.5,38.9,39.5,35.6,22.8,18.7,4.1,9.8,42.5
2011-04,37.1,15.1,43.5,-13.2,41.3,51.5,19.3,13.8,5.9,22.7,29.5,6.4,12.1,4.1,-4.1,27.3,46.1,13.4,1.9,31.5,35.3,42.2,32.3,23.7,13.7,3.4,7.1,42.6
2011-05,43.4,18.4,46.6,-9.8,42.3,43.4,24.5,12.5,3.7,14.4,30.3,10.4,11.5,-3.5,-8.7,36.4,40.8,10.3,4.0,32.2,34.9,40.9,31.8,22.8,18.3,3.0,5.8,42.6
2011-06,38.8,13.2,43.7,-17.3,27.6,35.9,14.9,5.0,3.2,5.9,35.8,7.7,13.5,1.5,-5.1,29.5,32.3,7.0,11.1,32.1,32.4,33.9,31.2,21.6,17.5,2.9,2.3,44.2
2011-07,33.7,8.0,33.4,-17.4,25.8,39.9,4.1,3.4,4.8,16.2,33.7,0.4,17.8,18.1,-9.6,29.0,24.8,7.6,9.2,32.4,30.3,30.9,27.5,21.9,18.2,1.5,-4.9,37.2
2011-08,34.7,-1.3,19.7,-22.3,13.5,24.0,3.8,-1.2,4.5,5.0,31.4,-0.3,0.3,1.9,-17.0,17.9,23.3,3.5,-16.7,17.5,22.1,27.5,21.3,15.9,16.2,-2.8,-12.1,32.8
2011-09,16.9,0.7,16.9,-15.4,1.4,7.5,-11.1,-13.4,-12.2,-9.4,36.6,-0.4,-1.3,4.4,-16.4,19.7,6.6,5.6,-7.5,13.9,17.0,19.2,18.0,9.9,8.6,-4.2,-16.9,30.4
2011-10,6.3,-0.7,12.8,-14.3,-4.8,-0.2,-17.6,-17.8,-14.0,-16.4,35.6,-6.1,-11.2,18.4,-17.4,17.5,9.8,-2.0,-14.2,15.4,15.3,14.6,16.0,7.4,6.8,-3.8,-17.0,33.2
2011-11,8.5,-8.2,5.5,-21.9,-11.5,10.2,-21.5,-16.3,-6.7,-10.1,37.5,-9.6,-11.4,10.1,-29.8,11.2,15.5,2.6,-36.1,16.9,19.7,24.4,17.7,10.8,6.2,-4.6,-17.7,27.4
2011-12,16.7,-7.1,11.7,-25.8,-13.4,14.3,-23.9,-15.6,-10.3,-8.9,37.4,-11.6,-13.7,17.2,-28.0,10.3,0.2,0.6,-21.7,12.1,12.3,11.8,12.8,2.6,-0.1,-4.3,-16.8,27.8
2012-01,13.3,-5.0,8.5,-18.5,-12.9,18.3,-21.2,-13.9,-7.0,-11.2,38.8,-12.9,-12.0,18.8,-30.9,10.8,-22.1,0.5,-44.3,7.4,9.4,13.5,7.2,0.2,2.1,-1.0,-10.7,26.5
2012-02,6.1,-11.7,4.6,-28.0,-14.2,23.6,-17.0,-9.3,-8.0,-5.7,34.4,-12.5,-9.0,15.2,-32.1,9.8,-5.2,6.0,-40.2,7.0,9.7,14.4,7.6,0.5,-4.1,-2.0,-13.1,28.1
2012-03,-6.2,-3.4,1.7,-8.5,-8.8,32.9,-0.6,2.1,-5.6,2.7,26.0,-2.3,0.7,4.3,-22.3,19.7,1.2,-5.0,-21.3,21.5,17.5,22.5,8.6,9.4,4.9,0.7,-8.1,30.0
2012-04,-5.0,-0.2,16.4,-16.7,-10.0,25.7,13.0,1.0,-1.2,1.5,35.8,-5.9,2.6,0.9,-29.7,13.0,-5.0,-1.9,-39.5,23.0,21.1,27.3,13.0,6.8,5.5,1.4,-4.1,34.4
2012-05,-8.3,-15.2,-0.8,-29.6,-7.2,42.7,-1.3,3.5,-2.6,8.3,30.8,-1.0,2.1,1.4,-23.0,21.4,-1.1,-7.9,-7.5,17.0,16.1,24.3,6.9,9.2,4.9,0.9,-2.8,30.3
2012-06,-17.3,-19.3,-10.8,-27.7,-15.3,33.3,-10.5,-2.4,-9.6,-5.8,30.0,-4.5,-2.5,4.3,-21.3,12.2,11.0,-6.5,-9.9,14.6,14.7,21.7,7.8,3.4,0.6,-0.3,-9.8,29.8
2012-07,-7.8,-20.9,-8.4,-33.5,-15.8,26.4,-7.3,-1.8,-9.9,-4.8,24.4,-4.2,-17.0,3.0,-23.3,13.6,6.9,-8.5,-14.0,5.4,8.8,17.4,3.6,2.7,0.3,1.0,-7.2,28.8
2012-08,-22.3,-21.9,-11.8,-32.0,-22.6,34.2,-4.1,2.2,1.2,-3.9,23.5,-8.2,-13.6,2.3,-28.6,6.2,4.6,-10.6,-15.7,9.8,12.2,21.4,5.2,2.6,-1.5,0.5,-10.7,26.6
2012-09,-20.6,-25.9,-13.1,-38.6,-29.8,30.6,5.5,4.1,-6.4,2.5,23.8,-6.4,-21.9,-0.3,-28.5,9.1,-0.3,-11.5,-15.7,4.4,8.5,18.9,2.1,-1.2,-1.0,-1.3,-11.1,28.3
2012-10,-27.2,-34.2,-25.4,-43.0,-28.1,30.1,-8.4,-0.4,-5.0,0.8,22.9,-14.3,-23.7,2.6,-39.2,-1.2,-8.6,-5.4,-34.9,0.7,6.1,16.3,1.3,3.0,-7.5,-2.5,-14.9,19.3
2012-11,-39.5,-40.4,-28.6,-52.1,-37.0,29.3,-6.7,-2.8,-1.1,3.2,30.9,-17.9,-33.9,22.1,-36.6,4.9,-8.1,-8.3,-36.6,-0.5,0.3,4.2,-2.9,-3.5,-4.8,-1.5,-14.9,11.2
2012-12,-41.5,-38.1,-28.2,-48.1,-31.5,21.5,-9.1,-5.9,-2.7,-1.0,30.2,-16.7,-34.7,11.1,-39.8,0.8,-17.7,-10.5,-38.4,-5.5,0.1,5.1,0.7,-6.3,-7.8,-4.4,-18.2,13.9
2013-01,-23.6,-28.4,-13.2,-43.6,-22.0,28.4,-1.0,2.3,-3.9,2.7,20.6,-17.8,-31.4,23.7,-36.1,6.4,-4.7,-6.3,-36.6,-1.7,4.0,14.2,-0.3,-9.5,-11.2,0.2,-12.6,8.3
2013-02,-20.8,-30.7,-17.0,-44.5,-21.3,33.0,0.6,0.9,-2.8,8.6,30.7,-10.5,-16.1,8.9,-31.2,8.7,-7.9,-5.7,-28.5,4.0,8.0,16.2,3.8,-0.8,-10.1,-0.8,-9.5,7.6
2013-03,-20.7,-29.6,-8.0,-51.3,-10.5,28.3,0.6,1.7,-4.3,8.6,23.9,-9.1,-22.5,10.0,-27.8,10.6,18.8,-6.6,-2.7,12.8,14.5,24.0,6.6,-2.9,-6.9,1.0,-2.5,10.5
2013-04,-19.3,-33.6,-13.8,-53.4,-15.4,31.0,-14.8,-4.0,-9.0,0.0,28.3,-9.7,-19.8,13.6,-27.6,12.1,16.2,-4.1,-3.8,2.0,8.9,22.1,2.6,1.0,-12.3,1.2,-3.6,16.8
2013-05,-14.3,-25.7,-8.5,-42.9,-14.3,33.6,-19.7,-6.5,-3.8,-2.8,33.3,-11.4,-18.0,12.5,-37.0,15.2,10.9,4.5,-32.4,11.8,15.8,27.2,8.4,-0.8,-5.2,-0.1,-6.8,12.6
2013-06,-13.3,-27.9,-11.0,-44.8,-18.0,32.9,-4.7,-0.2,1.2,3.7,28.8,-7.6,-18.2,8.8,-29.4,15.4,19.1,4.9,-23.4,15.5,17.0,27.0,8.5,3.7,-1.0,-0.3,-5.9,17.5
2013-07,-9.6,-29.5,-9.5,-49.5,-24.4,35.8,0.2,4.6,-2.0,9.7,22.2,-7.9,-16.6,9.2,-28.6,13.9,7.6,3.0,-23.5,21.4,20.1,21.3,17.6,0.3,-4.2,2.6,-2.3,15.5
2013-08,-9.3,-35.0,-19.1,-50.8,-10.5,38.2,9.8,8.2,-5.9,3.6,23.4,-5.0,-16.5,5.9,-26.5,17.5,4.3,7.6,-19.8,18.8,17.3,22.8,10.3,0.8,1.9,2.2,-5.5,14.2
2013-09,0.6,-27.1,-9.4,-44.8,-11.0,37.7,8.2,3.5,0.1,11.9,35.5,-8.8,-13.8,12.3,-32.6,18.3,7.7,4.6,-27.2,23.6,24.6,32.9,17.4,5.9,-3.0,0.7,-3.1,24.3
2013-10,-6.7,-34.8,-18.2,-51.4,-9.1,40.9,7.2,6.3,0.0,9.1,29.1,-7.5,-12.9,11.3,-28.7,17.5,7.8,3.3,-31.1,17.5,20.7,29.7,14.8,3.0,-7.5,1.1,-3.9,17.9
2013-11,4.5,-26.9,-9.7,-44.1,-5.3,34.8,17.9,9.6,-0.9,13.1,23.7,-4.1,-16.2,9.0,-25.1,21.8,13.5,6.2,-22.5,22.7,24.7,30.5,20.8,6.2,-8.2,3.6,0.7,10.9
2013-12,4.2,-16.6,2.9,-36.2,-1.0,41.3,16.5,11.3,1.8,13.0,24.0,-6.0,-16.4,7.7,-28.7,18.5,13.8,7.2,-35.4,21.9,23.9,31.7,18.0,5.9,-4.4,2.9,0.4,15.8
2014-01,8.8,-19.0,9.0,-47.0,3.8,50.4,24.2,16.5,3.7,16.3,25.2,-4.6,-9.8,10.3,-27.7,24.1,6.3,9.8,-30.1,30.6,29.7,36.6,21.9,15.6,-1.4,3.1,3.1,14.4
2014-02,12.4,-18.1,11.1,-47.3,4.9,43.2,23.8,15.2,-0.7,12.8,21.4,-5.7,-15.2,15.7,-22.6,21.2,12.5,9.2,-20.3,29.2,27.8,33.8,20.4,14.6,-0.9,1.7,1.4,8.4
2014-03,7.8,-15.7,16.6,-48.0,2.2,51.4,27.1,18.3,6.1,13.9,23.4,-4.7,-15.3,8.0,-30.6,24.6,9.7,8.3,-17.2,26.4,27.6,34.3,22.1,13.8,-0.7,1.5,-0.8,8.4
2014-04,10.2,-16.5,12.1,-45.1,13.9,49.8,34.3,19.1,13.8,14.8,26.7,-0.3,-4.3,10.2,-17.5,26.9,26.2,8.3,-10.3,21.7,24.1,31.2,19.4,12.4,5.0,1.3,-0.7,11.7
2014-05,11.8,-13.4,16.3,-43.2,10.2,52.2,43.0,24.2,6.1,19.2,22.7,-3.9,-11.8,16.8,-18.0,23.2,25.1,9.5,-4.6,27.2,26.7,30.7,22.2,15.9,6.9,2.1,-1.7,12.0
2014-06,25.3,-11.0,19.1,-41.2,6.0,40.7,38.6,19.3,1.4,11.9,21.5,-0.9,-9.8,5.4,-21.7,24.4,19.1,6.4,-13.2,24.9,24.3,25.5,22.6,10.7,1.7,2.5,-1.2,12.9
2014-07,18.7,-5.5,24.7,-35.7,4.1,48.5,35.4,21.3,4.4,12.7,20.0,-0.8,-2.3,13.3,-16.0,26.8,9.3,6.4,-15.6,19.4,21.4,23.1,21.6,3.1,2.8,2.6,-2.8,2.4
2014-08,7.7,-9.3,23.0,-41.6,2.6,44.6,27.7,17.3,9.3,17.1,20.3,2.7,-7.1,5.0,-15.5,28.6,24.9,8.8,1.8,18.3,22.2,27.0,21.3,11.8,5.0,1.0,-2.0,-2.4
2014-09,7.5,-8.8,19.8,-37.4,8.5,45.5,37.5,18.9,5.5,19.1,26.2,-0.6,-6.5,13.8,-14.2,26.1,20.7,8.5,-9.5,14.7,17.6,19.5,18.5,4.6,-3.4,1.4,-6.1,-2.6
2014-10,17.1,-13.7,15.6,-43.0,-1.6,39.8,30.1,16.0,5.7,14.2,22.0,-0.2,-7.0,5.6,-18.2,23.1,32.1,6.5,-15.6,16.7,20.7,23.8,21.6,9.4,1.2,-1.1,-13.5,3.7
2014-11,21.0,-7.1,17.2,-31.3,1.8,42.0,18.9,11.1,-1.2,16.8,27.6,0.2,-5.8,7.1,-16.3,23.9,18.2,7.1,-17.9,17.1,19.8,22.7,19.6,12.8,6.6,-2.5,-15.5,-4.5
2014-12,12.5,-2.9,21.1,-26.8,5.2,47.4,14.5,11.3,4.8,19.4,27.9,-4.1,-0.7,13.0,-24.8,25.4,16.9,8.4,-29.1,21.8,24.9,30.6,22.4,14.3,4.5,-0.8,-10.5,-6.1
2015-01,1.0,-7.2,22.1,-36.4,2.9,49.8,19.8,15.5,4.6,21.8,23.2,-3.3,1.0,15.4,-19.1,24.5,15.4,4.4,-23.4,27.2,26.1,28.5,22.7,8.9,4.4,-0.2,-10.7,-3.9
2015-02,16.7,-10.2,23.5,-43.9,5.6,49.2,30.8,18.7,1.0,16.5,24.0,-3.2,2.8,13.2,-21.3,25.0,27.0,9.0,-22.9,30.4,26.4,24.3,24.6,12.0,3.4,-1.5,-11.9,4.7
2015-03,20.7,-13.7,12.9,-40.4,13.9,46.9,44.7,21.0,4.1,14.7,28.6,-1.8,5.0,15.4,-16.5,26.3,24.6,9.9,-18.1,28.3,25.7,27.3,21.5,13.4,-1.7,-0.2,-11.3,6.9
2015-04,31.8,-8.2,11.5,-27.9,13.7,48.9,44.4,23.6,8.1,22.6,22.5,-7.1,1.7,20.1,-22.6,21.3,18.2,6.9,-19.8,30.4,26.6,26.1,23.3,11.6,5.0,-1.2,-15.9,20.6
2015-05,22.2,-3.8,10.9,-18.5,5.4,49.7,46.6,24.2,8.3,20.0,23.8,0.2,2.1,12.8,-11.5,24.8,14.4,9.5,-7.1,35.8,28.4,20.8,28.7,8.5,6.6,0.0,-17.3,24.0
2015-06,26.8,-4.8,7.7,-17.3,11.4,50.7,38.8,21.0,4.9,17.2,26.5,1.3,-3.9,13.7,-8.2,25.8,13.4,6.3,-9.6,30.6,26.1,22.9,24.7,10.7,9.3,-0.4,-14.6,18.3
2015-07,21.8,5.4,21.8,-11.1,10.1,46.0,34.9,18.5,6.9,17.2,25.2,0.1,-8.7,9.0,-15.8,25.2,10.1,5.1,-15.3,28.8,26.9,27.4,24.5,11.4,8.8,-0.1,-15.1,16.8
2015-08,27.8,-0.5,13.6,-14.6,6.5,50.1,47.1,25.3,7.2,22.4,21.3,3.4,-7.1,5.5,-9.9,25.7,20.6,6.1,-7.7,27.4,27.3,28.4,26.0,10.7,10.8,0.4,-15.3,18.7
2015-09,28.5,6.8,23.9,-10.3,8.0,51.5,46.4,24.2,2.7,20.9,25.5,5.3,0.9,-4.3,-9.7,21.1,31.6,1.7,-9.5,28.0,26.0,26.8,23.1,12.5,12.1,-1.8,-21.5,24.6
2015-10,40.1,15.9,34.6,-2.8,18.2,52.0,41.9,23.4,4.5,27.1,23.7,5.5,-2.5,4.7,-2.8,24.0,12.1,4.4,-4.1,19.8,25.5,30.1,26.5,15.4,11.7,-3.3,-22.5,23.6
2015-11,34.3,18.4,39.9,-3.1,15.7,49.2,47.4,26.2,6.0,24.4,18.0,1.2,-6.4,0.3,-14.9,18.8,18.7,2.5,-17.9,28.2,27.6,28.7,25.9,15.2,5.3,-4.6,-27.6,23.6
2015-12,28.8,17.0,31.6,2.4,9.2,46.6,51.9,26.4,8.9,12.7,19.3,4.9,-7.5,-0.3,-10.0,24.4,10.2,4.9,-14.5,23.7,25.9,30.6,23.5,11.5,7.5,-2.3,-21.1,19.2
2016-01,27.1,9.2,30.7,-12.2,11.7,56.6,52.2,29.9,7.8,21.2,19.1,10.7,-2.6,-9.7,0.5,22.0,13.5,3.1,-2.0,28.8,28.3,30.7,25.3,13.7,9.1,-1.7,-17.4,16.0
2016-02,33.6,13.6,32.9,-5.7,21.3,44.4,39.2,17.4,5.7,19.9,31.6,6.2,3.5,4.3,-4.2,27.1,12.7,-1.7,-8.2,19.4,24.4,30.4,23.3,12.7,4.7,-2.3,-20.6,10.0
2016-03,37.0,14.7,35.9,-6.4,13.8,45.1,44.8,19.4,14.4,20.5,31.6,5.3,2.8,1.1,-9.4,26.4,15.3,3.2,-8.9,23.5,24.6,27.6,22.6,12.0,6.5,-0.7,-14.8,13.4
2016-04,39.7,16.5,26.6,6.4,23.2,50.4,36.0,21.3,12.9,17.3,22.4,1.2,-5.6,7.5,-11.7,22.7,19.8,0.3,-13.1,20.5,24.2,27.1,25.0,11.3,0.4,-1.6,-16.2,17.6
2016-05,29.5,12.5,24.4,0.6,16.8,45.5,34.8,21.0,10.8,14.3,17.5,2.8,-1.2,6.0,-2.6,17.1,27.7,0.2,0.0,24.0,24.8,27.5,22.8,6.8,1.6,-1.7,-18.6,18.4
2016-06,38.2,8.2,17.8,-1.3,10.2,44.6,36.7,19.5,12.6,19.6,22.7,2.8,2.3,6.0,-8.8,23.2,16.9,5.6,-8.0,24.8,24.4,22.6,25.8,12.1,12.7,-1.1,-16.6,23.9
2016-07,31.1,17.0,21.2,12.8,14.3,46.0,30.8,18.3,6.9,16.9,21.8,-0.5,-5.3,7.0,-13.2,18.6,22.7,4.0,-8.0,24.9,25.9,25.8,27.1,10.9,12.3,-1.6,-19.1,18.4
2016-08,20.6,13.1,18.1,8.2,12.5,44.9,24.2,16.2,5.2,23.0,20.6,-0.7,3.2,14.0,-11.4,23.3,6.2,4.1,-11.0,21.4,26.3,30.6,26.8,19.4,11.0,-1.8,-18.7,22.2
2016-09,20.8,19.2,30.0,8.5,17.5,43.9,14.9,11.6,11.2,15.0,24.2,-3.1,-6.2,11.0,-19.8,21.6,6.9,0.8,-22.0,20.3,26.7,34.5,25.2,17.9,4.7,0.6,-14.9,23.0
2016-10,32.0,16.0,28.7,3.3,10.2,50.7,16.9,14.9,15.0,24.0,22.8,1.7,-2.6,12.0,-12.5,29.7,7.6,3.2,-14.0,23.2,26.3,31.3,24.5,19.0,9.3,0.9,-12.8,30.7
2016-11,34.7,22.9,40.4,5.3,23.2,51.3,15.4,13.8,6.7,9.9,25.2,4.4,3.3,4.0,-11.6,28.9,6.2,5.8,-21.0,21.3,27.9,34.4,28.0,15.0,11.6,1.5,-13.1,33.2
2016-12,39.1,25.8,43.0,8.6,29.3,39.8,15.8,12.0,6.9,12.6,19.4,13.4,5.8,-2.0,2.5,35.8,23.1,9.0,7.0,32.9,31.9,33.6,29.2,19.8,14.5,0.1,-10.1,31.7
2017-01,36.1,23.6,38.1,9.1,25.5,48.1,15.4,12.8,10.6,27.6,25.2,12.5,6.8,-2.0,3.4,32.1,28.6,13.1,0.0,26.3,30.6,35.8,29.7,22.5,16.7,0.9,-11.2,33.7
2017-02,42.3,26.3,39.2,13.3,22.2,49.9,11.5,14.0,15.6,19.0,19.4,11.8,4.1,4.0,6.4,33.0,34.4,11.5,5.0,28.3,29.9,33.7,27.6,20.7,14.0,0.7,-13.2,35.6
2017-03,39.1,26.6,42.5,10.6,15.3,50.0,18.5,14.7,15.4,20.7,24.3,9.7,10.5,1.0,-0.2,30.2,29.1,9.8,0.0,27.2,30.0,35.9,26.9,20.5,10.8,1.1,-9.4,30.0
2017-04,47.0,20.8,27.4,14.1,19.4,42.4,22.2,13.5,20.1,18.0,24.1,16.6,13.1,0.0,15.0,34.9,31.4,14.0,19.0,23.3,25.6,26.6,26.7,13.7,7.7,1.0,-11.8,33.2
2017-05,37.5,32.1,31.5,32.6,25.0,43.5,16.8,12.9,11.8,24.3,21.5,14.9,19.8,2.0,11.3,35.3,34.7,17.4,11.0,26.0,29.1,31.4,29.9,16.8,9.6,2.4,-6.9,28.7
2017-06,35.3,23.8,29.9,17.6,18.2,47.5,29.6,20.1,10.6,29.9,16.7,17.4,17.4,-2.0,16.3,33.9,28.9,16.7,25.0,20.8,27.0,32.2,27.8,20.1,11.7,0.6,-11.6,31.0
2017-07,35.4,25.5,31.2,19.8,21.3,54.1,24.8,19.0,11.9,31.9,21.8,17.5,17.7,-2.0,18.9,31.5,31.8,12.0,26.0,25.9,28.3,33.6,25.3,23.7,20.3,0.6,-9.9,33.0
2017-08,28.9,30.1,30.0,30.1,22.3,46.9,26.2,16.2,5.2,25.7,24.5,14.8,16.3,4.0,18.6,29.8,28.4,14.0,17.0,19.4,28.7,36.5,30.1,24.4,14.1,0.4,-9.4,30.9
2017-09,41.9,34.2,33.0,35.4,19.3,45.0,15.9,10.9,6.2,28.1,28.2,17.8,17.9,2.0,14.3,41.1,32.0,20.8,15.0,16.3,24.0,29.6,26.1,20.9,18.7,0.1,-10.3,28.2
2017-10,21.0,35.9,34.6,37.2,16.8,50.7,21.9,15.6,15.0,29.1,25.8,17.4,20.4,-3.0,17.5,31.5,30.5,9.5,20.0,18.2,26.0,33.4,26.3,23.9,17.2,1.0,-7.6,30.8
2017-11,14.8,31.8,41.4,22.3,11.2,43.3,26.4,15.8,8.7,19.7,22.2,18.0,23.3,0.0,15.4,38.7,32.2,16.9,10.0,18.3,26.9,33.4,29.1,17.0,16.6,1.9,-4.1,25.0
2017-12,23.0,32.8,34.9,30.6,4.9,45.8,34.7,18.4,7.9,22.1,25.4,14.5,17.7,2.0,16.4,28.9,31.1,23.7,19.0,27.9,31.7,39.7,27.3,18.9,21.5,0.5,-5.1,28.1
2018-01,27.0,29.6,33.1,26.2,6.4,42.2,39.4,19.5,8.5,17.2,23.1,14.9,12.7,4.0,17.4,31.2,23.6,16.8,18.0,25.3,30.0,38.9,25.8,22.5,21.7,2.6,-7.9,28.5
2018-02,19.1,26.8,32.2,21.3,9.1,50.8,27.6,19.3,4.6,18.0,20.3,15.1,13.0,2.0,20.3,27.0,19.3,23.0,21.0,24.4,28.9,33.7,28.5,13.7,17.0,0.2,-10.4,24.5
2018-03,15.8,24.1,25.5,22.6,4.6,56.0,16.6,17.8,5.5,21.4,19.3,16.7,9.4,2.0,20.8,31.5,30.9,19.1,25.0,16.2,24.4,33.2,23.7,16.6,15.8,0.2,-9.7,27.4
2018-04,12.9,25.9,29.5,22.2,-0.7,45.4,13.2,12.5,5.2,17.1,21.1,18.4,9.0,0.0,21.8,33.3,21.3,22.3,30.0,15.3,23.2,29.6,24.6,16.6,10.7,-0.4,-9.1,25.7
2018-05,16.5,20.7,14.6,26.7,-6.7,49.4,26.7,16.9,5.7,13.2,25.5,19.0,1.9,-6.0,23.3,27.6,20.8,21.7,30.0,12.0,23.2,33.3,24.2,17.7,13.7,0.4,-9.4,28.7
2018-06,2.4,17.8,11.0,24.6,-4.0,51.4,29.6,20.1,3.5,20.3,20.7,15.5,9.5,-1.0,13.3,32.0,22.0,18.8,22.0,16.8,25.8,32.8,27.7,14.1,16.7,-1.9,-11.9,31.5
2018-07,5.6,18.5,9.3,27.8,-1.7,33.1,26.8,10.3,1.9,13.0,28.8,16.1,7.8,-2.0,14.9,31.5,17.8,19.5,16.0,19.0,25.3,29.4,27.5,19.5,17.3,-1.8,-11.3,33.2
2018-08,-0.8,20.5,20.0,21.1,-0.8,46.9,19.2,14.2,5.2,27.6,23.5,20.1,15.5,-3.0,21.7,35.5,13.5,19.5,24.0,19.3,22.9,27.3,22.0,14.5,14.1,0.6,-11.6,35.4
2018-09,-1.9,16.7,15.0,18.4,-2.8,40.0,24.0,15.6,9.2,10.2,17.3,12.5,16.0,7.0,12.4,32.0,20.1,17.4,16.0,22.2,26.2,31.7,24.8,18.0,18.7,1.4,-8.7,33.5
2018-10,5.0,14.8,16.6,13.1,1.4,48.7,20.9,14.0,12.0,21.3,27.8,13.7,13.5,5.0,11.6,34.6,23.5,16.3,12.0,17.2,22.6,25.5,24.9,12.9,12.2,-1.9,-15.5,35.4
2018-11,-3.2,7.3,9.3,5.2,-6.8,46.3,22.3,15.5,11.7,20.5,22.2,14.6,8.3,6.0,21.4,28.6,29.2,17.7,22.0,14.3,20.1,28.4,17.7,12.0,17.6,-1.3,-13.2,31.1
2018-12,-4.1,16.3,19.9,12.6,-1.5,41.8,21.7,15.7,5.9,24.6,16.4,16.4,4.6,3.0,18.4,33.9,31.1,17.1,25.0,14.0,20.8,27.0,21.3,6.9,19.5,-2.6,-18.6,34.2
2019-01,-6.2,8.1,13.0,3.2,-11.8,35.3,28.5,13.9,12.5,11.6,22.1,9.6,4.6,2.0,5.4,25.3,31.5,13.6,-2.0,14.3,18.4,22.2,18.8,15.5,17.7,-2.9,-21.9,33.8
2019-02,5.0,18.8,21.2,16.4,-2.9,33.8,22.6,10.7,10.6,14.0,24.3,12.4,1.0,2.0,12.2,27.0,21.3,10.4,18.0,11.4,14.7,19.8,13.0,11.6,8.1,-3.5,-20.2,31.4
2019-03,-0.6,8.6,12.6,4.6,-12.1,42.1,24.6,12.8,13.6,22.4,28.3,5.9,1.3,6.0,4.7,19.0,17.7,12.5,6.0,22.3,19.7,18.5,18.5,12.6,10.8,-2.2,-18.4,31.7
2019-04,-2.2,0.9,-1.4,3.2,-18.0,35.4,28.2,15.5,2.2,15.8,17.1,9.3,-2.1,2.0,7.7,22.0,28.2,7.6,12.0,17.3,17.7,20.5,15.4,6.6,6.7,-1.1,-20.0,32.1
2019-05,-2.5,2.8,1.7,3.8,-9.5,37.4,28.7,18.2,-1.3,16.0,11.5,1.9,-5.1,7.0,-1.7,14.4,13.9,8.2,0.0,23.0,19.5,19.2,16.4,13.6,9.7,-3.7,-20.0,40.3
2019-06,0.5,8.8,6.0,11.6,-4.2,27.3,19.6,13.7,3.5,18.9,5.7,-0.2,-13.4,11.0,-2.6,13.0,14.0,10.2,7.0,17.8,18.0,22.5,13.8,10.1,7.8,-3.5,-23.2,33.1
2019-07,-8.2,1.1,4.3,-2.2,-15.8,31.1,20.8,12.0,4.9,9.0,15.8,-4.5,-10.2,15.0,-8.0,9.5,10.9,2.9,-6.0,14.0,15.9,20.3,13.3,8.4,3.3,-1.2,-17.6,30.8
2019-08,-12.6,8.5,11.0,6.0,-5.9,37.9,25.2,13.8,0.2,5.5,21.5,-5.3,-20.4,10.0,-13.2,7.4,3.6,0.9,-14.0,19.3,16.1,19.2,9.7,8.5,1.1,-2.9,-23.1,30.9
2019-09,-14.7,5.2,8.0,2.4,-13.9,33.0,27.0,14.2,3.2,22.3,17.3,-6.7,-23.9,8.0,-14.5,2.5,-0.8,-2.0,-13.0,14.1,11.0,12.7,6.1,4.1,2.7,-4.2,-26.2,29.3
2019-10,-4.0,16.8,23.5,10.1,-1.8,34.7,19.9,13.0,-6.0,19.6,15.8,-5.4,-23.5,12.0,-13.4,9.2,-6.5,2.5,-15.0,7.2,8.7,13.6,5.2,-1.1,-0.8,-3.3,-25.7,31.9
2019-11,-3.3,7.7,9.3,6.1,-7.8,41.3,26.3,18.1,0.7,23.4,13.2,-6.2,-12.6,11.0,-13.6,6.1,-6.7,-2.0,-18.0,14.3,13.1,19.5,5.5,6.0,-1.4,-3.9,-24.0,32.2
2019-12,-1.2,1.2,5.9,-3.4,-3.7,48.8,41.7,25.0,7.9,28.3,15.4,-5.6,-6.5,13.0,-15.7,11.9,-1.9,2.8,-20.0,9.0,9.9,18.4,2.4,3.9,-5.5,-2.8,-22.1,29.4
2020-01,5.7,10.6,16.0,5.2,-6.0,41.3,35.6,21.6,9.5,22.0,12.1,-1.7,-5.5,6.0,-12.6,13.6,-5.5,2.6,-16.0,12.3,12.5,21.4,3.7,6.5,-5.3,-3.3,-21.9,36.9
2020-02,-3.1,3.3,7.1,-0.5,-17.9,46.8,46.6,24.0,7.6,22.9,21.3,0.8,-12.0,3.0,-13.5,18.8,-1.8,4.3,-12.0,10.4,9.4,15.7,2.1,5.6,-9.9,-2.3,-20.5,32.8
2020-03,8.2,-0.4,1.6,-2.4,-7.8,26.1,41.6,18.8,-7.4,10.7,11.3,-0.5,-1.8,3.0,-8.4,9.8,-1.4,2.8,-12.0,1.3,-1.7,-4.3,-1.9,-7.3,-8.2,-4.6,-22.5,30.9
2020-04,-18.3,-25.0,-37.3,-12.8,-46.5,-35.6,-6.9,-20.9,-39.8,-42.0,20.1,-31.3,-51.2,17.0,-27.3,-49.6,-10.9,-8.4,-31.0,-51.7,-58.0,-69.6,-52.6,-60.5,-33.3,-7.3,-23.5,17.2
2020-05,-29.4,-39.2,-48.2,-30.1,-56.4,-19.6,-9.4,-16.5,-21.3,-17.3,20.5,-28.7,-36.1,13.0,-39.6,-33.4,-40.1,-7.6,-38.0,-57.0,-53.8,-46.0,-58.4,-45.4,-43.4,-7.6,-28.4,22.2
2020-06,-46.4,-34.7,-30.9,-38.4,-53.4,14.2,-14.4,-6.6,-17.6,-5.6,19.7,-17.1,-32.4,12.0,-32.7,-6.7,-50.0,-0.6,-29.0,-49.1,-38.9,-19.8,-47.7,-29.9,-41.2,-2.9,-15.3,27.1
2020-07,-36.0,-27.4,-25.7,-29.2,-40.9,17.1,-4.2,1.3,-13.1,2.9,8.8,-11.0,-24.2,8.0,-33.0,7.9,-30.1,-4.5,-30.0,-43.0,-22.2,13.1,-36.6,-12.7,-42.7,-1.3,-13.0,25.1
2020-08,-39.4,-24.5,-19.1,-30.0,-35.7,11.8,13.1,6.5,-7.8,5.3,5.4,-6.3,-24.3,4.0,-28.1,13.1,-19.3,1.7,-27.0,-16.7,-11.7,3.0,-21.3,-14.4,-36.9,-0.2,-9.2,24.2
2020-09,-26.7,-27.4,-21.0,-33.7,-37.0,26.0,16.0,13.2,-2.8,13.4,2.3,-0.1,-13.9,4.0,-19.5,23.1,4.2,5.5,-18.0,0.1,-1.1,10.7,-14.0,-9.9,-34.3,1.7,-3.8,18.9
2020-10,-33.0,-27.3,-17.6,-37.0,-30.7,26.8,29.9,17.0,-3.0,13.0,5.8,1.7,-9.5,2.0,-17.3,24.4,20.5,7.1,-18.0,-3.8,1.2,16.5,-9.1,-1.2,-25.8,1.5,-2.4,22.4
2020-11,-31.3,-16.9,-6.8,-26.9,-24.7,10.4,22.3,8.8,-7.3,4.3,6.2,7.2,-5.5,-4.0,-9.6,27.2,16.3,7.1,-13.0,9.3,5.2,6.5,-0.3,-2.0,-22.4,-1.1,-9.7,17.0
2020-12,-30.2,-20.2,-14.2,-26.3,-24.9,19.8,5.7,8.4,-2.1,15.2,0.4,5.8,-0.6,4.0,-9.7,31.1,17.2,13.5,-12.0,-2.0,2.8,11.8,-1.3,2.9,-20.5,1.6,-2.4,16.6
2021-01,-24.3,-24.9,-13.0,-36.8,-15.2,27.4,-1.4,6.3,-4.5,15.4,7.1,13.4,9.5,-3.0,1.5,35.7,15.5,21.4,-1.0,5.3,11.0,22.7,4.8,8.6,-18.3,2.9,-1.2,19.8
2021-02,-10.0,-18.6,-9.9,-27.4,-14.9,20.7,5.6,6.7,-4.4,9.7,6.3,14.4,11.9,-4.0,5.1,34.1,20.2,17.2,11.0,10.4,14.8,23.6,10.3,10.6,-8.9,5.2,3.3,24.2
2021-03,-5.0,-17.9,-10.4,-25.4,-17.7,13.1,5.6,5.8,-8.3,3.3,1.3,17.0,10.1,-9.0,9.5,32.5,33.5,21.9,16.0,6.3,12.6,20.8,10.7,11.7,-7.2,4.1,0.7,24.9
2021-04,-2.3,-13.0,-8.2,-17.7,-13.1,40.4,18.1,20.5,1.2,26.9,-2.9,19.9,18.8,-15.0,10.7,33.9,35.0,28.9,18.0,19.3,24.7,34.3,20.6,21.5,-3.3,5.6,4.8,25.3
2021-05,1.6,-3.6,9.8,-17.1,-2.6,28.3,25.6,18.1,7.7,21.5,-0.5,23.0,16.0,-12.0,19.4,37.7,30.9,36.8,25.0,28.0,29.6,35.8,25.0,21.6,9.6,8.9,11.1,28.8
2021-06,11.5,6.8,10.1,3.5,9.3,46.2,23.6,24.7,12.4,31.1,-4.3,22.3,20.7,-13.0,19.3,34.5,32.1,38.2,25.0,34.8,34.1,38.1,29.5,23.1,8.8,7.9,11.1,30.0
2021-07,5.1,10.1,22.3,-2.2,18.0,42.1,32.7,27.3,12.9,30.8,-7.2,26.8,20.8,-27.0,22.1,31.5,23.9,40.7,28.0,39.0,38.3,38.0,37.8,26.3,12.3,7.7,8.9,29.9
2021-08,-2.4,11.5,22.9,0.0,16.4,39.8,20.1,19.8,13.1,23.0,0.4,27.8,27.7,-23.0,20.9,39.4,23.8,37.1,28.0,36.3,37.2,42.0,33.4,24.7,16.1,7.1,5.7,29.6
2021-09,0.4,10.6,24.0,-2.7,23.9,38.0,19.0,24.9,10.2,24.5,-17.7,27.1,33.1,-20.0,28.5,32.7,16.3,40.1,35.0,38.1,38.6,40.7,37.1,29.2,20.7,6.5,8.4,34.3
2021-10,12.0,20.2,30.4,9.9,27.4,36.8,27.9,27.0,19.0,27.4,-16.2,30.3,35.5,-22.0,29.7,39.1,18.5,40.9,34.0,40.2,41.4,44.5,39.4,39.8,24.2,4.8,4.1,37.6
2021-11,16.7,19.1,36.2,2.0,24.4,40.4,32.3,30.1,20.7,38.1,-17.8,28.9,28.5,-20.0,28.4,38.2,21.3,44.7,28.0,37.3,41.0,47.4,38.2,39.0,22.6,2.4,1.1,39.7
2021-12,11.7,12.3,26.8,-2.3,32.1,32.9,29.7,25.7,16.0,34.2,-14.6,32.0,36.4,-19.0,39.2,37.9,12.2,45.2,43.0,36.0,38.4,38.9,40.2,36.9,30.4,2.3,-1.2,38.6
2022-01,11.7,19.6,29.9,9.3,31.8,18.4,12.7,13.0,14.5,18.6,-7.9,28.2,29.6,-16.0,33.5,35.0,29.5,46.1,34.0,28.4,31.8,32.0,35.2,30.6,24.7,-2.1,-10.3,41.6
2022-02,11.1,14.9,25.1,4.7,30.9,46.7,21.6,28.3,14.6,33.5,-16.7,29.0,28.9,-16.0,34.1,36.8,20.1,52.1,38.0,23.4,31.5,40.4,30.7,34.6,17.1,-1.8,-9.1,40.5
2022-03,9.0,14.6,23.6,5.6,32.3,38.1,17.6,21.5,8.7,24.8,-8.7,27.7,25.1,-12.0,34.5,36.8,28.4,54.2,36.0,24.3,31.5,36.7,33.5,32.7,22.8,-11.4,-31.4,64.1
2022-04,11.7,6.6,5.8,7.3,36.1,30.4,17.1,18.5,12.2,14.5,-7.9,25.1,22.8,-13.0,34.7,27.7,16.9,55.0,40.0,24.3,30.1,35.3,30.7,34.5,29.7,-10.4,-31.5,51.2
2022-05,3.6,5.9,3.8,7.9,44.1,33.3,16.6,19.1,9.6,13.3,-7.5,27.1,25.0,-20.0,30.3,30.9,14.9,56.1,34.0,29.0,29.4,27.6,31.7,31.5,30.6,-13.7,-32.4,44.5
2022-06,0.5,4.8,0.1,9.5,37.1,25.1,12.6,13.0,12.3,10.9,-1.3,20.8,22.7,-10.0,27.3,25.0,10.1,50.6,33.0,24.8,24.7,24.1,25.1,27.1,26.8,-15.0,-36.8,40.0
2022-07,-12.8,2.6,0.3,4.8,20.1,4.1,-1.3,-1.0,1.9,1.7,5.8,20.4,26.7,-7.0,24.1,30.1,14.9,39.8,31.0,21.9,23.2,21.0,26.7,26.3,29.3,-20.1,-40.4,31.7
2022-08,0.5,4.9,5.9,4.0,9.6,12.8,-3.9,-0.5,2.1,12.8,10.4,19.0,19.7,-9.0,23.8,24.0,7.8,41.1,28.0,14.3,16.3,15.1,19.4,21.7,26.1,-20.1,-37.2,24.7
2022-09,-7.6,5.1,1.0,9.2,12.8,1.0,-12.0,-8.4,-6.8,-7.3,14.3,12.7,14.1,-1.0,15.5,21.5,6.4,39.0,21.0,13.1,13.9,12.8,15.8,19.2,24.6,-26.2,-46.7,33.5
2022-10,-11.1,3.1,3.4,2.9,-2.4,-9.2,-23.1,-17.7,-7.0,-19.2,20.8,8.3,12.5,8.0,14.8,18.1,10.5,35.4,21.0,0.2,7.4,7.7,14.3,17.8,25.1,-27.5,-38.5,25.4
2022-11,-16.4,0.1,-5.8,6.0,-3.5,-0.6,-17.7,-13.8,-12.3,-7.9,23.2,9.6,9.6,4.0,15.4,17.4,5.3,40.1,19.0,-4.7,4.3,10.4,7.2,16.0,21.6,-23.3,-34.0,20.0
2022-12,-11.4,-3.3,0.8,-7.3,-6.0,-3.1,-17.3,-15.6,-16.0,-14.7,26.4,7.6,10.3,6.0,12.3,16.5,9.2,39.4,14.0,0.0,4.3,7.0,5.8,14.9,16.4,-24.1,-29.7,13.5
2023-01,-23.3,-8.9,-4.1,-13.7,-11.3,-2.6,-20.3,-14.7,-12.4,-15.1,21.1,4.7,3.6,10.0,6.5,17.7,3.5,26.1,9.0,-3.6,2.4,6.1,4.6,10.7,14.7,-23.2,-30.7,13.1
2023-02,-39.8,-16.1,-2.9,-29.2,-10.3,1.7,-17.4,-14.6,-13.4,-10.5,28.3,7.1,5.9,5.0,11.1,15.3,13.1,29.9,22.0,-1.6,3.8,10.3,2.7,12.6,13.2,-20.6,-21.5,5.6
2023-03,-31.0,-14.9,-16.4,-13.4,-19.7,7.1,-11.4,-9.5,-7.3,-6.3,24.3,6.2,10.0,10.0,10.4,18.2,7.3,20.6,17.0,0.3,2.8,7.7,0.4,15.7,12.8,-21.3,-24.3,6.4
2023-04,-38.3,-19.9,-17.2,-22.7,-35.6,-1.6,-14.9,-13.9,-7.8,-19.3,25.1,1.2,3.8,13.0,1.8,14.8,11.9,13.0,15.0,2.3,1.5,2.4,-0.3,9.5,7.7,-18.1,-20.6,-6.8
2023-05,,,,,,18.1,-6.2,-4.0,-5.6,-3.6,23.9,3.7,-4.3,15.4,6.9,19.6,-0.6,13.1,18.1,-3.2,2.4,11.9,-1.5,12.7,5.5,-15.5,-14.1,-16.1
