country,TUR,TUR,TUR,TUR,TUR,TUR,TUR,TUR,TUR,TUR,TUR,TUR,TUR,TUR,TUR,TUR,TUR,TUR,TUR,TUR,TUR,TUR,TUR,TUR,TUR,TUR,TUR,TUR,TUR,TUR
subject,BCBUTE,BCCI,BCEMFT,BCOBLV,BCSPFT,BRBUFT,BRBUTE,BRCI,BREMFT,BRODFT,BRVSLV,BSCI,BSCURT,BSEMFT,BSFGLV,BSOBLV,BSOITE,BSPRFT,BSPRTE,BSSPFT,BSXRLV,BVBUTE,BVCI,BVDEFT,BVDETE,BVEMFT,BVEMTE,CSCICP02,CSESFT,CSINFT
measure,BLSA,BLSA,BLSA,BLSA,BLSA,BLSA,BLSA,BLSA,BLSA,BLSA,BLSA,BLSA,BLSA,BLSA,BLSA,BLSA,BLSA,BLSA,BLSA,BLSA,BLSA,BLSA,BLSA,BLSA,BLSA,BLSA,BLSA,BLSA,BLSA,BLSA
unit,,,,,,,,,,,,,,,,,,,,,,,,,,,,,,
powercode,Units,Units,Units,Units,Units,Units,Units,Units,Units,Units,Units,Units,Units,Units,Units,Units,Units,Units,Units,Units,Units,Units,Units,Units,Units,Units,Units,Units,Units,Units
reference_period,,,,,,,,,,,,,,,,,,,,,,,,,,,,,,
time,,,,,,,,,,,,,,,,,,,,,,,,,,,,,,
1987-01,,,,,,,,,,,,,75.21194,,,,-14.12636,46.79127,,,,,,,,,,,,
1987-02,,,,,,,,,,,,,75.62655,,,,-14.65834,44.82138,,,,,,,,,,,,
1987-03,,,,,,,,,,,,,76.37395,,,,-12.01471,43.14142,,,,,,,,,,,,
1987-04,,,,,,,,,,,,,77.06958,,,,-11.21317,41.66466,,,,,,,,,,,,
1987-05,,,,,,,,,,,,,77.51962,,,,-13.58399,43.13145,,,,,,,,,,,,
1987-06,,,,,,,,,,,,,77.92933,,,,-16.34443,44.44578,,,,,,,,,,,,
1987-07,,,,,,,,,,,,,78.19386,,,,-24.61527,44.39608,,,,,,,,,,,,
1987-08,,,,,,,,,,,,,77.73536,,,,-15.86067,40.76117,,,,,,,,,,,,
1987-09,,,,,,,,,,,,,77.37614,,,,-12.51354,34.96928,,,,,,,,,,,,
1987-10,,,,,,,,,,,,,77.23431,,,,-3.61463,30.08196,,,,,,,,,,,,
1987-11,,,,,,,,,,,,,77.28014,,,,-17.96225,31.99514,,,,,,,,,,,,
1987-12,,,,,,,,,,,,,77.50455,,,,-28.489,34.72833,,,,,,,,,,,,
1988-01,,,,,,,,,,,,,78.04163,,,,-35.02986,36.50682,,,,,,,,,,,,
1988-02,,,,,,,,,,,,,77.20643,,,,-36.10462,34.29367,,,,,,,,,,,,
1988-03,,,,,,,,,,,,,76.65105,,,,-34.54235,31.5427,,,,,,,,,,,,
1988-04,,,,,,,,,,,,,76.23314,,,,-34.57392,29.09809,,,,,,,,,,,,
1988-05,,,,,,,,,,,,,75.58821,,,,-33.80068,31.66072,,,,,,,,,,,,
1988-06,,,,,,,,,,,,,74.93777,,,,-33.3045,33.91013,,,,,,,,,,,,
1988-07,,,,,,,,,,,,,74.23396,,,,-37.58107,33.84823,,,,,,,,,,,,
1988-08,,,,,,,,,,,,,73.8577,,,,-34.42092,38.53077,,,,,,,,,,,,
1988-09,,,,,,,,,,,,,73.43817,,,,-36.09202,41.06814,,,,,,,,,,,,
1988-10,,,,,,,,,,,,,73.4981,,,,-32.89071,43.93254,,,,,,,,,,,,
1988-11,,,,,,,,,,,,,73.11572,,,,-32.22152,41.93882,,,,,,,,,,,,
1988-12,,,,,,,,,,,,,73.07276,,,,-28.4598,40.78644,,,,,,,,,,,,
1989-01,,,,,,,,,,,,,73.06005,,,,-21.30291,38.09994,,,,,,,,,,,,
1989-02,,,,,,,,,,,,,72.56818,,,,-26.77298,38.85263,,,,,,,,,,,,
1989-03,,,,,,,,,,,,,72.21126,,,,-31.91844,41.28991,,,,,,,,,,,,
1989-04,,,,,,,,,,,,,71.973,,,,-32.31718,44.10865,,,,,,,,,,,,
1989-05,,,,,,,,,,,,,72.41505,,,,-34.37435,41.61938,,,,,,,,,,,,
1989-06,,,,,,,,,,,,,72.97094,,,,-34.26947,38.85391,,,,,,,,,,,,
1989-07,,,,,,,,,,,,,73.46227,,,,-37.49539,33.93722,,,,,,,,,,,,
1989-08,,,,,,,,,,,,,74.34529,,,,-27.58572,40.44139,,,,,,,,,,,,
1989-09,,,,,,,,,,,,,75.13158,,,,-20.61541,45.06404,,,,,,,,,,,,
1989-10,,,,,,,,,,,,,76.47424,,,,-10.74382,52.57076,,,,,,,,,,,,
1989-11,,,,,,,,,,,,,75.85343,,,,-13.10239,50.2354,,,,,,,,,,,,
1989-12,,,,,,,,,,,,,75.73277,,,,-13.39701,48.80104,,,,,,,,,,,,
1990-01,,,,,,,,,,,,,75.45826,,,,-11.29352,44.26566,,,,,,,,,,,,
1990-02,,,,,,,,,,,,,75.79321,,,,-15.71247,43.05486,,,,,,,,,,,,
1990-03,,,,,,,,,,,,,76.02352,,,,-17.9596,45.44954,,,,,,,,,,,,
1990-04,,,,,,,,,,,,,76.62533,,,,-21.85299,47.21991,,,,,,,,,,,,
1990-05,,,,,,,,,,,,,75.41185,,,,-22.48969,44.71127,,,,,,,,,,,,
1990-06,,,,,,,,,,,,,74.69409,,,,-22.94848,43.65271,,,,,,,,,,,,
1990-07,,,,,,,,,,,,,73.78445,,,,-25.59266,40.46687,,,,,,,,,,,,
1990-08,,,,,,,,,,,,,73.89334,,,,-26.50956,38.0862,,,,,,,,,,,,
1990-09,,,,,,,,,,,,,73.86092,,,,-29.23613,35.72228,,,,,,,,,,,,
1990-10,,,,,,,,,,,,,74.3973,,,,-29.53436,35.02347,,,,,,,,,,,,
1990-11,,,,,,,,,,,,,73.30968,,,,-22.41505,39.0198,,,,,,,,,,,,
1990-12,,,,,,,,,,,,,72.81063,,,,-13.44018,44.18095,,,,,,,,,,,,
1991-01,,,,,,,,,,,,,71.9608,,,,-3.073864,43.637,,,,,,,,,,,,
1991-02,,,,,,,,,,,,2.491727,72.98387,,16.58794,-13.73078,2.75527,37.7939,,,,,,,,,,,,
1991-03,,,,,,,,,,,,1.973649,73.57769,,14.37995,-13.73078,7.714845,34.03167,,,,,,,,,,,,
1991-04,,,,,,,,,,,,0.8256049,74.67174,,11.06797,-15.7507,17.65308,29.29548,,,,,,,,,,,,
1991-05,,,,,,,,,,,,-0.4932306,73.99353,,8.859978,-18.78057,15.49641,26.16086,,,,,,,,,,,,
1991-06,,,,,,,,,,,,1.65925,73.72865,,4.444002,-21.81045,14.65074,31.2322,,,,,,,,,,,,
1991-07,,,,,,,,,,,,2.883705,73.30534,,1.132019,-25.85029,14.08821,35.63342,,,,,,,,,,,,
1991-08,,,,,,,,,,,,5.057983,73.08717,,-3.283957,-30.90009,12.45897,42.79008,,,,,,,,,,,,
1991-09,,,,,,,,,,,,2.252599,72.85197,,-5.491946,-35.94988,10.47365,37.21573,,,,,,,,,,,,
1991-10,,,,,,,,,,,,1.076904,73.06007,,-7.699934,-36.95984,10.81849,32.49062,,,,,,,,,,,,
1991-11,,,,,,,,,,,,-3.356368,73.35074,,-9.907922,-37.9698,9.99524,17.99277,,,,,,,,,,,,
1991-12,,,,,,,,,,,,-3.605781,74.08623,,0.02802509,-38.97976,10.54373,28.19044,,,,,,,,,,,,
1992-01,,,,,,,,,,,,-4.936512,74.5573,,9.963972,-34.93992,11.95446,30.09436,,,,,,,,,,,,
1992-02,,,,,,,,,,,,-5.811934,74.66144,,19.89992,-31.91004,12.96617,34.37416,,,,,,,,,,,,
1992-03,,,,,,,,,,,,0.9543763,74.41025,,2.236013,-27.87021,13.89543,32.96935,,,,,,,,,,,,
1992-04,,,,,,,,,,,,6.591041,74.43049,,-14.3239,-25.85029,14.22884,31.29951,,,,,,,,,,,,
1992-05,,,,,,,,,,,,12.15424,74.8653,,-31.9878,-24.84033,17.38009,29.31525,,,,,,,,,,,,
1992-06,,,,,,,,,,,,10.24149,75.40355,,-25.36384,-22.82041,19.33087,28.18105,,,,,,,,,,,,
1992-07,,,,,,,,,,,,8.966205,75.99878,,-19.84387,-19.79053,22.60058,26.84528,,,,,,,,,,,,
1992-08,,,,,,,,,,,,7.314788,75.95193,,-13.2199,-16.76066,18.52455,25.48512,,,,,,,,,,,,
1992-09,,,,,,,,,,,,8.355629,75.91837,,-14.3239,-13.73078,14.44739,24.47377,,,,,,,,,,,,
1992-10,,,,,,,,,,,,6.071792,76.1167,,-14.3239,-19.79053,13.87449,23.68201,,,,,,,,,,,,
1992-11,,,,,,,,,,,,1.448184,76.29857,,-15.42789,-24.84033,14.41421,13.75699,,,,,,,,,,,,
1992-12,,,,,,,,,,,,-1.209333,76.7638,,-2.179963,-30.90009,16.88099,25.09212,,,,,,,,,,,,
1993-01,,,,,,,,,,,,-3.81317,76.97184,,11.06797,-27.87021,19.77415,27.49866,,,,,,,,,,,,
1993-02,,,,,,,,,,,,-6.517243,77.32369,,24.3159,-25.85029,21.66558,30.61446,,,,,,,,,,,,
1993-03,,,,,,,,,,,,-0.2498933,77.42735,,11.06797,-22.82041,22.359,33.1387,,,,,,,,,,,,
1993-04,,,,,,,,,,,,5.831073,77.61137,,-3.283957,-19.79053,23.2723,33.9998,,,,,,,,,,,,
1993-05,,,,,,,,,,,,10.89413,77.98878,,-16.53189,-17.77061,21.89001,33.92113,,,,,,,,,,,,
1993-06,,,,,,,,,,,,9.043376,78.38704,,-11.01192,-14.74074,18.81904,30.85895,,,,,,,,,,,,
1993-07,,,,,,,,,,,,5.384955,78.73149,,-5.491946,-15.7507,18.25913,26.41362,,,,,,,,,,,,
1993-08,,,,,,,,,,,,1.167657,78.88867,,0.02802509,-16.76066,18.87768,20.29165,,,,,,,,,,,,
1993-09,,,,,,,,,,,,6.002715,79.07322,,-6.59594,-17.77061,19.99603,29.18282,,,,,,,,,,,,
1993-10,,,,,,,,,,,,10.71565,79.3718,,-13.2199,-16.76066,24.9269,35.68769,,,,,,,,,,,,
1993-11,,,,,,,,,,,,13.01616,78.45066,,-19.84387,-16.76066,10.99544,35.96526,,,,,,,,,,,,
1993-12,,,,,,,,,,,,5.686504,77.65369,,-7.699934,-16.76066,-1.175493,26.12024,,,,,,,,,,,,
1994-01,,,,,,,,,,,,-3.821581,76.6251,,3.340008,-13.73078,-12.9793,5.606042,,,,,,,,,,,,
1994-02,,,,,,,,,,,,-13.29999,73.12128,,15.48394,-10.7009,-19.77155,-13.71514,,,,,,,,,,,,
1994-03,,,,,,,,,,,,-7.072627,69.27444,,16.58794,-7.671022,-28.02193,3.041079,,,,,,,,,,,,
1994-04,,,,,,,,,,,,-5.834516,65.673,,18.79593,-15.7507,-35.83188,17.04307,,,,,,,,,,,,
1994-05,,,,,,,,,,,,-4.911338,67.43729,,19.89992,-23.83037,-16.67081,28.99628,,,,,,,,,,,,
1994-06,,,,,,,,,,,,-0.6506083,69.20364,,3.340008,-31.91004,0.6539422,33.29823,,,,,,,,,,,,
1994-07,,,,,,,,,,,,8.408585,70.78606,,-14.3239,-24.84033,20.44815,35.74218,,,,,,,,,,,,
1994-08,,,,,,,,,,,,15.6871,71.91842,,-30.88381,-16.76066,20.28451,32.93815,,,,,,,,,,,,
1994-09,,,,,,,,,,,,17.2475,72.90557,,-28.67582,-9.690941,19.83834,32.75761,,,,,,,,,,,,
1994-10,,,,,,,,,,,,14.99973,74.06911,,-25.36384,-7.671022,23.33519,27.30637,,,,,,,,,,,,
1994-11,,,,,,,,,,,,11.63035,74.68426,,-23.15585,-6.661063,25.55195,18.39628,,,,,,,,,,,,
1994-12,,,,,,,,,,,,12.562,75.42599,,-15.42789,-4.641145,29.09554,26.89924,,,,,,,,,,,,
1995-01,,,,,,,,,,,,11.3498,75.94434,,-7.699934,-2.621226,33.2947,28.9707,,,,,,,,,,,,
1995-02,,,,,,,,,,,,9.645598,76.7981,,0.02802509,-1.611267,37.35816,30.57609,,,,,,,,,,,,
1995-03,,,,,,,,,,,,12.06441,77.4013,,-2.179963,0.4086514,40.06476,33.6046,,,,,,,,,,,,
1995-04,,,,,,,,,,,,11.26786,78.25327,,-5.491946,-6.661063,43.18053,34.9727,,,,,,,,,,,,
1995-05,,,,,,,,,,,,9.207941,78.08956,,-7.699934,-13.73078,35.39026,33.65467,,,,,,,,,,,,
1995-06,,,,,,,,,,,,6.661917,77.90921,,-9.907922,-21.81045,25.56917,31.88828,,,,,,,,,,,,
1995-07,,,,,,,,,,,,8.312484,77.66214,,-12.11591,-13.73078,18.20838,26.55232,,,,,,,,,,,,
1995-08,,,,,,,,,,,,8.659577,77.51896,,-14.3239,-5.651104,16.9845,17.30594,,,,,,,,,,,,
1995-09,,,,,,,,,,,,13.247,77.35785,,-8.803927,2.42857,15.28897,28.50852,,,,,,,,,,,,
1995-10,,,,,,,,,,,,11.25721,77.2345,,-4.387951,-5.651104,15.78603,35.03479,,,,,,,,,,,,
1995-11,,,,,,,,,,,,8.67615,77.25026,,1.132019,-12.72082,16.73955,39.88129,,,,,,,,,,,,
1995-12,,,,,,,,,,,,8.055799,77.33035,,-2.179963,-20.80049,17.01817,42.78793,,,,,,,,,,,,
1996-01,,,,,,,,,,,,9.367937,77.2608,,-6.59594,-18.78057,18.38833,40.28845,,,,,,,,,,,,
1996-02,,,,,,,,,,,,10.48298,77.05935,,-9.907922,-16.76066,18.99317,38.30167,,,,,,,,,,,,
1996-03,,,,,,,,,,,,8.194207,76.81445,,-6.59594,-14.74074,18.58683,32.72742,,,,,,,,,,,,
1996-04,,,,,,,,,,,,3.093382,76.56847,,-2.179963,-17.77061,18.52979,24.8708,,,,,,,,,,,,
1996-05,,,,,,,,,,,,-1.821193,76.36621,,1.132019,-19.79053,20.86281,15.45897,,,,,,,,,,,,
1996-06,,,,,,,,,,,,3.719997,76.18374,,-6.59594,-22.82041,22.1416,27.38446,,,,,,,,,,,,
1996-07,,,,,,,,,,,,9.098814,76.04326,,-14.3239,-22.82041,24.72341,35.79295,,,,,,,,,,,,
1996-08,,,,,,,,,,,,12.86119,76.3427,,-22.05186,-23.83037,26.23809,40.36208,,,,,,,,,,,,
1996-09,,,,,,,,,,,,10.72947,76.68697,,-13.2199,-23.83037,26.90372,42.79889,,,,,,,,,,,,
1996-10,,,,,,,,,,,,6.382222,77.03286,,-4.387951,-25.85029,27.84839,40.609,,,,,,,,,,,,
1996-11,,,,,,,,,,,,1.699479,77.19328,,4.444002,-28.88017,28.88406,38.4226,,,,,,,,,,,,
1996-12,,,,,,,,,,,,2.283364,77.38676,,3.340008,-30.90009,27.56975,41.09018,,,,,,,,,,,,
1997-01,,,,,,,,,,,,5.761759,77.38414,,2.236013,-22.82041,27.65087,42.3417,,,,,,,,,,,,
1997-02,,,,,,,,,,,,8.933908,77.66034,,1.132019,-15.7507,27.06025,43.68444,,,,,,,,,,,,
1997-03,,,,,,,,,,,,13.26507,77.79303,,-2.179963,-7.671022,23.92385,45.28628,,,,,,,,,,,,
1997-04,,,,,,,,,,,,14.30552,78.15985,,-4.387951,-8.680982,27.51359,47.20958,,,,,,,,,,,,
1997-05,,,,,,,,,,,,14.56371,78.14997,,-7.699934,-9.690941,26.71471,45.68214,,,,,,,,,,,,
1997-06,,,,,,,,,,,,14.28866,78.41588,,-11.01192,-11.71086,27.7504,43.56492,,,,,,,,,,,,
1997-07,,,,,,,,,,,,14.52395,78.82732,,-14.3239,-9.690941,29.39014,38.9389,,,,,,,,,,,,
1997-08,,,,,,,,,,,,14.00437,78.52386,,-17.63588,-7.671022,25.11716,32.04825,,,,,,,,,,,,
1997-09,,,,,,,,,,,,11.83052,78.31324,,-4.387951,-5.651104,20.26925,36.75471,,,,,,,,,,,,
1997-10,,,,,,,,,,,,4.79771,78.08622,,9.963972,-13.73078,13.7923,38.08788,,,,,,,,,,,,
1997-11,,,,,,,,,,,,-1.640509,78.13403,,24.3159,-21.81045,20.68006,41.20482,,,,,,,,,,,,
1997-12,,,,,,,,,,,,-5.742246,78.08768,,22.10791,-30.90009,23.94472,35.78125,,,,,,,,,,,,
1998-01,,,,,,,,,,,,-3.89958,77.79445,,18.79593,-23.83037,28.21944,30.92756,,,,,,,,,,,,
1998-02,,,,,,,,,,,,-3.172975,76.87852,,16.58794,-17.77061,22.54951,24.83963,,,,,,,,,,,,
1998-03,,,,,,,,,,,,2.017028,75.60855,,7.755984,-10.7009,16.30551,24.50797,,,,,,,,,,,,
1998-04,,,,,,,,,,,,1.617995,74.80835,,-1.075969,-18.78057,10.44633,22.55859,,,,,,,,,,,,
1998-05,,,,,,,,,,,,1.299417,74.77577,,-9.907922,-25.85029,7.702522,19.84062,,,,,,,,,,,,
1998-06,,,,,,,,,,,,-0.3915077,75.01994,,-8.803927,-33.92996,5.324207,23.95151,,,,,,,,,,,,
1998-07,,,,,,,,,,,,3.009116,75.38186,,-6.59594,-23.83037,2.909407,26.26178,,,,,,,,,,,,
1998-08,,,,,,,,,,,,6.439856,74.58897,,-5.491946,-13.73078,0.09458835,27.5584,,,,,,,,,,,,
1998-09,,,,,,,,,,,,8.933149,73.92136,,-2.179963,-4.641145,-3.156914,29.26063,,,,,,,,,,,,
1998-10,,,,,,,,,,,,12.95193,73.37533,,0.02802509,9.498284,-8.654669,29.38554,,,,,,,,,,,,
1998-11,,,,,,,,,,,,16.99471,72.53858,,2.236013,23.63771,-1.556162,29.58242,,,,,,,,,,,,
1998-12,,,,,,,,,,,,25.2687,71.9037,,-4.387951,37.77714,2.064455,33.64099,,,,,,,,,,,,
1999-01,,,,,,,,,,,,22.59848,70.8418,,-9.907922,20.60784,6.049344,37.27968,,,,,,,,,,,,
1999-02,,,,,,,,,,,,18.4054,71.98587,,-16.53189,2.42857,9.198527,36.25574,,,,,,,,,,,,
1999-03,,,,,,,,,,,,11.12793,72.9137,,-9.907922,-14.74074,11.05145,38.21661,,,,,,,,,,,,
1999-04,,,,,,,,,,,,8.29436,74.28445,,-4.387951,-15.7507,13.77478,36.24582,,,,,,,,,,,,
1999-05,,,,,,,,,,,,5.554651,72.4808,,2.236013,-17.77061,14.07655,36.67058,,,,,,,,,,,,
1999-06,,,,,,,,,,,,7.97218,71.14914,,-4.387951,-18.78057,14.60647,38.30916,,,,,,,,,,,,
1999-07,,,,,,,,,,,,8.482338,70.08112,,-12.11591,-22.82041,15.55346,36.15152,,,,,,,,,,,,
1999-08,,,,,,,,,,,,8.992677,69.91512,,-18.73988,-27.87021,18.81812,36.10836,,,,,,,,,,,,
1999-09,,,,,,,,,,,,6.656594,69.80768,,-15.42789,-31.91004,22.07656,36.45193,,,,,,,,,,,,
1999-10,,,,,,,,,,,,5.880333,70.0889,,-12.11591,-30.90009,23.40199,36.42517,,,,,,,,,,,,
1999-11,,,,,,,,,,,,5.041755,70.98671,,-8.803927,-29.89013,26.53179,36.21146,,,,,,,,,,,,
1999-12,,,,,,,,,,,,5.934432,72.302,,-5.491946,-28.88017,26.84056,41.19152,,,,,,,,,,,,
2000-01,,,,,,,,,,,,6.247024,73.20377,,-1.075969,-23.83037,25.95146,41.49547,,,,,,,,,,,,
2000-02,,,,,,,,,,,,3.929035,73.68204,,3.340008,-19.79053,29.5617,34.91765,,,,,,,,,,,,
2000-03,,,,,,,,,,,,6.243829,74.05516,,2.236013,-14.74074,30.56081,35.70824,,,,,,,,,,,,
2000-04,,,,,,,,,,,,3.687275,74.84994,,2.236013,-13.73078,32.77049,27.02862,,,,,,,,,,,,
2000-05,,,,,,,,,,,,3.66479,74.57191,,2.236013,-11.71086,26.18231,24.94124,,,,,,,,,,,,
2000-06,,,,,,,,,,,,5.824193,74.65755,,1.132019,-10.7009,19.56445,29.3055,,,,,,,,,,,,
2000-07,,,,,,,,,,,,4.894758,75.09465,,1.132019,-11.71086,13.87324,27.52715,,,,,,,,,,,,
2000-08,,,,,,,,,,,,5.861728,75.39314,,0.02802509,-13.73078,8.84444,31.34399,,,,,,,,,,,,
2000-09,,,,,,,,,,,,0.9929116,75.3254,,11.06797,-15.7507,4.496483,29.7974,,,,,,,,,,,,
2000-10,,,,,,,,,,,,-4.038605,76.00494,,22.10791,-17.77061,-1.24979,27.76271,,,,,,,,,,,,
2000-11,,,,,,,,,,,,-9.293992,73.98118,,33.14785,-20.80049,-7.388891,26.06636,,,,,,,,,,,,
2000-12,,,,,,,,,,,,-8.183156,72.49189,,23.2119,-23.83037,-15.18241,22.4928,,,,,,,,,,,,
2001-01,,,,,,,,,,,,1.968989,71.44795,-3.570142,-17.63588,-35.94988,-25.2006,24.22097,-7.649006,30.97696,,,,,,,,,,
2001-02,,,,,,,,,,,,-14.88083,70.88726,-10.52888,2.236013,-30.90009,-20.27927,-11.5064,16.90759,65.66917,,,,,,,,,,
2001-03,,,,,,,,,,,,-14.67299,69.76628,-12.62145,2.236013,-26.86025,-19.0234,-14.92272,24.10879,61.97044,,,,,,,,,,
2001-04,,,,,,,,,,,,11.24264,67.27811,-7.346795,-22.05186,-6.661063,-16.10623,18.33712,14.10163,50.8164,,,,,,,,,,
2001-05,,,,,,,,,,,,18.59086,68.7252,-4.409277,-45.23573,-11.71086,-13.84011,22.2477,-3.401333,49.8427,,,,,,,,,,
2001-06,,,,,,,,,,,,11.50981,69.43704,-5.600529,-23.15585,-7.671022,-11.8144,19.04459,-48.39716,50.66191,,,,,,,,,,
2001-07,,,,,,,,,,,,14.78596,69.48513,-4.227136,-3.283957,14.54808,-8.793648,26.52585,-29.17821,48.87508,,,,,,,,,,
2001-08,,,,,,,,,,,,9.648397,70.31493,-3.310506,-25.36384,-31.91004,-3.819986,35.4914,-4.889283,50.81297,,,,,,,,,,
2001-09,,,,,,,,,,,,-7.437224,70.49301,-10.46994,24.3159,-16.76066,1.928215,18.76488,-2.662543,46.94554,,,,,,,,,,
2001-10,,,,,,,,,,,,-2.144636,71.801,6.146862,2.236013,-17.77061,7.016097,13.57272,24.53282,41.60986,,,,,,,,,,
2001-11,,,,,,,,,,,,10.78959,72.6706,9.520028,-18.73988,12.52816,9.562326,1.100744,14.55185,44.12034,,,,,,,,,,
2001-12,,,,,,,,,,,,8.105124,73.09636,11.18539,-19.84387,-13.73078,11.61591,18.20228,-32.28828,46.1916,,,,,,,,,,
2002-01,,,,,,,,,,,,-8.692892,75.0825,6.985639,13.27595,7.478366,10.43493,-20.28109,-9.442124,37.34359,,,,,,,,,,
2002-02,,,,,,,,,,,,-3.339475,71.1394,6.433296,29.83587,9.498284,11.30442,10.31916,-0.7658591,31.07339,,,,,,,,,,
2002-03,,,,,,,,,,,,5.713481,74.14336,2.578368,-3.283957,11.5182,6.126376,2.338282,91.8259,36.49477,,,,,,,,,,
2002-04,,,,,,,,,,,,8.28344,72.48282,-10.36251,-8.803927,9.498284,8.085599,6.548105,1.567949,42.30083,,,,,,,,,,
2002-05,,,,,,,,,,,,-2.918726,73.96189,0.3927689,-14.3239,-23.83037,12.82954,0.7502923,10.33569,39.30811,,,,,,,,,,
2002-06,,,,,,,,,,,,2.698855,74.18536,-4.768118,29.83587,7.478366,19.05653,30.45407,-45.32265,41.32097,,,,,,,,,,
2002-07,,,,,,,,,,,,-3.236043,75.46191,0.1808227,-5.491946,-5.651104,26.08482,-9.548969,7.320452,45.51442,,,,,,,,,,
2002-08,,,,,,,,,,,,-0.7516707,75.26038,-0.996277,1.132019,-0.6013079,24.56734,-0.5216851,2.148814,46.69352,,,,,,,,,,
2002-09,,,,,,,,,,,,10.64114,76.94266,-1.11364,2.236013,-2.621226,23.56068,36.78065,6.69693,49.17166,,,,,,,,,,
2002-10,,,,,,,,,,,,12.83672,78.00709,-0.5126035,-7.699934,-1.611267,22.22784,32.4215,11.47406,13.9467,,,,,,,,,,
2002-11,,,,,,,,,,,,15.53769,75.94035,-3.796768,-37.50777,-12.72082,19.29365,21.8261,9.628839,44.85056,,,,,,,,,,
2002-12,,,,,,,,,,,,10.73864,76.1655,-3.411978,-6.59594,3.438529,16.20315,22.18146,-7.658945,50.37922,,,,,,,,,,
2003-01,,,,,,,,,,,,-12.84804,76.19617,-18.01276,-7.699934,-12.72082,10.42832,-33.52324,-1.998046,53.71799,,,,,,,,,,
2003-02,,,,,,,,,,,,-10.97117,72.22585,-11.51482,44.18779,-16.76066,16.61482,28.03494,-7.961914,48.90429,,,,,,,,,,
2003-03,,,,,,,,,,,,-11.68953,76.87208,-7.633683,11.06797,-6.661063,19.50229,-17.33957,90.8697,40.45934,,,,,,,,,,
2003-04,,,,,,,,,,,,5.220212,74.46644,-5.03012,-2.179963,-5.651104,22.29391,19.13177,-13.81451,-2.414399,,,,,,,,,,
2003-05,,,,,,,,,,,,10.00801,76.67048,-6.118648,-11.01192,-5.651104,22.96654,24.6632,-3.50444,0.1753728,,,,,,,,,,
2003-06,,,,,,,,,,,,0.3055654,77.38344,-0.6896712,11.06797,-10.7009,22.80126,22.68556,2.325176,9.062056,,,,,,,,,,
2003-07,,,,,,,,,,,,-4.636298,77.68495,0.02037312,-9.907922,-17.77061,23.14624,-6.0462,12.80611,1.225287,,,,,,,,,,
2003-08,,,,,,,,,,,,1.09482,78.46704,-2.382876,-6.59594,4.448488,18.75063,-7.759969,0.1594547,-17.83896,,,,,,,,,,
2003-09,,,,,,,,,,,,8.80792,80.70793,1.815204,23.2119,5.458447,14.48902,44.17722,0.2673589,-4.973066,,,,,,,,,,
2003-10,,,,,,,,,,,,-0.1544976,78.23528,0.2190694,-8.803927,-10.7009,10.1093,1.43348,32.59804,4.046365,,,,,,,,,,
2003-11,,,,,,,,,,,,3.887211,78.44713,4.257469,12.17196,-11.71086,11.84475,35.54445,1.962146,9.966338,,,,,,,,,,
2003-12,,,,,,,,,,,,9.56479,78.92751,1.430492,-33.0918,-5.651104,13.4161,1.253676,26.06198,7.904451,,,,,,,,,18.3,64.0
2004-01,,,,,,,,,,,,-7.672084,78.42057,2.480123,-1.075969,-19.79053,13.3865,-4.301686,2.17429,42.60984,,,,,,,,115.2296,17.6,58.7
2004-02,,,,,,,,,,,,9.849874,74.08443,0.07405597,11.06797,5.458447,17.27016,35.15914,-6.246878,16.90319,,,,,,,,115.8163,15.1,59.2
2004-03,,,,,,,,,,,,-0.3266657,80.47279,1.172928,-23.15585,2.42857,17.88363,-26.56442,91.62491,17.30493,,,,,,,,114.7603,13.1,64.1
2004-04,,,,,,,,,,,,5.658363,74.95069,1.497665,-15.42789,5.458447,17.00186,-3.91125,-12.04255,-10.58923,,,,,,,,114.7603,14.1,62.0
2004-05,,,,,,,,,,,,8.898539,81.83577,3.062945,-14.3239,0.4086514,13.20999,11.96307,8.896747,21.25003,,,,,,,,110.3013,6.1,69.0
2004-06,,,,,,,,,,,,-10.59481,82.21346,0.701008,18.79593,-6.661063,9.310866,-6.327454,17.8058,17.06166,,,,,,,,109.5972,7.5,63.0
2004-07,,,,,,,,,,,,-14.30679,81.82789,0.6367683,32.04385,-11.71086,4.705615,0.8343333,2.963442,13.53587,,,,,,,,108.1891,5.0,66.0
2004-08,,,,,,,,,,,,-2.34169,80.89183,6.489114,7.755984,0.4086514,7.847854,0.3222625,-0.02983001,13.94075,,,,,,,,103.2608,-1.1,73.0
2004-09,,,,,,,,,,,,16.87615,81.58221,3.074106,-9.907922,12.52816,11.91144,28.19235,0.6475317,32.50199,,,,,,,,105.1382,2.8,72.0
2004-10,,,,,,,,,,,,7.623925,80.22252,14.94778,-2.179963,16.568,15.43376,4.123813,0.4815312,34.97686,,,,,,,,106.1943,3.5,73.0
2004-11,,,,,,,,,,,,-2.298008,82.47687,5.307719,16.58794,-4.641145,16.00565,14.33506,4.074509,19.58785,,,,,,,,105.0209,0.8,73.0
2004-12,,,,,,,,,,,,-1.046812,83.36395,13.56693,4.444002,-8.680982,15.32308,9.984546,23.25949,6.923577,,,,,,,,107.8371,4.7,68.0
2005-01,,,,,,,,,,,,4.585319,77.63195,1.954019,-3.283957,0.4086514,15.99311,10.06335,-40.11798,0.204804,,,,,,,,108.1891,8.6,60.0
2005-02,,,,,,,,,,,,-2.177052,77.74191,-1.648431,25.41989,-6.661063,14.71766,25.5498,19.97197,10.49348,,,,,,,,107.9544,5.5,61.3
2005-03,,,,,,,,,,,,1.541623,78.87936,3.265581,-9.907922,-8.680982,8.247261,3.397929,63.98452,10.37721,,,,,,,,104.1995,0.5,58.8
2005-04,,,,,,,,,,,,-6.195542,78.06995,1.63861,16.58794,-13.73078,4.983201,11.73209,17.23503,8.754176,,,,,,,,102.2047,-2.9,62.1
2005-05,,,,,,,,,,,,2.010514,78.67876,1.147215,-4.387951,-8.680982,1.619492,10.32457,2.04837,-3.559632,,,,,,,,102.2047,-4.1,58.4
2005-06,,,,,,,,,,,,-0.7363718,78.37726,0.134918,16.58794,-3.631186,2.057216,18.01001,-17.54899,10.3924,,,,,,,,100.6792,-6.4,60.5
2005-07,,,,,,,,,,,,-5.479662,78.60806,1.709912,-9.907922,-17.77061,1.062798,-8.576293,-6.050573,10.24382,,,,,,,,100.9139,-5.8,58.2
2005-08,,,,,,,,,,,,7.370769,79.36374,0.6746247,-4.387951,-2.621226,1.514177,20.34558,2.906366,12.20078,,,,,,,,98.80177,-7.0,60.4
2005-09,,,,,,,,,,,,12.42643,80.13145,-0.3660159,-15.42789,-2.621226,4.194855,24.47262,3.371412,14.43633,,,,,,,,96.57228,-10.1,63.9
2005-10,,,,,,,,,,,,-6.652607,80.19579,1.967647,17.69193,-8.680982,6.751305,6.41509,39.04991,8.19505,,,,,,,,99.50582,-4.0,62.0
2005-11,,,,,,,,,,,,-1.384617,79.72283,2.374512,16.58794,-10.7009,10.65627,23.13498,1.414007,2.691797,,,,,,,,101.266,-4.3,59.0
2005-12,,,,,,,,,,,,7.872927,80.00829,3.318066,-13.2199,-10.7009,11.61619,21.09978,3.948101,17.02797,,,,,,,,101.1486,-5.2,56.0
2006-01,,,,,,,,,,,,1.021321,76.07419,1.41804,17.69193,-2.621226,17.26711,23.37712,-34.18056,7.56475,,,,,,,,103.8475,-2.5,58.0
2006-02,,,,,,,,,,,,5.426334,77.92117,2.779106,-2.179963,-11.71086,17.21845,25.8099,26.55568,10.87606,,,,,,,,103.1434,-2.4,56.0
2006-03,,,,,,,,,,,,3.349619,79.33022,5.682589,-3.283957,-4.641145,13.22296,11.40604,70.7709,-0.01531168,,,,,,,,103.8475,-3.3,52.0
2006-04,,,,,,,,,,,,1.007157,80.61082,1.690394,-3.283957,-11.71086,3.862771,11.44837,12.54946,7.51847,,,,,,,,104.4342,-2.8,53.0
2006-05,,,,,,,,,,,,4.680025,80.01814,4.816873,-9.907922,-5.651104,-0.282959,9.783257,-5.245884,10.86074,,,,,,,,101.8527,-6.9,58.9
2006-06,,,,,,,,,,,,-3.607176,80.01157,4.116538,-4.387951,-11.71086,-0.3276372,-3.498619,-15.89275,20.76665,,,,,,,,92.58266,-14.6,67.0
2006-07,,,,,,,,,,,,-0.2496241,79.64667,0.3723599,-7.699934,-6.661063,-1.996931,-1.787743,-17.98056,9.621109,,,,,,,,88.47569,-17.4,73.0
2006-08,,,,,,,,,,,,5.087821,78.98158,2.15643,-3.283957,-9.690941,-2.265537,21.67044,-11.48515,9.061278,,,,,,,,91.76127,-14.8,69.0
2006-09,,,,,,,,,,,,-0.1878614,80.35136,2.168514,-4.387951,-7.671022,1.254465,2.719487,9.829683,9.134151,,,,,,,,91.64392,-14.1,69.0
2006-10,,,,,,,,,,,,-6.108756,80.34737,7.3478,12.17196,-20.80049,6.1184,14.64618,5.687331,12.18827,,,,,,,,91.87861,-14.2,70.0
2006-11,,,,,,,,,,,,3.212509,81.21817,8.019246,-2.179963,-12.72082,11.21568,20.17838,39.77352,13.22583,,,,,,,,93.99076,-11.3,70.0
2006-12,,,,,,,,,,,,4.759838,81.06307,10.17151,-11.01192,-17.77061,11.18778,21.03821,-20.89051,15.86811,,,,,,,,92.46532,-12.8,69.0
2007-01,,,,,,,,,,,,8.416752,81.17786,16.16456,7.3,-6.6,27.27802,39.15025,37.12696,23.49544,-4.6,,,,,,,92.23064,-12.8,71.0
2007-02,,,,,,,,,,,,1.546613,80.7629,16.80572,15.0,-8.6,10.02041,28.23984,7.488041,20.86991,-5.5,,,,,,,93.28671,-12.1,69.0
2007-03,,,,,,,,,,,,9.558439,81.45459,13.78444,13.6,-8.6,16.44227,50.87532,14.26188,27.94277,-4.5,,,,,,,92.93468,-13.0,69.0
2007-04,,,,,,,,,,,,1.722545,82.06004,16.7718,19.5,-3.0,29.3299,27.66763,16.00793,21.47258,-6.6,,,,,,,94.34278,-10.6,70.0
2007-05,,,,,,,,,,,,1.100117,81.95657,12.73714,20.9,-5.4,20.48093,29.60035,19.77407,15.15236,-6.8,,,,,,,95.86823,-10.9,66.0
2007-06,,,,,,,,,,,,5.640112,82.17927,10.42228,-1.1,-8.9,15.24475,24.72034,23.33246,10.93839,-6.9,,,,,,,94.9295,-12.3,65.0
2007-07,,,,,,,,,,,,3.314001,82.98421,16.37763,8.8,-7.0,20.29161,25.742,24.95768,18.34896,-7.5,,,,,,,96.57228,-8.0,65.0
2007-08,,,,,,,,,,,,3.840829,82.37476,16.72657,10.4,-7.2,21.08285,29.12249,16.64051,17.93645,-6.8,,,,,,,99.74051,-2.4,69.0
2007-09,,,,,,,,,,,,5.917674,82.16147,14.64245,2.5,-5.1,9.712348,25.35302,4.753053,17.84878,-6.7,,,,,,,98.44975,-2.3,71.0
2007-10,,,,,,,,,,,,-0.01773744,82.32362,11.07635,13.3,-11.8,12.26683,25.04679,25.83173,19.0583,-7.5,,,,,,,97.39367,-7.1,71.0
2007-11,,,,,,,,,,,,7.166708,82.05698,8.158868,8.4,-10.7,9.252422,40.60012,22.49159,23.01333,-9.0,,,,,,,93.05202,-12.6,77.0
2007-12,,,,,,,,,,,,6.276151,81.31157,8.337583,2.6,-9.9,23.24889,31.32845,26.20428,14.24952,-9.4,,,,,,,94.69481,-9.9,74.0
2008-01,,,,,,,,,,,,0.3445934,81.11843,11.68505,9.5,-14.1,21.67014,24.63378,22.55499,21.26123,-9.6,,,,,,,92.58266,-12.6,77.0
2008-02,,,,,,,,,,,,0.8796611,81.23206,9.268399,8.4,-15.5,-4.722037,26.53898,11.44124,20.69594,-10.2,,,,,,,87.30228,-18.2,79.0
2008-03,,,,,,,,,,,,6.232671,79.218,5.912321,4.4,-7.0,10.16144,30.09801,12.15905,28.22705,-12.1,,,,,,,80.6138,-25.1,80.0
2008-04,,,,,,,,,,,,-2.876899,80.37332,6.312482,7.7,-17.8,4.665561,16.8693,13.40302,26.234,-13.3,,,,,,,73.92532,-34.2,84.0
2008-05,,,,,,,,,,,,-3.740594,80.22646,9.243518,13.8,-16.7,8.93219,19.27822,12.74798,29.82207,-16.2,,,,,,,72.86924,-34.2,86.0
2008-06,,,,,,,,,,,,-2.410082,80.64198,5.814493,9.9,-17.6,5.786822,20.26975,9.947286,25.17419,-17.8,,,,,,,72.51721,-35.3,86.0
2008-07,,,,,,,,,,,,-5.166423,80.30999,2.437969,13.7,-19.7,-1.264039,17.90073,5.404947,30.15026,-20.2,,,,,,,74.86405,-31.8,85.0
2008-08,,,,,,,,,,,,-6.344121,82.14711,-0.6589894,12.0,-23.5,-3.129405,16.46764,7.687704,6.529572,-23.3,,,,,,,78.14962,-25.1,83.0
2008-09,,,,,,,,,,,,-13.39139,78.98996,-13.86322,16.4,-30.3,-8.769812,6.525818,5.237911,7.278148,-26.5,,,,,,,79.2057,-24.5,82.0
2008-10,,,,,,,,,,,,-27.62631,77.18733,-19.99544,15.4,-46.0,-11.34506,-21.47892,0.00601946,4.859762,-38.9,,,,,,,71.57848,-32.2,83.0
2008-11,,,,,,,,,,,,-33.19361,73.39597,-41.18893,21.4,-53.6,-37.86016,-24.58084,-28.97801,2.053838,-56.2,,,,,,,65.35937,-37.0,79.0
2008-12,,,,,,,,,,,,-31.15835,67.07166,-35.25983,9.0,-61.7,-57.21514,-22.77506,-50.75549,-3.70882,-57.1,,,,,,,66.53278,-37.8,73.0
2009-01,,,,,,,,,,,,-30.49694,63.53271,-34.81773,8.8,-68.3,-52.27437,-14.39081,-50.08303,-9.446837,-59.4,,,,,,,68.41026,-36.1,72.0
2009-02,,,,,,,,,,,,-30.24835,64.05714,-37.5967,-0.9,-73.1,-53.31375,-18.54506,-54.15831,-12.51322,-59.4,,,,,,,71.3438,-34.6,66.0
2009-03,,,,,,,,,,,,-28.13723,62.33248,-26.62703,11.4,-71.1,-49.91273,-1.911692,-39.25249,-13.26211,-59.7,,,,,,,72.28253,-35.4,66.0
2009-04,,,,,,,,,,,,-14.18119,61.70543,-13.04695,-10.1,-60.3,-40.92848,7.656426,-33.46954,-0.4257478,-57.0,,,,,,,79.2057,-29.2,69.0
2009-05,,,,,,,,,,,,-4.42329,65.3168,-13.36062,-17.0,-50.1,-6.996754,19.83013,-19.24438,11.68034,-53.4,,,,,,,82.25658,-24.4,66.0
2009-06,,,,,,,,,,,,-7.950455,68.99299,-6.946403,-3.5,-44.5,4.099821,17.14863,16.9635,11.05259,-52.7,,,,,,,84.48608,-20.6,67.0
2009-07,,,,,,,,,,,,-4.910155,68.51987,-0.1133887,-16.5,-39.8,13.2954,8.569536,18.97249,13.6057,-49.3,,,,,,,81.08317,-22.9,72.0
2009-08,,,,,,,,,,,,-6.327417,71.44122,-3.848237,-14.9,-38.1,9.539194,4.217748,21.82181,16.38182,-45.9,,,,,,,79.90974,-24.2,73.0
2009-09,,,,,,,,,,,,-9.351372,68.82809,-4.351046,-1.7,-38.4,9.317472,8.645885,3.680083,14.65819,-42.9,,,,,,,80.6138,-23.7,73.0
2009-10,,,,,,,,,,,,-8.408789,68.68465,-1.026374,-12.6,-43.6,2.038592,5.773635,10.12242,9.730884,-40.7,,,,,,,78.85367,-23.8,73.0
2009-11,,,,,,,,,,,,-7.372558,70.01173,-2.172989,-10.9,-40.0,-1.90881,6.982326,8.873294,13.25,-38.2,,,,,,,76.50684,-26.5,75.0
2009-12,,,,,,,,,,,,-3.374323,68.95844,0.1311307,-12.5,-40.8,-3.868454,18.17703,-3.033992,19.99149,-36.1,,,,,,,76.9762,-27.0,74.8
2010-01,,,,,,,,,,,,-0.8436846,69.50532,1.550219,-11.4,-39.8,1.329158,25.86895,3.502112,23.13765,-32.2,,,,,,,77.44557,-25.8,75.9
2010-02,,,,,,,,,,,,-5.496755,69.87444,5.073339,2.5,-37.5,5.304298,23.50974,5.180157,25.81232,-30.0,,,,,,,80.49645,-21.7,75.0
2010-03,,,,,,,,,,,,-1.209947,69.87366,3.661321,-3.3,-32.4,10.29181,25.47016,5.568336,27.53506,-27.6,,,,,,,83.89937,-17.7,71.0
2010-04,,,,,,,,,,,,3.08913,75.39506,9.891749,1.4,-16.0,26.09698,26.66739,31.04765,25.3519,-25.2,,,,,,,85.19012,-17.1,71.0
2010-05,,,,,,,,,,,,-0.4690441,74.83374,9.955164,3.1,-18.9,17.37409,20.59287,27.66916,19.92288,-24.0,,,,,,,86.12886,-16.5,68.0
2010-06,,,,,,,,,,,,-1.427055,73.7793,12.45097,0.3,-21.2,9.775715,17.21883,22.05948,13.26379,-21.5,,,,,,,87.77164,-14.6,63.0
2010-07,,,,,,,,,,,,0.6262296,74.64052,10.14458,2.1,-14.5,9.02795,18.47869,19.77373,15.67785,-19.2,,,,,,,87.18494,-14.5,68.0
2010-08,,,,,,,,,,,,1.082395,74.67552,14.66716,0.7,-21.8,3.535665,25.74718,17.44436,16.68247,-20.3,,,,,,,86.95026,-13.2,69.0
2010-09,,,,,,,,,,,,3.121283,74.64539,14.47471,-1.2,-15.4,9.740876,23.56385,24.9119,18.25397,-16.6,,,,,,,90.58784,-6.9,70.0
2010-10,,,,,,,,,,,,0.9639959,75.37647,13.69082,5.7,-18.6,16.46333,27.19199,28.26502,22.89337,-17.1,,,,,,,88.94506,-10.5,73.0
2010-11,,,,,,,,,,,,4.539652,75.87032,14.44251,5.3,-8.9,23.70659,27.81896,30.75042,20.62846,-13.5,,,,,,,91.64392,-8.2,72.0
2010-12,,,,,,,,,,,,6.7006,76.57977,11.55151,2.3,-5.8,24.48757,28.2018,25.46844,25.29692,-12.0,,,,,,,91.2919,-8.3,73.0
2011-01,114.65,105.73,120.33,91.13,104.3,160.13,148.14,131.48,132.18,147.27,86.16,4.884894,76.60533,14.7297,4.4,-6.4,40.85127,25.45468,44.72827,29.74174,-12.2,126.94,131.18,144.31,122.29,124.62,112.63,91.64392,-9.1,73.0
2011-02,110.8,103.95,117.05,90.84,102.45,160.86,148.54,131.21,132.15,151.95,84.24,2.099658,76.86575,11.5845,2.0,-5.2,24.30541,13.49897,22.68108,23.39878,-11.2,125.16,129.55,142.04,121.47,122.11,112.65,94.22544,-6.8,71.0
2011-03,107.95,95.63,110.01,81.24,102.29,154.6,143.61,127.9,126.58,145.14,85.48,1.606445,76.88817,14.81213,2.8,-7.4,19.20724,15.01933,29.61746,17.00986,-10.9,127.44,129.78,138.04,123.86,121.31,114.0,94.1081,-7.5,71.0
2011-04,108.7,103.58,117.34,89.81,103.79,156.41,145.99,127.37,132.88,144.18,79.72,1.669029,77.06999,15.24834,5.6,-5.3,5.344954,15.90709,30.27409,15.73415,-10.8,126.39,129.72,139.46,123.32,120.98,113.24,94.1081,-6.7,69.0
2011-05,108.42,104.96,122.57,87.34,104.3,159.11,140.21,125.76,132.77,146.73,77.97,3.662179,76.9674,12.84242,3.6,-4.5,13.4735,19.08654,22.44996,17.06152,-10.9,126.93,130.61,140.76,124.13,123.76,113.73,93.40405,-6.9,68.0
2011-06,109.47,105.28,120.69,89.88,103.33,154.34,145.86,128.39,129.94,145.08,84.98,3.628006,77.69068,8.303235,8.7,-4.6,15.00274,24.18402,18.53625,24.17538,-10.4,125.52,130.81,143.17,123.74,124.28,113.07,97.62836,0.2,66.0
2011-07,113.84,107.45,123.52,91.39,109.8,149.31,147.85,125.72,129.9,145.09,80.0,3.088239,76.272,15.07213,5.3,-7.8,16.14807,22.36472,18.96585,20.76218,-11.1,126.58,129.27,137.44,123.79,123.86,115.74,95.75089,-1.5,70.0
2011-08,109.96,101.14,112.47,89.81,108.28,147.47,139.68,124.96,126.08,139.73,87.75,1.873272,77.21852,10.74836,4.6,-10.5,8.808309,20.71982,13.80141,24.55575,-9.3,120.61,125.71,134.36,122.17,121.85,111.81,92.11329,-7.0,72.0
2011-09,107.82,103.04,117.9,88.19,104.35,158.94,133.85,126.33,127.83,148.19,86.2,5.354676,77.2206,12.56154,1.7,-10.6,12.84707,28.36403,16.0527,23.83735,-10.6,124.26,128.19,136.97,123.34,122.21,112.56,94.46013,-3.4,71.0
2011-10,112.02,102.88,116.41,89.35,101.07,160.36,134.18,125.75,126.87,149.59,82.72,0.8049297,77.03905,11.96448,6.3,-9.9,9.190321,18.61479,12.23864,22.85731,-9.8,121.07,126.83,137.48,121.94,121.35,110.83,89.76646,-9.4,78.0
2011-11,105.87,101.18,116.11,86.24,99.36,151.04,139.95,124.34,125.84,146.05,82.03,1.70688,77.23507,13.89465,5.9,-10.2,12.27114,21.22064,17.90522,19.58894,-11.9,123.52,126.92,134.76,122.48,120.72,112.34,91.2919,-9.1,76.0
2011-12,111.28,101.13,115.44,86.81,101.41,151.8,134.84,124.68,121.5,142.98,87.39,0.8185995,76.47784,16.84869,4.3,-13.3,6.136918,20.0558,13.53164,17.23429,-13.0,121.11,126.93,138.66,121.02,122.75,112.43,92.46532,-6.6,76.0
2012-01,106.25,100.89,117.49,84.28,106.34,145.09,131.01,123.03,121.67,140.38,93.0,-1.171026,76.58717,12.68841,7.0,-14.7,6.728487,18.18692,11.3357,18.06468,-11.3,120.91,125.06,133.88,120.38,121.04,110.88,92.7,2.2,88.7
2012-02,102.8,97.72,115.59,79.86,102.28,150.86,126.81,123.05,125.84,141.95,91.5,1.251034,76.37142,11.20046,9.9,-13.6,6.925353,27.2531,15.32565,17.01169,-12.3,117.0,124.26,135.98,119.8,122.5,111.55,94.0,3.5,94.0
2012-03,97.56,100.08,115.88,84.27,105.69,155.09,128.57,124.0,125.5,143.36,88.35,1.73044,76.51629,10.98167,5.0,-10.4,10.63816,20.59132,14.94156,15.56142,-12.3,118.17,124.91,138.34,118.22,122.57,112.94,93.3,2.9,91.2
2012-04,107.42,102.55,118.44,86.66,109.91,153.84,131.08,123.43,120.8,143.17,85.36,0.9336669,78.08585,10.07704,6.5,-6.1,11.80386,15.401,18.33748,17.01631,-12.2,119.06,124.97,135.98,119.86,122.26,110.96,88.9,-5.2,80.3
2012-05,109.49,103.44,118.19,88.69,103.56,150.02,136.38,123.91,123.26,141.59,85.35,1.601851,76.63477,9.31661,6.1,-10.1,4.61957,21.00555,10.46182,14.94061,-12.9,119.7,125.4,137.22,119.29,121.41,111.56,91.8,2.2,85.6
2012-06,112.43,100.81,114.71,86.92,102.51,147.96,130.55,120.88,122.97,139.77,84.15,-4.454223,75.3905,5.716276,10.2,-16.5,1.456616,13.33733,12.01924,9.793892,-13.7,123.41,126.07,135.0,119.79,122.21,113.66,91.1,-2.0,90.5
2012-07,105.98,99.08,110.52,87.64,99.07,144.24,133.78,120.19,124.62,142.98,82.55,1.243853,76.18777,6.390975,4.4,-11.4,-0.6893491,19.53156,-3.896997,13.37344,-13.6,126.06,126.98,133.71,121.16,120.76,115.55,91.9,-0.6,93.4
2012-08,105.59,98.24,109.76,86.73,97.12,151.05,130.96,122.83,123.18,142.78,86.48,-0.7568954,76.41907,6.102782,6.7,-14.6,5.296587,19.02931,10.13235,11.76305,-14.4,119.71,124.89,135.53,119.41,122.65,111.56,89.9,-4.5,96.0
2012-09,105.33,99.19,109.27,89.12,97.19,152.92,137.41,126.98,126.04,143.16,90.6,-2.795022,76.39693,6.989191,6.6,-20.6,-1.875599,18.81493,7.77282,12.37474,-15.5,118.03,124.13,136.17,118.19,122.56,111.1,89.1,-9.5,88.2
2012-10,104.84,96.19,103.82,88.57,96.17,146.15,136.81,121.84,125.44,140.72,82.57,-1.739696,76.37147,8.279025,6.7,-15.5,17.41705,16.98091,12.78084,20.66124,-14.5,119.68,124.6,135.19,118.92,120.54,111.23,85.3,-14.3,79.3
2012-11,99.42,93.98,103.53,84.42,98.1,137.87,132.13,119.98,122.73,132.85,89.93,1.541677,76.31253,7.600586,6.4,-12.8,7.842696,23.82503,9.077016,17.80026,-15.4,115.97,122.0,133.36,116.66,120.62,111.57,89.9,-6.1,82.6
2012-12,97.32,91.15,100.31,82.0,95.13,144.14,131.6,121.28,125.31,137.72,88.1,-0.9036551,76.17516,7.355725,4.6,-13.8,2.160405,15.68903,4.424557,11.18681,-13.6,117.44,122.5,133.17,116.9,122.32,109.58,89.3,-5.7,83.8
2013-01,98.48,93.08,100.37,85.8,91.07,149.41,129.72,124.47,125.48,142.79,94.28,-4.673283,75.96824,7.776912,8.4,-18.0,10.18446,12.38015,12.68576,9.798335,-15.7,116.63,122.85,134.91,117.0,119.02,106.54,91.8,-2.6,86.2
2013-02,100.76,93.64,103.64,83.65,99.23,156.51,135.25,127.3,123.75,147.78,90.14,-2.784337,75.83086,14.89858,4.2,-13.5,8.031469,9.346991,23.22264,11.70983,-13.8,118.0,124.05,136.5,117.66,119.63,108.84,92.0,-1.0,90.3
2013-03,106.73,99.02,112.34,85.7,101.37,162.63,138.81,128.76,127.64,152.55,84.85,3.156559,75.95245,12.64063,3.2,-9.1,6.480059,21.76968,5.416647,11.7696,-14.4,116.13,123.6,137.6,117.06,120.59,106.36,92.2,-2.0,88.3
2013-04,103.08,95.69,105.11,86.27,97.64,159.21,134.95,125.55,125.55,147.58,82.48,1.313489,75.37934,8.573853,7.3,-9.4,-6.756356,20.64047,3.493542,1.86498,-14.3,120.96,125.27,136.97,117.88,120.91,109.98,92.8,1.3,88.6
2013-05,101.34,96.98,105.48,88.47,95.46,154.53,135.54,123.33,121.46,146.97,79.91,1.925603,76.52837,10.00222,12.9,-1.9,8.603222,20.57681,11.1573,3.799963,-14.3,119.73,124.28,134.2,118.89,120.44,110.14,95.4,4.7,89.4
2013-06,100.96,95.36,105.62,85.09,97.64,156.52,133.32,123.22,122.18,149.06,79.82,4.619896,76.59393,12.25672,2.6,-7.7,16.30327,24.15969,13.97381,14.04849,-12.7,115.87,122.43,134.15,117.27,118.81,110.83,94.4,2.0,91.0
2013-07,101.89,94.52,101.53,87.51,93.36,145.98,130.9,119.54,120.39,139.95,81.76,2.673548,77.27184,10.02716,1.4,-11.9,11.7537,21.32064,14.90834,24.45181,-13.3,114.49,121.25,132.76,116.51,116.97,108.16,95.9,5.1,89.3
2013-08,102.62,94.87,105.45,84.3,98.4,157.14,132.33,123.27,121.58,149.76,80.35,2.183315,78.32891,10.96696,3.6,-9.3,15.01842,19.44994,13.53051,16.2548,-12.0,117.98,124.35,138.57,116.49,117.85,108.61,94.9,3.0,87.8
2013-09,104.52,93.32,100.44,86.19,97.98,153.45,140.69,127.6,126.22,145.33,88.68,2.487821,77.18868,11.20107,-2.1,-11.4,15.86633,16.76346,3.479982,19.77791,-11.0,117.33,122.89,134.62,116.71,117.44,106.29,91.5,-4.2,83.2
2013-10,100.58,95.43,103.37,87.49,96.65,150.92,139.21,125.63,127.28,148.21,86.75,1.602835,77.54552,10.62176,4.7,-6.5,27.17949,16.00851,7.337664,18.76991,-11.4,119.89,124.3,136.14,116.87,121.58,109.22,93.7,1.6,85.7
2013-11,104.54,94.81,102.79,86.83,99.23,145.27,138.39,123.92,128.04,142.59,88.12,0.4040504,76.90914,8.789742,4.2,-8.7,-0.06156097,14.11215,0.1393193,20.23831,-10.1,122.22,124.42,133.23,117.82,119.97,109.36,96.8,7.3,85.5
2013-12,102.16,92.59,99.76,85.41,95.46,145.85,134.19,123.74,128.49,142.34,91.18,-0.7877335,77.40034,10.80357,7.5,-8.0,13.27762,13.1368,8.862755,19.52196,-11.7,121.07,123.04,130.46,117.59,115.76,111.99,94.4,1.9,84.4
2014-01,104.26,99.36,107.58,91.14,99.98,156.6,131.64,125.48,124.13,146.8,88.2,-3.480047,76.55599,7.915876,13.7,-11.6,3.93535,14.85986,3.661562,25.87875,-10.1,118.46,122.7,134.28,115.37,122.77,112.52,91.8,-6.0,75.9
2014-02,101.84,91.91,100.73,83.09,95.16,145.04,132.0,122.34,123.13,143.38,89.99,-4.698162,76.00908,11.66845,2.0,-14.3,11.20229,2.205515,9.524419,22.84879,-11.4,117.06,121.51,132.41,115.05,119.42,108.52,89.5,-9.6,75.1
2014-03,99.09,88.56,96.94,80.18,93.19,143.48,130.54,120.63,122.97,137.45,87.88,0.4112297,76.06001,8.500116,4.1,-12.3,8.798603,17.63369,15.70592,19.59194,-9.5,116.04,119.79,128.25,115.09,116.17,107.79,92.6,-4.1,77.2
2014-04,96.72,89.84,100.57,79.1,98.84,150.83,130.05,122.77,123.41,144.82,87.42,2.097216,75.36079,6.050021,3.9,-9.7,4.875137,19.89165,0.005025314,16.71395,-11.0,113.23,119.54,130.8,114.59,118.62,107.09,97.4,7.0,84.6
2014-05,97.33,91.78,100.93,82.63,97.32,147.03,131.88,123.18,118.96,140.36,90.63,4.950894,74.5528,10.15835,3.2,-9.2,6.393419,27.25268,7.339773,16.27775,-9.5,112.71,118.4,129.01,113.48,116.53,108.51,95.0,2.7,81.9
2014-06,98.65,91.8,100.11,83.5,96.14,145.55,136.1,121.7,121.19,142.48,83.46,3.481403,74.80472,13.35021,4.2,-8.2,4.103993,22.84421,-1.595365,17.58051,-10.8,114.8,119.47,128.44,115.17,116.33,108.55,93.2,-1.3,82.7
2014-07,95.76,90.15,101.51,78.78,96.68,139.75,131.94,120.5,114.41,133.3,89.81,1.74561,74.19168,11.42671,3.6,-14.8,9.976444,23.63683,-0.9806417,17.31997,-11.0,111.1,116.47,124.62,113.69,113.81,104.43,93.1,-1.6,81.7
2014-08,96.85,93.66,106.9,80.41,94.92,146.11,131.89,123.26,120.4,143.55,91.77,1.602113,74.39405,9.118649,3.2,-12.4,6.178019,20.40634,8.166964,17.65647,-11.9,114.64,119.44,129.3,114.37,119.2,104.82,93.2,-0.2,77.8
2014-09,97.87,95.07,107.95,82.19,97.11,152.58,137.35,125.64,124.61,146.39,86.98,0.5662454,74.4955,11.20758,3.4,-17.7,6.727797,22.79874,15.58213,18.96982,-12.7,116.41,120.13,128.56,115.41,114.7,107.51,94.1,2.1,78.7
2014-10,99.13,91.98,102.96,81.0,94.22,145.13,138.64,124.44,123.32,140.9,89.56,5.309155,74.56229,10.65403,1.8,-8.1,23.99769,25.82747,20.12321,16.66972,-12.3,117.43,119.67,127.12,114.47,115.03,110.48,91.7,-8.7,78.0
2014-11,103.24,93.69,106.18,81.2,98.99,143.42,134.74,123.01,119.33,141.54,90.88,1.051467,74.62463,10.03612,3.8,-12.1,-0.8044978,19.0544,17.04632,16.32946,-14.1,113.03,117.28,125.71,113.09,114.49,105.96,90.9,-9.5,79.4
2014-12,99.09,92.73,102.76,82.71,94.7,148.1,134.27,125.25,122.02,141.29,93.38,1.225441,74.94852,8.519535,6.3,-15.3,0.9342427,25.27632,12.54113,15.68165,-12.7,114.87,118.88,128.78,112.99,117.27,103.89,90.4,-8.2,80.3
2015-01,100.53,93.57,103.31,83.84,97.21,143.18,131.5,121.9,125.79,140.95,91.02,1.542834,75.2917,10.54564,6.1,-13.0,0.9314567,23.7285,6.339056,7.830291,-13.5,119.3,122.23,132.46,114.93,118.87,107.51,89.6,-8.5,81.0
2015-02,103.2,95.59,107.1,84.08,99.93,146.16,134.98,122.34,123.17,140.65,85.89,0.07082356,75.99946,6.889637,5.6,-14.7,-3.787322,20.51247,0.4841794,15.67145,-13.4,120.29,122.64,132.69,114.94,118.39,110.92,89.1,-9.1,80.7
2015-03,100.59,93.96,104.78,83.14,100.61,144.26,131.57,121.54,125.61,141.85,88.78,-2.769072,75.46285,9.078989,7.0,-16.4,-2.538182,15.09278,3.785299,11.04211,-14.9,115.97,120.28,130.37,114.5,119.4,110.14,86.7,-13.7,79.4
2015-04,96.89,91.91,101.16,82.65,98.09,144.01,135.34,121.3,123.26,141.02,84.55,2.760184,76.94215,11.67423,5.9,-9.1,2.603022,23.28055,12.23557,20.59806,-13.9,115.93,120.7,131.09,115.09,117.35,110.97,87.5,-13.9,81.4
2015-05,102.11,95.55,106.06,85.03,100.82,147.18,134.17,122.56,124.04,142.67,86.33,3.207497,77.20857,11.2617,11.0,-4.7,2.338085,25.32249,9.090583,23.77663,-14.8,114.46,120.38,131.49,115.19,119.35,109.23,86.7,-14.5,79.9
2015-06,100.9,96.27,105.23,87.31,102.65,145.45,140.54,123.94,125.04,139.82,85.84,-0.624428,76.91718,9.090116,14.4,-9.2,3.971904,21.72672,10.21232,21.62107,-14.6,115.53,118.52,125.58,114.47,114.39,108.83,89.3,-10.5,87.7
2015-07,95.71,93.31,102.37,84.25,97.3,146.48,127.08,120.35,124.76,140.74,87.5,-0.9676423,77.8916,6.461455,8.3,-8.0,5.96059,13.39707,11.23053,19.78553,-14.4,111.42,118.57,131.12,113.16,117.65,104.9,87.5,-15.7,83.0
2015-08,98.83,93.54,106.1,80.98,98.56,138.97,134.75,119.79,121.45,138.12,85.66,0.191765,76.40565,11.63557,8.6,-9.1,7.306252,18.2753,11.7928,16.33664,-14.1,116.64,119.98,127.93,115.38,115.22,108.48,84.8,-22.4,80.9
2015-09,96.4,91.38,101.52,81.24,102.53,131.78,124.84,115.56,118.78,133.79,90.07,-4.427255,77.56947,6.842303,6.1,-12.2,3.669332,5.018236,14.54912,25.67076,-13.9,113.96,116.56,123.34,112.37,115.92,106.5,82.2,-28.0,76.9
2015-10,97.02,90.27,102.08,78.45,100.08,137.27,129.48,118.65,120.3,137.24,89.19,-0.8111995,76.99226,8.140034,5.3,-12.2,-5.920187,15.0664,3.015891,12.65582,-14.4,114.55,117.4,124.36,113.3,117.7,104.46,86.3,-19.1,80.6
2015-11,100.27,95.93,109.8,82.07,103.65,157.79,134.72,125.77,124.93,149.7,84.79,2.929476,77.89783,10.97627,7.3,-3.0,7.12496,19.08843,29.20035,12.847,-13.2,112.66,119.21,133.17,111.79,118.95,107.05,95.2,5.9,92.6
2015-12,103.01,95.32,108.53,82.12,103.04,156.8,137.12,125.73,122.2,147.48,83.26,2.840009,77.70963,8.351341,2.4,-8.1,7.501603,19.02003,7.075634,13.5407,-14.2,114.53,118.59,129.26,111.99,117.36,109.39,93.6,-0.1,91.4
2016-01,102.19,95.27,102.0,88.53,101.86,149.22,144.88,126.63,123.77,142.82,85.8,2.975961,77.98746,9.12505,1.9,-9.4,24.62488,20.22788,23.04263,13.94417,-14.9,110.66,116.31,128.32,109.95,115.43,107.54,92.2,-4.3,83.4
2016-02,99.6,93.95,103.64,84.26,102.34,147.88,137.65,124.46,121.47,142.24,87.83,0.7902279,77.56064,7.210505,6.5,-10.5,10.48892,19.37068,9.021041,12.73203,-13.5,110.57,113.27,119.94,109.3,112.7,104.21,90.0,-10.0,81.5
2016-03,103.65,92.04,101.67,82.42,99.19,148.53,143.22,126.39,121.08,144.23,87.41,1.507578,77.55798,8.327499,6.9,-7.9,3.375207,19.32273,7.563025,18.4401,-11.3,112.01,115.14,124.18,109.24,113.8,105.3,90.1,-10.6,82.5
2016-04,103.93,91.98,102.53,81.42,95.5,140.32,135.05,120.4,117.62,137.23,85.84,0.7137187,77.15417,11.04374,7.7,-6.3,1.732332,16.14116,6.814326,14.19999,-12.6,106.11,111.55,120.95,107.57,111.62,102.75,91.3,-9.0,86.0
2016-05,96.76,90.94,98.31,83.56,97.25,143.49,134.49,121.3,120.88,139.42,85.92,0.4555249,77.32022,10.05749,4.1,-9.0,9.314855,14.46657,3.691916,17.24123,-12.4,108.92,113.98,125.03,108.0,112.03,103.56,91.5,-6.3,88.6
2016-06,95.96,92.08,100.85,83.31,94.73,139.75,132.65,119.05,117.64,137.17,84.75,0.8993587,77.28442,10.06397,6.3,-7.1,4.010445,16.09808,7.274821,16.98177,-13.4,109.9,114.13,123.84,108.63,112.27,102.77,91.6,-8.7,90.9
2016-07,99.36,93.25,101.28,85.22,96.97,144.76,131.71,121.33,118.54,139.56,87.53,3.848822,77.33015,12.86942,3.3,-5.6,10.98067,20.44647,12.42628,13.17397,-10.1,110.32,115.58,127.71,108.71,116.05,101.92,88.9,-10.2,86.6
2016-08,96.04,90.71,99.62,81.8,95.66,138.68,124.47,116.35,120.9,137.24,85.9,-0.8961793,75.9694,9.823132,9.0,-14.2,-2.752527,20.51146,1.204,16.88049,-10.8,105.09,111.81,124.67,105.67,112.29,101.81,94.7,1.9,89.0
2016-09,100.63,92.43,102.89,81.98,98.65,144.9,124.85,118.72,118.06,139.87,86.4,3.281906,77.63201,7.694008,3.3,-11.1,7.579801,24.24572,4.888148,16.61295,-11.3,107.2,114.92,129.51,108.06,117.56,103.24,94.8,2.9,89.4
2016-10,96.04,91.01,101.86,80.16,98.77,140.64,130.6,118.85,118.62,139.08,85.31,1.662737,77.45151,9.1711,4.6,-11.3,3.337127,20.88821,3.488297,24.02914,-9.8,108.17,114.06,126.51,107.52,114.57,101.01,95.3,1.6,91.4
2016-11,95.68,87.19,94.1,80.28,92.94,142.1,128.1,118.6,118.74,136.8,85.61,4.047678,77.48015,9.397962,-0.5,-7.1,25.00387,18.74303,8.944571,25.55807,-11.3,108.61,114.46,125.48,109.29,114.84,102.91,91.6,-4.9,90.0
2016-12,92.26,86.37,95.19,77.55,100.9,142.62,130.62,119.75,116.6,137.83,86.0,0.3197677,77.89631,12.99036,3.9,-9.7,9.581072,14.5593,22.20726,34.98235,-11.4,108.1,114.02,124.58,109.39,113.48,104.62,87.4,-14.0,83.7
2017-01,90.58,85.71,90.25,81.16,95.42,130.81,123.59,114.63,115.64,128.31,89.49,-3.133389,77.71685,10.35673,5.6,-15.2,6.079294,11.39983,19.64699,29.82468,-11.9,105.49,110.37,117.67,107.97,109.67,101.17,88.7,-11.4,78.6
2017-02,90.96,87.1,96.07,78.12,94.99,136.63,125.72,117.06,116.37,131.1,88.84,2.923137,78.05371,12.2486,-0.6,-7.9,2.01852,16.06941,15.99369,32.00985,-9.4,108.26,113.33,120.46,111.26,112.78,103.54,88.0,-12.0,83.3
2017-03,96.32,96.1,103.82,88.37,103.83,136.86,127.98,117.38,119.55,131.98,87.29,2.311751,77.99262,19.6703,-0.4,-7.3,7.805598,13.83525,14.5658,25.57159,-5.0,111.38,116.3,125.74,111.78,116.41,108.58,90.1,-6.8,87.1
2017-04,98.97,96.49,104.69,88.29,100.79,141.54,134.09,120.42,123.03,136.66,85.63,1.509136,78.61882,9.485959,5.0,-2.8,9.815159,12.32741,13.22,22.90907,-2.0,114.41,118.37,126.92,113.77,117.99,108.83,92.0,-3.8,86.2
2017-05,104.01,97.99,108.03,87.96,100.66,148.3,134.97,122.39,123.17,143.85,83.89,0.6990159,78.3649,9.457288,6.0,-1.8,12.02073,9.897048,20.33064,21.3055,-4.0,118.27,121.58,130.24,116.22,119.46,111.09,94.0,0.6,85.2
2017-06,104.56,98.06,107.56,88.57,99.55,145.0,132.8,120.69,121.23,140.77,84.27,4.459298,78.21079,10.88042,1.4,-0.9,18.48832,15.67789,18.26941,15.73891,-5.0,115.08,118.98,126.35,115.51,116.55,109.14,92.3,-2.7,85.5
2017-07,100.78,96.37,105.06,87.69,101.03,152.69,140.23,125.56,121.9,144.52,83.77,4.991086,78.32821,11.26211,0.9,0.4,6.253225,15.47326,15.88323,25.03152,-2.0,119.32,121.49,128.35,116.78,116.63,110.41,92.4,-4.3,85.2
2017-08,105.25,99.29,108.6,89.98,98.53,145.41,140.75,124.6,122.67,141.75,87.64,5.358614,78.46808,12.77487,2.4,-1.0,12.07584,19.47584,5.95739,26.06263,-1.7,120.4,122.93,129.91,118.49,118.58,110.13,93.0,-2.1,84.1
2017-09,99.4,94.61,102.9,86.32,96.55,145.54,143.38,124.11,122.71,143.54,83.4,7.263062,78.64601,17.02887,0.8,-0.5,17.431,23.08919,11.8568,24.63003,-2.5,121.43,122.38,127.47,118.24,117.63,112.13,92.0,-5.3,84.6
2017-10,99.81,94.59,102.71,86.48,99.04,139.49,141.85,123.08,122.31,139.13,87.91,7.30931,79.33021,16.00524,2.7,-1.2,21.17459,25.82793,20.37006,26.95732,-5.0,121.49,121.78,124.84,119.0,114.74,113.2,89.9,-9.6,81.0
2017-11,100.84,93.21,100.31,86.11,102.69,139.72,131.95,119.06,122.02,135.56,85.5,6.782432,79.32972,12.36307,1.3,-1.5,12.0502,23.14729,26.61604,26.56635,-3.6,118.29,119.95,125.1,116.45,113.77,111.63,87.6,-12.9,77.2
2017-12,99.24,91.49,99.3,83.68,100.97,141.14,130.85,119.85,123.44,136.8,87.55,2.811188,78.91887,13.59477,1.1,-2.2,16.66027,11.73356,19.1489,29.47988,-2.8,114.55,117.7,124.51,114.05,114.05,106.85,88.2,-12.5,79.0
2018-01,101.45,97.07,99.94,94.2,102.68,148.66,135.97,124.12,122.22,144.28,87.74,3.761174,78.88602,12.5335,1.1,-4.0,19.03584,16.38352,19.54892,28.14793,-4.9,120.04,120.16,123.67,116.77,113.82,109.5,92.7,-3.9,75.5
2018-02,99.68,94.2,101.93,86.48,101.07,139.5,137.74,122.78,119.82,136.99,91.08,4.951689,78.81864,12.36966,3.7,0.3,12.86989,18.25507,11.59332,24.54074,-1.4,115.68,118.38,126.83,112.62,114.87,107.88,93.4,-3.2,76.9
2018-03,94.65,89.02,92.99,85.05,97.33,142.18,131.15,121.1,119.2,136.07,89.97,3.318686,78.98801,10.70143,5.0,-3.0,9.554574,17.95606,12.19655,25.55575,-4.6,113.88,116.94,125.26,111.66,111.87,106.31,92.5,-4.9,77.0
2018-04,93.44,89.56,92.51,86.6,91.87,136.01,128.03,118.77,115.82,133.29,92.27,2.626528,77.69143,15.93454,5.0,-6.8,9.104166,19.67958,10.63502,29.86634,-5.5,112.22,114.52,121.55,109.79,111.73,104.97,91.7,-5.3,74.3
2018-05,89.55,88.98,93.64,84.33,96.3,132.5,127.06,116.27,114.91,128.61,89.26,5.0647,77.54327,10.56066,4.2,-1.1,8.306704,20.4941,7.503116,26.54514,-2.1,109.16,111.73,118.58,107.46,111.04,102.51,90.7,-9.2,76.4
2018-06,86.25,86.86,92.78,80.94,98.29,134.73,118.31,113.02,111.01,127.72,86.03,0.2667848,77.42027,9.402784,1.5,-7.8,3.257236,10.10035,7.720027,32.52636,-6.7,103.75,110.14,122.43,104.23,111.41,99.34,90.6,-7.9,81.0
2018-07,84.97,88.22,93.82,82.63,100.35,137.18,119.16,115.27,113.47,131.35,89.46,-0.8003294,76.78512,8.89766,5.3,-10.2,2.653901,13.09901,5.239375,31.94714,-6.9,106.66,110.64,120.85,104.41,111.95,100.89,92.1,-3.7,84.7
2018-08,80.11,79.97,86.54,73.4,93.64,119.27,117.18,108.9,108.71,118.35,90.24,-4.025063,77.41552,0.709897,5.5,-11.2,-0.1190002,4.624812,6.03906,38.46077,-6.3,101.91,105.89,114.97,100.8,107.93,98.09,88.2,-11.7,71.7
2018-09,62.11,67.4,69.21,65.59,93.53,105.93,105.92,103.76,102.65,109.42,99.44,-7.527066,75.8346,1.337241,1.3,-22.4,-17.7629,1.118801,-2.660505,38.342,-12.1,92.78,97.88,102.63,98.22,100.32,94.25,81.1,-25.4,73.1
2018-10,64.45,68.67,72.14,65.2,92.06,105.78,98.07,102.24,101.25,104.82,102.87,-11.94896,75.07964,-2.904203,4.3,-27.5,-12.5182,-4.046886,-11.03557,22.33679,-9.8,90.06,95.55,101.19,95.4,98.86,92.64,78.8,-27.2,74.7
2018-11,64.13,66.77,70.74,62.8,83.59,122.59,100.06,107.15,102.58,114.44,98.81,-7.04541,73.55546,2.031804,1.2,-25.6,-13.17417,5.66377,-11.48669,8.042827,-10.7,92.12,99.29,108.98,96.78,102.65,90.64,81.2,-22.6,79.3
2018-12,63.66,65.19,73.72,56.65,88.22,129.98,111.5,115.17,105.63,122.0,104.03,-6.447105,74.0628,-0.6649885,3.5,-22.0,-15.26589,6.158686,-9.291492,11.02783,-11.0,96.62,101.36,110.71,96.75,102.77,93.97,80.1,-24.0,77.7
2019-01,60.81,66.39,68.98,63.79,77.63,122.79,112.32,110.88,102.94,115.63,97.54,-7.251433,75.03557,2.003094,6.4,-26.5,-16.1588,11.1457,-12.54096,11.13739,-13.8,92.43,98.66,109.5,94.05,100.41,93.54,80.5,-23.5,78.3
2019-02,64.28,62.58,67.0,58.16,79.05,115.84,111.4,108.65,104.16,112.53,98.71,-7.431712,74.89406,2.398431,0.3,-31.0,-12.62067,9.004866,-0.9270505,13.8218,-13.8,95.32,99.2,107.18,95.1,101.87,93.88,79.2,-25.0,77.8
2019-03,70.09,63.31,67.69,58.94,78.82,113.17,114.9,108.98,105.29,112.5,98.88,-4.920735,75.45158,7.283872,1.6,-23.4,-3.821026,10.23779,-1.936622,17.41696,-8.9,98.53,102.43,111.86,96.89,104.73,93.1,81.3,-21.4,84.2
2019-04,65.62,64.29,70.4,58.18,81.8,120.05,114.48,109.4,107.78,117.57,93.68,-0.7917003,75.43565,3.261021,1.0,-18.5,-3.521918,17.1249,-0.4692301,20.43328,-8.9,100.12,103.9,113.09,98.49,104.0,96.12,83.6,-17.6,81.2
2019-05,63.94,60.73,65.7,55.76,80.91,121.2,111.99,109.37,105.62,115.22,94.92,-3.058868,76.03993,3.245595,0.8,-19.9,-10.95902,11.5234,3.29431,22.65853,-11.2,97.4,101.71,108.85,98.87,103.64,97.61,76.9,-29.9,76.7
2019-06,62.39,62.08,69.49,54.67,79.56,126.11,121.99,113.46,108.75,123.19,92.27,-2.93756,76.30293,2.960321,1.6,-17.2,7.809189,9.987319,9.200802,19.86989,-6.9,103.77,107.24,115.67,102.26,104.47,98.97,79.8,-26.1,80.0
2019-07,63.63,64.39,72.7,56.09,79.39,121.9,116.82,110.01,106.33,117.08,91.32,-7.379281,75.91385,2.657847,4.4,-26.6,-4.45562,8.862159,2.491921,17.95752,-20.0,102.04,105.31,112.54,101.35,103.3,99.15,78.3,-26.6,79.9
2019-08,67.27,67.7,76.39,59.01,86.19,126.57,120.78,112.7,112.21,127.76,90.74,-3.842671,76.1814,6.039896,3.6,-19.1,1.394421,11.17199,1.374573,14.95481,-15.0,106.13,109.45,117.8,104.43,108.38,100.04,79.1,-25.7,79.2
2019-09,74.41,72.63,83.5,61.76,89.36,135.12,123.95,116.95,113.04,131.87,91.77,-5.546665,75.87579,6.219218,5.2,-24.4,-9.600117,12.96,2.228644,11.95075,-13.3,107.05,109.36,116.48,104.55,108.67,98.77,77.7,-29.0,76.4
2019-10,81.88,77.43,89.05,65.8,91.96,140.15,130.88,121.65,115.17,136.23,93.92,-2.863169,76.09124,6.97164,1.5,-20.8,3.4869,13.71049,7.679749,15.07379,-12.3,108.93,111.24,117.67,107.11,109.37,99.92,78.5,-26.6,76.5
2019-11,81.71,75.37,88.88,61.86,92.58,138.67,130.01,120.08,117.72,134.6,91.57,-1.078836,76.67565,7.985429,1.2,-20.4,9.779243,18.36349,3.806044,17.5612,-8.0,109.37,110.48,116.18,105.88,109.44,102.1,81.3,-21.5,77.9
2019-12,89.35,80.51,95.1,65.92,94.08,140.18,134.93,123.44,117.2,137.14,95.2,0.9660243,76.85726,9.171718,1.6,-15.4,8.289367,19.89807,7.166535,17.22141,-8.7,111.6,113.38,120.65,107.89,110.34,102.72,80.7,-23.5,74.6
2020-01,92.76,89.5,97.03,81.97,101.11,141.99,135.29,124.78,119.28,140.13,97.07,0.006813738,76.12001,7.336611,2.9,-17.7,5.226399,20.62044,4.561499,20.4241,-15.6,113.23,113.73,119.79,108.17,112.57,106.89,81.4,-22.6,71.5
2020-02,98.02,85.01,92.26,77.76,101.7,138.76,133.39,121.97,121.97,137.47,93.78,0.3413759,76.82829,7.140131,5.7,-14.2,10.4144,20.92413,17.05134,26.81588,-9.1,114.77,115.64,122.95,109.19,113.6,107.35,79.6,-24.1,72.6
2020-03,95.35,87.55,96.6,78.49,96.47,135.88,132.23,120.7,117.16,137.98,94.0,-5.268074,76.42081,3.540257,3.3,-17.3,6.451524,4.79578,7.818568,18.90294,-18.8,110.66,111.08,115.17,107.42,110.71,105.51,81.1,-24.4,73.8
2020-04,52.24,50.85,50.16,51.54,63.0,49.62,80.39,78.16,84.32,52.24,104.47,-32.78907,62.0132,-16.1588,1.3,-51.5,-36.19896,-45.56721,-24.12608,-1.8361,-53.7,59.47,53.79,40.73,61.19,65.77,84.22,78.1,-25.2,72.5
2020-05,53.15,68.29,79.26,57.32,86.45,94.85,61.64,87.62,98.6,94.93,106.37,-23.06315,62.47744,-7.572327,0.8,-55.4,-56.80977,-12.98946,-49.8452,12.87139,-55.7,47.11,62.08,86.56,52.58,92.04,81.91,82.7,-18.2,72.4
2020-06,78.77,90.77,105.05,76.48,106.17,135.87,76.7,104.08,109.79,130.68,99.67,-6.360769,65.4396,-1.004538,-8.1,-48.7,-50.74722,21.51769,-52.58641,17.53167,-44.3,51.59,73.48,112.34,56.51,103.89,85.44,82.7,-14.5,76.0
2020-07,95.33,99.33,107.41,91.25,107.22,146.96,103.22,115.52,119.31,139.02,96.39,-0.7843488,70.33161,3.382142,-3.0,-33.6,-18.57791,28.24695,-19.39005,21.07203,-38.6,74.31,89.38,115.0,78.83,106.98,90.24,82.3,-17.8,75.1
2020-08,99.72,96.43,105.48,87.37,110.48,131.15,119.1,114.75,118.79,132.5,94.0,4.036791,72.9562,7.166159,-6.5,-22.0,14.85274,27.61037,10.47253,38.31565,-28.7,86.41,93.75,108.14,86.71,106.31,96.84,79.4,-20.5,72.7
2020-09,99.05,95.09,102.87,87.31,105.12,126.11,125.51,115.1,117.32,128.0,93.68,2.160079,74.0126,7.243444,-1.4,-16.8,19.47329,21.88024,19.4781,33.43026,-24.0,95.53,98.16,105.89,93.08,105.18,100.65,82.0,-16.7,72.8
2020-10,94.51,93.17,101.42,84.91,112.95,144.49,121.52,120.66,117.22,131.73,95.96,5.3197,75.0299,9.873,-3.0,-13.1,22.07629,26.0591,21.04731,32.97044,-16.6,95.21,100.69,113.08,93.78,109.48,100.88,81.9,-18.6,68.1
2020-11,96.68,90.08,100.6,79.55,112.47,133.42,132.9,122.04,115.86,131.68,99.78,1.72857,75.42848,9.37302,0.7,-11.6,20.02749,17.48571,20.31631,33.55593,-14.1,101.77,102.79,108.0,98.61,108.47,101.21,80.1,-21.3,62.4
2020-12,96.71,88.81,100.01,77.61,110.28,111.2,123.46,108.69,115.06,118.45,91.4,5.136574,75.36036,8.011972,-2.4,-9.1,18.2976,22.10972,14.08439,33.63671,-14.4,97.74,98.96,102.53,96.62,108.27,100.22,80.1,-17.1,65.3
2021-01,100.3,84.17,92.64,75.69,111.37,116.65,118.85,108.54,114.21,110.75,90.11,3.684726,75.92626,9.66518,-2.8,-12.0,13.91966,20.25418,17.25454,32.63928,-16.8,103.0,101.87,104.64,97.97,105.76,101.2,83.3,-11.8,65.9
2021-02,100.54,83.08,89.28,76.87,105.15,112.02,122.21,108.94,113.69,112.38,92.59,2.646482,75.75936,11.24381,-1.2,-10.9,11.61252,17.63944,11.05023,32.45344,-13.7,101.83,100.4,101.41,97.96,104.3,99.1,84.5,-8.3,72.6
2021-03,94.23,79.76,83.23,76.29,101.86,116.22,117.27,109.2,112.71,112.04,94.11,5.280188,75.7682,11.2713,-1.9,-8.6,6.942275,22.54057,11.50076,29.97941,-12.7,103.01,105.5,111.7,101.8,104.86,102.25,86.7,-5.9,72.8
2021-04,88.33,77.3,79.69,74.91,110.15,104.74,116.78,103.07,111.83,102.81,87.68,5.091486,76.19514,11.49085,-2.4,-7.8,9.061273,20.67446,15.1755,34.13078,-11.4,103.22,103.35,103.62,103.2,103.81,98.97,80.2,-17.1,62.5
2021-05,86.0,79.61,84.69,74.53,112.18,110.92,100.96,100.88,111.88,100.63,90.76,4.578502,75.24146,7.917537,-2.3,-11.0,10.09998,22.4355,11.35584,40.21399,-11.0,96.73,102.22,109.02,100.9,104.61,97.12,77.3,-21.2,64.8
2021-06,85.09,82.45,88.62,76.28,119.17,121.55,106.05,105.68,116.75,112.18,89.44,7.055869,76.28936,10.91121,1.0,-9.3,11.48401,31.46761,6.932907,37.85646,-10.6,102.15,108.51,119.64,103.73,107.85,100.54,81.7,-14.0,65.7
2021-07,86.81,86.31,93.87,78.76,121.29,129.56,112.41,109.64,119.84,114.86,86.95,6.506957,76.28086,14.00269,1.5,-8.1,16.81335,29.12087,16.16018,39.08588,-6.7,111.98,114.77,121.84,110.49,109.63,102.29,79.5,-16.8,62.7
2021-08,90.8,92.43,101.84,83.02,122.46,123.9,121.27,110.3,117.51,121.14,85.73,6.501094,76.87008,14.6835,1.8,-6.4,17.95921,27.70328,16.92853,35.01112,-4.9,116.02,116.12,119.28,113.07,108.93,101.57,78.2,-24.7,61.3
2021-09,96.15,91.76,100.47,83.06,120.48,130.13,125.9,115.57,123.58,127.77,90.69,9.344885,77.41629,16.32026,0.6,-1.6,20.37421,30.23466,18.51724,32.5568,-1.8,120.11,117.82,117.92,115.43,110.35,106.17,79.7,-20.7,62.1
2021-10,98.35,92.7,103.94,81.46,122.72,134.35,133.52,121.14,122.73,130.93,95.56,3.248355,77.57257,14.90491,6.2,-2.7,18.26844,18.64507,20.43613,42.42741,-3.2,124.7,120.28,117.04,119.09,110.94,106.4,76.8,-25.8,64.0
2021-11,100.89,93.63,105.49,81.78,127.93,135.55,130.42,121.93,127.49,129.97,99.82,6.378863,77.87257,14.37737,2.6,-0.9,20.85526,22.63659,20.07955,45.89148,-6.0,123.16,119.41,117.8,117.27,110.7,110.12,71.1,-31.8,56.6
2021-12,102.55,90.02,100.86,79.19,134.37,133.82,133.61,121.46,126.63,139.87,96.94,6.605603,78.33035,17.44942,1.0,-2.7,11.63271,23.51681,12.64606,50.97982,-5.4,121.2,118.8,118.14,117.07,111.76,108.27,68.9,-33.3,57.6
2022-01,102.19,85.51,90.18,80.84,128.57,122.49,142.74,124.44,119.16,119.82,108.08,5.68333,78.08588,17.03581,0.8,-3.9,20.11652,21.74999,10.69423,44.1142,-4.9,123.99,120.18,113.12,123.43,113.16,112.58,73.2,-25.5,67.6
2022-02,98.43,82.67,87.5,77.84,129.35,119.84,134.27,119.75,121.0,116.78,105.14,4.370527,77.481,14.96806,2.0,-7.0,13.67082,22.11158,8.190845,45.88168,-4.8,121.39,118.69,113.43,121.24,109.64,114.77,71.2,-28.3,67.4
2022-03,97.16,81.0,85.04,76.95,127.92,116.18,128.8,116.02,117.32,111.45,103.06,3.024837,78.26723,14.60848,4.2,-5.0,13.0073,18.27451,8.098744,49.05769,-6.4,115.02,111.34,105.32,113.68,107.32,110.99,72.5,-27.4,66.7
2022-04,95.95,83.45,86.18,80.72,126.95,121.53,131.69,119.39,116.55,109.85,104.95,3.318461,78.03215,12.39983,2.1,-7.1,6.359773,19.15538,8.359132,49.12024,-8.5,115.66,114.64,113.77,114.49,109.93,106.91,67.3,-32.7,62.7
2022-05,93.76,81.64,86.35,76.94,125.21,120.13,140.45,121.42,119.34,115.92,103.69,2.68578,77.97446,14.10194,5.0,-7.6,9.098937,20.65734,12.06764,48.1184,-6.6,122.35,121.66,120.86,121.75,115.49,108.93,67.6,-33.7,65.2
2022-06,96.93,83.04,84.72,81.35,126.57,109.51,140.23,118.66,118.53,110.39,106.25,-0.4807034,77.46786,15.2122,6.8,-8.2,3.913051,13.55789,6.190179,46.11688,-11.1,121.99,119.63,115.04,121.85,111.4,107.06,63.4,-38.4,56.8
2022-07,93.39,84.99,88.02,81.97,127.48,103.96,130.18,113.35,118.28,111.05,105.9,-3.183241,77.68007,11.52049,6.1,-14.2,4.513311,10.75028,6.765033,46.04578,-12.8,121.51,117.8,111.37,120.51,110.74,109.66,68.0,-29.1,64.2
2022-08,93.52,86.26,90.6,81.92,122.07,113.84,119.09,112.88,116.53,113.66,105.71,-2.119776,76.58837,10.85284,4.7,-13.8,-1.963102,12.14067,0.7322948,41.5765,-12.1,117.16,116.24,115.5,116.05,112.91,108.12,72.2,-27.2,67.5
2022-09,92.46,88.09,95.88,80.3,129.02,118.74,125.29,115.9,117.21,115.43,103.68,-5.884931,76.6743,9.460411,10.4,-20.6,-5.053179,13.34521,-0.02906819,41.94078,-19.8,118.38,118.18,121.0,115.14,115.91,113.98,72.4,-26.0,65.8
2022-10,98.89,90.53,98.61,82.45,125.71,127.32,129.22,119.39,119.48,125.87,101.62,-4.935456,76.42147,9.899798,9.2,-20.3,-0.6649261,14.69363,-4.832651,39.25326,-19.1,120.32,119.26,118.22,119.24,115.52,110.52,76.2,-22.1,65.3
2022-11,101.35,91.59,99.41,83.76,132.96,130.08,132.55,121.93,117.13,124.28,103.15,-3.264048,75.80185,10.98204,7.8,-18.4,-9.011108,16.40786,-4.722953,38.21413,-21.7,117.18,118.06,120.2,116.8,114.06,108.4,76.6,-19.5,62.4
2022-12,102.84,92.64,104.77,80.5,129.52,142.55,136.79,127.47,124.43,125.54,103.06,-4.123014,76.11003,10.01814,7.8,-18.3,-3.062258,13.73096,1.243138,40.12411,-21.9,118.95,120.11,123.08,118.29,114.94,112.05,75.6,-22.7,63.3
2023-01,106.04,93.16,100.2,86.11,130.27,131.57,144.68,126.16,123.53,127.66,102.22,-2.422775,75.72392,6.888455,4.7,-17.4,0.7129564,14.83167,2.875274,41.53506,-20.2,119.11,118.12,116.96,118.27,114.98,111.33,79.1,-17.3,67.4
2023-02,106.2,89.8,95.13,84.48,125.73,121.78,144.07,123.1,115.66,120.97,103.43,-2.396086,76.10432,10.29781,1.9,-14.5,2.881988,9.211741,5.473855,39.99136,-19.3,116.7,115.53,112.63,117.24,117.9,112.68,82.5,-14.2,68.4
2023-03,100.25,88.51,92.01,85.01,121.92,117.76,132.51,117.73,116.91,116.14,102.93,0.5875834,74.38266,4.932685,0.7,-12.9,0.6752415,15.36275,1.36859,34.9582,-22.9,115.02,116.78,120.56,114.77,118.21,109.39,80.1,-17.0,66.8
2023-04,100.5,88.38,91.95,84.8,121.37,121.57,127.63,116.16,117.96,115.63,99.29,1.846102,75.6028,12.0778,1.5,-13.6,-5.712014,20.6383,6.751212,42.01123,-18.1,114.87,118.05,122.35,116.93,121.08,107.72,87.5,-4.8,72.1
2023-05,101.62,92.16,97.03,87.29,125.09,125.15,127.92,116.65,116.07,118.5,96.88,3.139308,75.96401,8.839444,1.9,-13.9,1.612878,25.21793,4.985804,33.94477,-19.2,115.73,117.35,118.01,118.3,120.19,111.42,91.1,0.5,77.1
2023-06,100.28,88.91,94.67,83.15,125.01,127.69,127.15,117.74,121.72,121.39,98.4,-0.2477951,76.7258,13.13138,7.7,-14.4,9.727404,21.35662,15.1418,46.91067,-19.3,116.41,118.05,120.25,117.49,117.57,113.28,85.1,-7.3,70.4
2023-07,96.97,88.08,92.54,83.61,125.74,120.02,128.8,114.69,118.77,118.22,95.26,0.4607145,76.5575,9.316816,5.4,-13.9,8.241802,20.68214,13.15626,54.79439,-19.6,116.81,117.32,118.17,116.97,117.47,113.12,80.1,-17.8,63.7
2023-08,95.18,87.43,91.38,83.48,126.08,123.17,124.49,114.28,115.25,117.66,95.19,-2.208758,76.02705,9.377081,6.0,-13.9,14.62687,13.27373,13.52391,46.40577,-18.6,115.4,115.33,116.8,113.78,114.81,116.45,68.0,-36.9,55.0
2023-09,97.33,88.31,94.75,81.86,125.15,131.13,123.84,117.74,115.67,124.43,98.24,-2.495629,76.59164,13.91707,4.8,-16.7,9.978048,14.01311,12.23214,39.32631,-17.0,114.83,112.99,111.94,112.21,112.49,111.92,71.5,-32.0,57.7
2023-10,96.83,89.07,96.08,82.06,123.19,126.03,120.32,113.91,118.17,120.97,95.37,-1.306085,76.91586,12.36386,4.2,-13.6,3.441557,13.88174,10.40614,38.54353,-17.1,114.54,113.57,112.97,113.2,113.02,112.57,74.6,-27.1,60.0
2023-11,99.75,91.01,98.56,83.45,126.53,123.36,116.41,111.73,121.04,117.96,95.41,-1.371517,77.93499,14.91469,4.9,-16.4,-2.076257,17.18545,12.34015,35.39559,-17.0,109.95,110.91,114.82,107.95,114.39,111.0,75.5,-26.6,58.8
